slug,name,team,positions,archetype,image_url,player_url,team_logo_url,overall,height_in,weight_lb,agility,ballHandle,block,closeShot,defensiveConsistency,defensiveRebound,drawFoul,drivingDunk,drivingLayup,durability,freeThrow,hands,helpDefenseIQ,hustle,interiorDefense,midRangeShot,offensiveConsistency,offensiveRebound,passAccuracy,passIQ,passPerception,passVision,perimeterDefense,postControl,postFade,postHook,shotIQ,speed,speedWithBall,stamina,standingDunk,steal,strength,threePointShot,vertical
nikola-jokic,Nikola Jokic,Denver Nuggets,C,Triple-Double Threat,https://www.2kratings.com/wp-content/uploads/Nikola-Jokic-2K-Photo-1280x720.jpg,https://www.2kratings.com/nikola-jokic,https://www.2kratings.com/wp-content/uploads/Denver-Nuggets-Secondary-Logo.svg,97,83,284,62,76,61,99,80,97,98,75,94,81,83,90,83,80,83,98,98,73,93,98,82,99,61,98,95,94,85,63,60,97,75,56,96,85,63
shai-gilgeous-alexander,Shai Gilgeous-Alexander,Oklahoma City Thunder,PG|SG,2-Way Mid-Post Playmaker,https://www.2kratings.com/wp-content/uploads/Shai-Gilgeous-Alexander-2K-Photo-1280x720.jpg,https://www.2kratings.com/shai-gilgeous-alexander,https://www.2kratings.com/wp-content/uploads/Oklahoma-City-Thunder-Secondary-Logo.svg,97,78,195,86,96,62,97,85,54,98,75,98,84,88,98,89,90,69,99,98,34,97,98,95,85,86,86,90,76,80,88,87,98,40,70,66,82,85
victor-wembanyama,Victor Wembanyama,San Antonio Spurs,C|PF,Backline Post Pro,https://www.2kratings.com/wp-content/uploads/Victor-Wembanyama-2K-Photo-1280x720.jpg,https://www.2kratings.com/victor-wembanyama,https://www.2kratings.com/wp-content/uploads/San-Antonio-Spurs-Secondary-Logo.svg,97,88,235,69,76,99,92,98,98,97,85,86,84,83,98,97,98,97,84,98,73,72,84,84,65,80,87,89,89,95,66,64,97,95,59,70,80,72
luka-doncic,Luka Doncic,Los Angeles Lakers,PG|SG,Crafty Offensive Engine,https://www.2kratings.com/wp-content/uploads/Luka-Doncic-2K-Photo-1280x720.jpg,https://www.2kratings.com/luka-doncic,https://www.2kratings.com/wp-content/uploads/Los-Angeles-Lakers-Secondary-Logo.svg,96,80,230,77,95,53,98,45,82,98,75,97,84,78,98,60,98,58,94,98,36,95,95,57,95,59,87,85,85,88,84,83,90,65,66,72,92,79
jalen-brunson,Jalen Brunson,New York Knicks,PG,Crafty Offensive Engine,https://www.2kratings.com/wp-content/uploads/Jalen-Brunson-2K-Photo-1280x720.jpg,https://www.2kratings.com/jalen-brunson,https://www.2kratings.com/wp-content/uploads/New-York-Knicks-Secondary-Logo.svg,96,74,190,84,96,32,95,75,48,98,35,98,87,84,98,72,95,55,97,98,32,96,98,70,75,73,72,84,55,95,84,84,98,40,38,60,88,75
giannis-antetokounmpo,Giannis Antetokounmpo,Miami Heat,PF|C,2-Way Paint Slasher,https://www.2kratings.com/wp-content/uploads/Giannis-Antetokounmpo-2K-Photo-1280x720.jpg,https://www.2kratings.com/giannis-antetokounmpo,https://www.2kratings.com/wp-content/uploads/Miami-Heat-Secondary-Logo.svg,96,83,243,86,87,62,96,95,90,97,91,98,70,65,95,92,95,90,59,98,80,84,95,88,85,87,91,74,79,90,89,80,98,85,70,94,62,85
anthony-edwards,Anthony Edwards,Minnesota Timberwolves,SG|SF,2-Way Slashing Iso Sniper,https://www.2kratings.com/wp-content/uploads/Anthony-Edwards-2K-Photo-1280x720.jpg,https://www.2kratings.com/anthony-edwards,https://www.2kratings.com/wp-content/uploads/Minnesota-Timberwolves-Secondary-Logo.svg,95,76,225,90,92,61,96,85,60,95,97,97,91,80,98,84,90,59,89,98,34,79,80,84,65,85,84,84,70,85,94,90,97,50,56,67,92,97
cade-cunningham,Cade Cunningham,Detroit Pistons,PG|SG,2-Way 3-Level Playmaker,https://www.2kratings.com/wp-content/uploads/Cade-Cunningham-2K-Photo-1280x720.jpg,https://www.2kratings.com/cade-cunningham,https://www.2kratings.com/wp-content/uploads/Detroit-Pistons-Secondary-Logo.svg,94,78,220,84,90,65,94,80,63,95,75,94,85,81,98,82,95,63,97,98,38,92,95,76,94,83,85,84,70,80,83,83,94,40,63,67,86,80
jayson-tatum,Jayson Tatum,Boston Celtics,PF|SF,2-Way Bucket Chaser,https://www.2kratings.com/wp-content/uploads/Jayson-Tatum-2K-Photo-1280x720.jpg,https://www.2kratings.com/jayson-tatum,https://www.2kratings.com/wp-content/uploads/Boston-Celtics-Secondary-Logo.svg,93,80,210,88,86,37,90,85,89,88,89,95,68,82,98,89,98,81,91,95,34,78,84,84,72,85,88,86,79,90,82,79,95,50,63,71,88,83
donovan-mitchell,Donovan Mitchell,Cleveland Cavaliers,SG|PG,Inside-Out Combo Guard,https://www.2kratings.com/wp-content/uploads/Donovan-Mitchell-2K-Photo-1280x720.jpg,https://www.2kratings.com/donovan-mitchell,https://www.2kratings.com/wp-content/uploads/Cleveland-Cavaliers-Secondary-Logo.svg,93,74,215,90,93,45,98,75,56,90,92,97,85,86,98,79,95,68,89,95,36,84,84,79,73,75,44,77,37,70,95,91,96,50,66,60,88,97
stephen-curry,Stephen Curry,Golden State Warriors,PG|SG,Crafty Offensive Engine,https://www.2kratings.com/wp-content/uploads/Stephen-Curry-2K-Photo-1280x720.jpg,https://www.2kratings.com/stephen-curry,https://www.2kratings.com/wp-content/uploads/Golden-State-Warriors-Secondary-Logo.svg,93,74,185,84,97,51,98,65,53,78,36,95,70,93,98,70,85,30,94,98,32,89,90,68,74,69,35,52,35,75,83,83,98,25,49,48,99,73
kevin-durant,Kevin Durant,Houston Rockets,SF|SG,Bucket Chaser,https://www.2kratings.com/wp-content/uploads/Kevin-Durant-2K-Photo-1280x720.jpg,https://www.2kratings.com/kevin-durant,https://www.2kratings.com/wp-content/uploads/Houston-Rockets-Secondary-Logo.svg,93,83,240,78,92,62,98,75,62,85,85,96,82,88,98,75,90,70,97,95,33,78,88,75,70,77,86,89,74,80,78,77,94,60,38,63,92,77
karl-anthony-towns,Karl-Anthony Towns,New York Knicks,C|PF,Diming Post Popper,https://www.2kratings.com/wp-content/uploads/Karl-Anthony-Towns-2K-Photo-1280x720.jpg,https://www.2kratings.com/karl-anthony-towns,https://www.2kratings.com/wp-content/uploads/New-York-Knicks-Secondary-Logo.svg,93,84,248,76,65,57,93,65,93,80,75,82,84,86,98,79,90,71,78,85,76,75,79,55,70,50,89,92,92,98,76,66,98,85,42,90,82,70
kawhi-leonard,Kawhi Leonard,Toronto Raptors,SF|SG,2-Way Mid-Post Creator,https://www.2kratings.com/wp-content/uploads/Kawhi-Leonard-2K-Photo-1280x720.jpg,https://www.2kratings.com/kawhi-leonard,https://www.2kratings.com/wp-content/uploads/Toronto-Raptors-Secondary-Logo.svg,93,79,225,89,86,52,98,90,72,84,80,91,72,90,98,91,85,81,94,95,45,79,82,90,70,89,89,88,65,90,82,79,85,55,93,79,88,79
tyrese-maxey,Tyrese Maxey,Philadelphia 76ers,PG|SG,Athletic Iso Savant,https://www.2kratings.com/wp-content/uploads/Tyrese-Maxey-2K-Photo-1280x720.jpg,https://www.2kratings.com/tyrese-maxey,https://www.2kratings.com/wp-content/uploads/Philadelphia-76ers-Secondary-Logo.svg,92,74,200,90,92,60,84,65,52,89,70,96,90,90,98,69,98,54,87,98,29,80,87,68,74,79,47,60,45,80,96,96,98,25,73,44,88,80
joel-embiid,Joel Embiid,Philadelphia 76ers,C,2-Way 3-Level Bully,https://www.2kratings.com/wp-content/uploads/Joel-Embiid-2K-Photo-1280x720.jpg,https://www.2kratings.com/joel-embiid,https://www.2kratings.com/wp-content/uploads/Philadelphia-76ers-Secondary-Logo.svg,91,84,280,59,57,73,94,80,90,97,80,89,63,85,90,83,65,86,91,95,62,74,82,64,71,68,95,96,96,70,60,57,70,85,36,96,79,60
devin-booker,Devin Booker,Phoenix Suns,SG|PG,Crafty Offensive Engine,https://www.2kratings.com/wp-content/uploads/Devin-Booker-2K-Photo-1280x720.jpg,https://www.2kratings.com/devin-booker,https://www.2kratings.com/wp-content/uploads/Phoenix-Suns-Secondary-Logo.svg,91,77,206,80,92,45,96,65,52,87,75,95,83,87,98,74,95,58,94,95,36,80,80,74,75,75,84,79,74,85,83,83,95,30,40,64,86,79
jaylen-brown,Jaylen Brown,Philadelphia 76ers,SG|SF,2-Way Mid-Post Slasher,https://www.2kratings.com/wp-content/uploads/Jaylen-Brown-2K-Photo-1280x720.jpg,https://www.2kratings.com/jaylen-brown,https://www.2kratings.com/wp-content/uploads/Philadelphia-76ers-Secondary-Logo.svg,91,78,223,88,86,51,94,85,70,89,94,97,83,80,98,86,95,84,90,95,43,78,84,87,73,90,85,80,72,75,79,76,95,50,43,72,82,84
lebron-james,LeBron James,Philadelphia 76ers,PF|SF,Mid-Paint Playmaker,https://www.2kratings.com/wp-content/uploads/LeBron-James-2K-Photo-1280x720.jpg,https://www.2kratings.com/lebron-james,https://www.2kratings.com/wp-content/uploads/Philadelphia-76ers-Secondary-Logo.svg,91,81,250,84,84,57,94,60,69,80,85,97,74,74,98,70,70,74,83,80,38,90,97,70,81,74,84,88,82,95,87,85,88,80,46,89,76,89
tyrese-haliburton,Tyrese Haliburton,Indiana Pacers,PG|SG,Crafty Offensive Engine,https://www.2kratings.com/wp-content/uploads/Tyrese-Haliburton-2K-Photo-1280x720.jpg,https://www.2kratings.com/tyrese-haliburton,https://www.2kratings.com/wp-content/uploads/Indiana-Pacers-Secondary-Logo.svg,90,77,185,84,90,56,98,75,49,62,65,94,64,86,95,78,95,60,90,80,35,97,96,75,95,77,40,49,42,85,83,83,95,40,63,59,87,70
anthony-davis,Anthony Davis,Washington Wizards,PF|C,Bruising Backline Riser,https://www.2kratings.com/wp-content/uploads/Anthony-Davis-2K-Photo-1280x720.jpg,https://www.2kratings.com/anthony-davis,https://www.2kratings.com/wp-content/uploads/Washington-Wizards-Secondary-Logo.svg,90,82,253,78,75,82,91,90,87,87,85,81,65,73,85,90,85,90,80,85,74,60,72,88,60,80,85,89,85,70,79,67,87,90,53,92,70,86
jamal-murray,Jamal Murray,Denver Nuggets,PG|SG,Crafty Bucket Chaser,https://www.2kratings.com/wp-content/uploads/Jamal-Murray-2K-Photo-1280x720.jpg,https://www.2kratings.com/jamal-murray,https://www.2kratings.com/wp-content/uploads/Denver-Nuggets-Secondary-Logo.svg,89,76,215,80,89,50,89,70,55,75,82,90,85,89,84,74,85,35,90,90,32,84,85,70,76,77,74,46,38,90,80,79,95,30,40,54,88,80
austin-reaves,Austin Reaves,Los Angeles Lakers,SG|SF,Playmaking 3PT Creator,https://www.2kratings.com/wp-content/uploads/Austin-Reaves-2K-Photo-1280x720.jpg,https://www.2kratings.com/austin-reaves,https://www.2kratings.com/wp-content/uploads/Los-Angeles-Lakers-Secondary-Logo.svg,88,77,197,80,86,51,97,55,59,89,70,94,78,87,85,64,80,35,69,90,36,85,85,60,72,66,32,32,31,95,83,78,94,25,43,50,85,81
og-anunoby,OG Anunoby,New York Knicks,SF|PF,2-Way Posterizing Sniper,https://www.2kratings.com/wp-content/uploads/OG-Anunoby-2K-Photo-1280x720.jpg,https://www.2kratings.com/og-anunoby,https://www.2kratings.com/wp-content/uploads/New-York-Knicks-Secondary-Logo.svg,88,79,240,91,72,62,81,95,59,69,85,81,81,82,90,94,85,89,76,90,46,58,52,92,37,94,36,37,38,90,81,71,85,60,73,80,85,85
deni-avdija,Deni Avdija,Portland Trail Blazers,SF|SG,2-Way Mid-Paint Maestro,https://www.2kratings.com/wp-content/uploads/Deni-Avdija-2K-Photo-1280x720.jpg,https://www.2kratings.com/deni-avdija,https://www.2kratings.com/wp-content/uploads/Portland-Trail-Blazers-Secondary-Logo.svg,88,80,228,81,78,56,85,80,74,80,75,88,89,80,85,78,95,62,89,90,43,79,79,77,77,80,59,59,62,90,75,69,89,40,38,74,75,79
scottie-barnes,Scottie Barnes,Toronto Raptors,PF|PG,2-Way Mid-Post Maestro,https://www.2kratings.com/wp-content/uploads/Scottie-Barnes-2K-Photo-1280x720.jpg,https://www.2kratings.com/scottie-barnes,https://www.2kratings.com/wp-content/uploads/Toronto-Raptors-Secondary-Logo.svg,88,80,237,82,79,81,97,95,73,86,80,89,94,81,95,91,95,90,87,90,57,82,88,90,80,91,87,72,70,70,82,77,88,80,63,78,77,92
jalen-johnson,Jalen Johnson,Atlanta Hawks,PF|SF,High-Post Playmaker,https://www.2kratings.com/wp-content/uploads/Jalen-Johnson-2K-Photo-1280x720.jpg,https://www.2kratings.com/jalen-johnson,https://www.2kratings.com/wp-content/uploads/Atlanta-Hawks-Secondary-Logo.svg,87,80,219,76,79,51,83,50,89,90,96,90,86,78,80,60,80,66,88,95,46,83,86,57,77,66,84,84,82,80,76,74,85,75,49,68,80,82
evan-mobley,Evan Mobley,Cleveland Cavaliers,PF|C,Backline Post Pro,https://www.2kratings.com/wp-content/uploads/Evan-Mobley-2K-Photo-1280x720.jpg,https://www.2kratings.com/evan-mobley,https://www.2kratings.com/wp-content/uploads/Cleveland-Cavaliers-Secondary-Logo.svg,87,83,215,79,60,85,88,90,82,70,85,76,88,63,85,95,90,93,77,75,65,69,74,85,64,82,84,83,83,70,72,66,90,85,40,74,75,81
kyrie-irving,Kyrie Irving,Dallas Mavericks,PG|SG,Iso Savant,https://www.2kratings.com/wp-content/uploads/Kyrie-Irving-2K-Photo-1280x720.jpg,https://www.2kratings.com/kyrie-irving,https://www.2kratings.com/wp-content/uploads/Dallas-Mavericks-Secondary-Logo.svg,87,74,195,85,99,51,91,55,51,75,30,97,53,92,96,67,87,32,98,95,43,80,80,75,70,67,54,82,35,65,83,83,89,25,53,37,86,81
cooper-flagg,Cooper Flagg,Dallas Mavericks,SF|PG,2-Way Mid-Paint Bully,https://www.2kratings.com/wp-content/uploads/Cooper-Flagg-2K-Photo-1280x720.jpg,https://www.2kratings.com/cooper-flagg,https://www.2kratings.com/wp-content/uploads/Dallas-Mavericks-Secondary-Logo.svg,87,81,205,85,76,63,89,80,67,84,80,91,91,82,90,82,90,81,87,95,44,70,70,75,70,83,70,74,70,80,83,75,90,65,49,70,71,77
alperen-sengun,Alperen Sengun,Houston Rockets,C|PF,Post Bully Facilitator,https://www.2kratings.com/wp-content/uploads/Alperen-Sengun-2K-Photo-1280x720.jpg,https://www.2kratings.com/alperen-sengun,https://www.2kratings.com/wp-content/uploads/Houston-Rockets-Secondary-Logo.svg,87,83,243,64,62,70,94,65,74,75,80,82,91,69,95,69,90,72,72,90,69,79,84,85,74,63,96,95,94,85,52,48,88,70,56,90,74,69
pascal-siakam,Pascal Siakam,Indiana Pacers,PF|C,2-Way Post Creator,https://www.2kratings.com/wp-content/uploads/Pascal-Siakam-2K-Photo-1280x720.jpg,https://www.2kratings.com/pascal-siakam,https://www.2kratings.com/wp-content/uploads/Indiana-Pacers-Secondary-Logo.svg,87,80,245,78,79,50,97,80,69,78,80,92,84,69,90,86,80,85,75,85,47,72,79,82,69,79,91,89,89,75,76,69,95,80,46,70,80,79
bam-adebayo,Bam Adebayo,Miami Heat,C|PF,2-Way Post Bully,https://www.2kratings.com/wp-content/uploads/Bam-Adebayo-2K-Photo-1280x720.jpg,https://www.2kratings.com/bam-adebayo,https://www.2kratings.com/wp-content/uploads/Miami-Heat-Secondary-Logo.svg,87,81,260,84,69,57,87,95,87,60,80,83,86,78,90,94,90,95,79,95,57,72,74,80,53,88,88,82,80,70,74,66,92,85,49,89,77,83
paolo-banchero,Paolo Banchero,Orlando Magic,PF|SF,Mid-Paint Glass Cleaner,https://www.2kratings.com/wp-content/uploads/Paolo-Banchero-2K-Photo-1280x720.jpg,https://www.2kratings.com/paolo-banchero,https://www.2kratings.com/wp-content/uploads/Orlando-Magic-Secondary-Logo.svg,87,82,250,80,76,55,88,45,83,96,85,90,90,78,95,64,85,68,82,95,43,74,84,67,71,66,90,80,80,60,80,74,90,75,36,77,78,83
stephon-castle,Stephon Castle,San Antonio Spurs,SG|PG,2-Way Diming Finisher,https://www.2kratings.com/wp-content/uploads/Stephon-Castle-2K-Photo-1280x720.jpg,https://www.2kratings.com/stephon-castle,https://www.2kratings.com/wp-content/uploads/San-Antonio-Spurs-Secondary-Logo.svg,87,78,215,93,83,47,91,90,58,84,88,92,89,73,85,90,90,84,77,95,51,84,85,88,79,90,66,66,59,85,82,80,90,40,53,70,79,72
trae-young,Trae Young,Washington Wizards,PG,Crafty Offensive Engine,https://www.2kratings.com/wp-content/uploads/Trae-Young-2K-Photo-1280x720.jpg,https://www.2kratings.com/trae-young,https://www.2kratings.com/wp-content/uploads/Washington-Wizards-Secondary-Logo.svg,87,74,164,84,95,32,94,30,43,94,30,94,64,83,80,58,75,31,92,95,29,92,92,70,92,55,34,60,28,70,84,84,95,25,49,50,85,78
james-harden,James Harden,Cleveland Cavaliers,PG|SG,Iso-Scoring Bully,https://www.2kratings.com/wp-content/uploads/James-Harden-2K-Photo-1280x720.jpg,https://www.2kratings.com/james-harden,https://www.2kratings.com/wp-content/uploads/Cleveland-Cavaliers-Secondary-Logo.svg,87,77,220,85,95,51,88,65,60,94,75,93,82,88,90,63,60,62,84,95,34,78,94,82,83,70,69,74,60,55,82,82,98,35,46,71,88,87
amen-thompson,Amen Thompson,Houston Rockets,SG|PG,2-Way High-Flying Slasher,https://www.2kratings.com/wp-content/uploads/Amen-Thompson-2K-Photo-1280x720.jpg,https://www.2kratings.com/amen-thompson,https://www.2kratings.com/wp-content/uploads/Houston-Rockets-Secondary-Logo.svg,86,79,200,93,86,55,89,95,61,44,96,85,95,78,95,92,85,78,66,60,67,80,80,90,70,93,44,48,44,65,96,93,95,60,59,70,56,99
chet-holmgren,Chet Holmgren,Oklahoma City Thunder,PF|C,Backline Middy Scooper,https://www.2kratings.com/wp-content/uploads/Chet-Holmgren-2K-Photo-1280x720.jpg,https://www.2kratings.com/chet-holmgren,https://www.2kratings.com/wp-content/uploads/Oklahoma-City-Thunder-Secondary-Logo.svg,86,85,208,75,65,89,92,90,86,85,75,86,87,80,95,92,90,95,87,80,61,60,59,78,36,75,79,79,79,70,75,67,87,75,67,45,79,75
damian-lillard,Damian Lillard,Portland Trail Blazers,PG,3-Level Posterizer,https://www.2kratings.com/wp-content/uploads/Damian-Lillard-2K-Photo-1280x720.jpg,https://www.2kratings.com/damian-lillard,https://www.2kratings.com/wp-content/uploads/Portland-Trail-Blazers-Secondary-Logo.svg,86,74,200,87,89,37,82,60,54,62,85,86,54,93,98,72,95,31,95,90,33,84,84,77,75,69,42,38,30,55,83,83,97,25,46,63,93,89
lauri-markkanen,Lauri Markkanen,Utah Jazz,SF|PF,Post Bully Sniper,https://www.2kratings.com/wp-content/uploads/Lauri-Markkanen-2K-Photo-1280x720.jpg,https://www.2kratings.com/lauri-markkanen,https://www.2kratings.com/wp-content/uploads/Utah-Jazz-2K-Roster-Secondary-Logo.svg,86,85,240,65,65,52,96,65,66,85,80,80,73,90,95,66,85,66,72,90,55,67,75,64,39,65,86,84,84,90,63,42,85,80,41,70,87,62
jaren-jackson-jr,Jaren Jackson Jr.,Utah Jazz,PF|C,2-Way Post-Up Stretch,https://www.2kratings.com/wp-content/uploads/Jaren-Jackson-Jr.-2K-Photo-1280x720.jpg,https://www.2kratings.com/jaren-jackson-jr,https://www.2kratings.com/wp-content/uploads/Utah-Jazz-2K-Roster-Secondary-Logo.svg,86,82,242,80,60,83,97,95,67,70,80,79,76,80,80,95,80,92,57,75,40,45,50,71,38,80,88,85,85,75,63,33,90,85,42,82,80,75
lamelo-ball,LaMelo Ball,Minnesota Timberwolves,PG|SG,PlayShot Point,https://www.2kratings.com/wp-content/uploads/LaMelo-Ball-2K-Photo-1280x720.jpg,https://www.2kratings.com/lamelo-ball,https://www.2kratings.com/wp-content/uploads/Minnesota-Timberwolves-Secondary-Logo.svg,86,79,180,84,95,42,83,75,65,70,75,81,82,89,98,79,89,45,76,90,42,93,93,89,90,70,52,58,52,75,84,84,93,45,63,50,87,79
michael-porter-jr,Michael Porter Jr.,Brooklyn Nets,SF|PF,Sniping Layup Bully,https://www.2kratings.com/wp-content/uploads/Michael-Porter-Jr.-2K-Photo-1280x720.jpg,https://www.2kratings.com/michael-porter-jr,https://www.2kratings.com/wp-content/uploads/Brooklyn-Nets-Secondary-Logo.svg,85,82,218,81,78,42,89,40,80,55,80,92,78,86,80,60,80,60,79,90,47,65,62,68,66,64,68,74,50,70,80,77,88,60,46,70,87,88
brandon-miller,Brandon Miller,Charlotte Hornets,SG|SF,Bouncy Iso Sniper,https://www.2kratings.com/wp-content/uploads/Brandon-Miller-2K-Photo-1280x720.jpg,https://www.2kratings.com/brandon-miller,https://www.2kratings.com/wp-content/uploads/Charlotte-Hornets-Secondary-Logo.svg,85,79,200,82,86,62,84,65,62,83,87,80,84,89,80,67,80,50,77,95,44,75,75,68,67,73,47,64,40,85,78,78,95,55,46,60,85,85
jarrett-allen,Jarrett Allen,Cleveland Cavaliers,C,2-Way Paint Master,https://www.2kratings.com/wp-content/uploads/Jarrett-Allen-2K-Photo-1280x720.jpg,https://www.2kratings.com/jarrett-allen,https://www.2kratings.com/wp-content/uploads/Cleveland-Cavaliers-Secondary-Logo.svg,85,81,243,72,35,70,97,85,84,80,85,84,80,71,95,88,90,88,80,90,72,25,48,67,40,72,84,63,83,80,75,35,90,90,49,84,63,79
jalen-duren,Jalen Duren,Detroit Pistons,C,Board-Enforcing Paint Bully,https://www.2kratings.com/wp-content/uploads/Jalen-Duren-2K-Photo-1280x720.jpg,https://www.2kratings.com/jalen-duren,https://www.2kratings.com/wp-content/uploads/Detroit-Pistons-Secondary-Logo.svg,85,82,250,68,59,70,96,85,94,47,90,84,89,70,70,89,80,89,70,60,90,59,50,88,41,62,94,62,85,70,73,59,89,80,42,96,35,84
ausar-thompson,Ausar Thompson,Detroit Pistons,SF|PF,2-Way High-Flying Slasher,https://www.2kratings.com/wp-content/uploads/Ausar-Thompson-2K-Photo-1280x720.jpg,https://www.2kratings.com/ausar-thompson,https://www.2kratings.com/wp-content/uploads/Detroit-Pistons-Secondary-Logo.svg,85,79,205,96,78,73,88,95,65,43,91,82,86,57,80,97,95,89,57,25,67,70,70,97,62,97,45,46,45,30,94,86,95,60,98,76,70,98
jimmy-butler,Jimmy Butler,Golden State Warriors,SF|PF,2-Way Mid-Paint Playmaker,https://www.2kratings.com/wp-content/uploads/Jimmy-Butler-2K-Photo-1280x720.jpg,https://www.2kratings.com/jimmy-butler,https://www.2kratings.com/wp-content/uploads/Golden-State-Warriors-Secondary-Logo.svg,85,78,230,92,86,40,90,85,53,87,75,87,67,86,98,89,98,80,90,80,65,85,89,88,72,86,80,80,80,40,82,79,97,40,66,76,76,82
jaden-mcdaniels,Jaden McDaniels,Minnesota Timberwolves,SF|PF,2-Way 3-Level Scorer,https://www.2kratings.com/wp-content/uploads/Jaden-McDaniels-2K-Photo-1280x720.jpg,https://www.2kratings.com/jaden-mcdaniels,https://www.2kratings.com/wp-content/uploads/Minnesota-Timberwolves-Secondary-Logo.svg,85,81,185,91,78,67,94,90,51,67,75,85,91,84,85,90,85,87,89,75,42,44,40,90,46,91,54,56,52,70,79,70,85,40,49,68,85,80
zion-williamson,Zion Williamson,New Orleans Pelicans,PF|PG,Paint Bully,https://www.2kratings.com/wp-content/uploads/Zion-Williamson-2K-Photo-1280x720.jpg,https://www.2kratings.com/zion-williamson,https://www.2kratings.com/wp-content/uploads/New-Orleans-Pelicans-Secondary-Logo.svg,85,78,284,81,78,56,83,40,59,85,93,86,76,72,95,64,95,59,79,85,61,65,72,70,66,55,85,80,90,70,84,74,83,85,46,92,67,97
trey-murphy,Trey Murphy III,New Orleans Pelicans,SG|SF,Bulldozing Bomber,https://www.2kratings.com/wp-content/uploads/Trey-Murphy-2K-Photo-1280x720.jpg,https://www.2kratings.com/trey-murphy,https://www.2kratings.com/wp-content/uploads/New-Orleans-Pelicans-Secondary-Logo.svg,85,80,206,76,64,50,84,65,62,82,88,81,88,89,80,69,85,69,74,90,39,59,64,59,63,69,43,44,42,95,84,74,85,65,59,70,85,82
jalen-williams,Jalen Williams,Oklahoma City Thunder,C|PF,2-Way Playmaking Glider,https://www.2kratings.com/wp-content/uploads/Jalen-Williams-2K-Photo-1280x720.jpg,https://www.2kratings.com/jalen-williams,https://www.2kratings.com/wp-content/uploads/Oklahoma-City-Thunder-Secondary-Logo.svg,85,77,240,92,86,50,87,90,61,54,80,86,78,83,87,88,90,85,79,70,41,78,78,90,74,88,66,67,67,60,86,83,90,25,66,73,77,83
franz-wagner,Franz Wagner,Orlando Magic,SF|PF,Mid-Paint Playmaker,https://www.2kratings.com/wp-content/uploads/Franz-Wagner-2K-Photo-1280x720.jpg,https://www.2kratings.com/franz-wagner,https://www.2kratings.com/wp-content/uploads/Orlando-Magic-Secondary-Logo.svg,85,82,220,73,85,50,85,70,64,95,80,92,78,83,95,74,85,56,90,90,48,80,84,73,65,73,59,59,57,70,70,68,85,55,49,73,78,75
domantas-sabonis,Domantas Sabonis,Sacramento Kings,C,High-Post Facilitator,https://www.2kratings.com/wp-content/uploads/Domantas-Sabonis-2K-Photo-1280x720.jpg,https://www.2kratings.com/domantas-sabonis,https://www.2kratings.com/wp-content/uploads/Sacramento-Kings-Secondary-Logo.svg,85,82,240,49,60,40,91,60,93,70,75,80,68,73,98,69,90,70,86,90,75,82,85,45,70,49,91,93,93,85,48,43,95,75,49,82,70,54
dylan-harper,Dylan Harper,San Antonio Spurs,PG|SG,Off-the-Bounce Killer,https://www.2kratings.com/wp-content/uploads/Dylan-Harper-2K-Photo-1280x720.jpg,https://www.2kratings.com/dylan-harper,https://www.2kratings.com/wp-content/uploads/San-Antonio-Spurs-Secondary-Logo.svg,85,77,215,89,90,52,93,65,55,79,86,93,85,74,95,70,85,52,93,90,43,75,78,68,72,70,45,48,34,90,88,86,90,30,69,61,79,83
tyler-herro,Tyler Herro,Milwaukee Bucks,SG|PG,Crafty Offensive Engine,https://www.2kratings.com/wp-content/uploads/Tyler-Herro-2K-Photo-1280x720.jpg,https://www.2kratings.com/tyler-herro,https://www.2kratings.com/wp-content/uploads/Milwaukee-Bucks-Secondary-Logo.svg,85,77,205,78,85,51,98,50,60,82,60,93,78,92,95,65,70,46,90,95,32,79,84,60,67,69,40,42,37,70,79,74,85,30,38,59,85,72
kon-knueppel,Kon Knueppel,Charlotte Hornets,SF|SG,Crafty Diming Sniper,https://www.2kratings.com/wp-content/uploads/Kon-Knueppel-2K-Photo-1280x720.jpg,https://www.2kratings.com/kon-knueppel,https://www.2kratings.com/wp-content/uploads/Charlotte-Hornets-Secondary-Logo.svg,84,78,215,70,76,42,97,65,62,44,55,84,96,87,90,67,95,48,72,95,46,75,75,67,64,70,40,40,40,85,65,64,89,40,38,62,94,78
josh-giddey,Josh Giddey,Chicago Bulls,PG|SG,Grab & Go Playmaker,https://www.2kratings.com/wp-content/uploads/Josh-Giddey-2K-Photo-1280x720.jpg,https://www.2kratings.com/josh-giddey,https://www.2kratings.com/wp-content/uploads/Chicago-Bulls-Secondary-Logo.svg,84,80,216,79,86,53,92,45,83,89,65,94,85,76,90,57,90,50,38,85,46,90,92,54,88,62,55,58,55,85,79,79,88,45,43,60,79,74
rudy-gobert,Rudy Gobert,Minnesota Timberwolves,C,Rising Board Enforcer,https://www.2kratings.com/wp-content/uploads/Rudy-Gobert-2K-Photo-1280x720.jpg,https://www.2kratings.com/rudy-gobert,https://www.2kratings.com/wp-content/uploads/Minnesota-Timberwolves-Secondary-Logo.svg,84,85,258,65,35,82,80,95,87,70,75,57,83,53,85,95,95,96,54,40,90,68,58,74,33,64,65,58,65,75,48,25,90,85,40,87,29,57
mikal-bridges,Mikal Bridges,New York Knicks,SG|SF,2-Way PlayShot Bully,https://www.2kratings.com/wp-content/uploads/Mikal-Bridges-2K-Photo-1280x720.jpg,https://www.2kratings.com/mikal-bridges,https://www.2kratings.com/wp-content/uploads/New-York-Knicks-Secondary-Logo.svg,84,78,209,87,82,63,92,85,49,60,75,79,91,83,80,82,95,69,89,75,41,78,88,86,62,88,57,57,55,75,80,72,92,40,70,68,83,85
desmond-bane,Desmond Bane,Orlando Magic,SG|SF,2-Way Crafty Sniper,https://www.2kratings.com/wp-content/uploads/Desmond-Bane-2K-Photo-1280x720.jpg,https://www.2kratings.com/desmond-bane,https://www.2kratings.com/wp-content/uploads/Orlando-Magic-Secondary-Logo.svg,84,78,215,80,80,51,93,70,49,43,75,89,87,92,84,78,85,59,83,95,44,74,74,78,68,79,56,61,49,70,74,70,92,35,42,56,87,78
deaaron-fox,De’Aaron Fox,San Antonio Spurs,PG|SG,2-Way Mid-Paint Creator,https://www.2kratings.com/wp-content/uploads/DeAaron-Fox-2K-Photo-1280x720.jpg,https://www.2kratings.com/deaaron-fox,https://www.2kratings.com/wp-content/uploads/San-Antonio-Spurs-Secondary-Logo.svg,84,75,185,93,87,42,98,80,52,50,80,95,83,76,90,82,90,34,90,90,35,85,85,82,74,84,27,60,25,65,97,97,96,25,56,46,78,84
keyonte-george,Keyonte George,Utah Jazz,PG|SG,Crafty Iso Sniper,https://www.2kratings.com/wp-content/uploads/Keyonte-George-2K-Photo-1280x720.jpg,https://www.2kratings.com/keyonte-george,https://www.2kratings.com/wp-content/uploads/Utah-Jazz-2K-Roster-Secondary-Logo.svg,84,76,185,78,86,45,94,50,52,86,65,90,84,89,90,57,85,34,83,95,32,85,85,58,74,65,48,49,47,85,79,78,84,40,43,55,83,72
ivica-zubac,Ivica Zubac,Indiana Pacers,C,2-Way Post Bully,https://www.2kratings.com/wp-content/uploads/Ivica-Zubac-2K-Photo-1280x720.jpg,https://www.2kratings.com/ivica-zubac,https://www.2kratings.com/wp-content/uploads/Indiana-Pacers-Secondary-Logo.svg,84,84,240,63,35,67,97,95,88,55,80,83,76,71,80,90,85,88,76,75,85,70,47,67,44,63,91,78,97,65,43,30,80,85,33,90,26,75
darius-garland,Darius Garland,Los Angeles Clippers,PG|SG,Athletic Shot Hunter,https://www.2kratings.com/wp-content/uploads/Darius-Garland-2K-Photo-1280x720.jpg,https://www.2kratings.com/darius-garland,https://www.2kratings.com/wp-content/uploads/Los-Angeles-Clippers-Primary-Logo.svg,84,73,192,88,94,37,92,50,42,50,40,85,81,85,85,69,90,31,90,90,33,85,85,66,80,71,42,37,32,85,88,88,95,25,43,40,86,84
norman-powell,Norman Powell,Chicago Bulls,SG|SF,2-Way Crafty Sniper,https://www.2kratings.com/wp-content/uploads/Norman-Powell-2K-Photo-1280x720.jpg,https://www.2kratings.com/norman-powell,https://www.2kratings.com/wp-content/uploads/Chicago-Bulls-Secondary-Logo.svg,84,76,215,80,79,45,97,75,52,65,80,88,76,83,88,77,90,50,75,95,31,74,75,74,49,79,28,32,30,80,79,77,92,25,53,60,84,80
brandon-ingram,Brandon Ingram,Los Angeles Clippers,SF|PF,Iso-Scoring Post Pro,https://www.2kratings.com/wp-content/uploads/Brandon-Ingram-2K-Photo-1280x720.jpg,https://www.2kratings.com/brandon-ingram,https://www.2kratings.com/wp-content/uploads/Los-Angeles-Clippers-Primary-Logo.svg,84,80,190,74,85,61,88,40,66,74,80,90,80,82,98,58,80,54,96,95,38,75,75,68,64,69,86,86,64,70,74,70,95,65,38,42,82,77
ja-morant,Ja Morant,Portland Trail Blazers,PG|SG,Versatile Slasher,https://www.2kratings.com/wp-content/uploads/Ja-Morant-2K-Photo-1280x720.jpg,https://www.2kratings.com/ja-morant,https://www.2kratings.com/wp-content/uploads/Portland-Trail-Blazers-Secondary-Logo.svg,84,74,174,95,92,40,81,75,51,90,96,89,62,90,98,79,75,49,79,85,32,87,85,78,89,72,54,54,54,50,95,95,97,25,49,52,70,97
nickeil-alexander-walker,Nickeil Alexander-Walker,Atlanta Hawks,SG|PG,2-Way Sniping Layup Bully,https://www.2kratings.com/wp-content/uploads/Nickeil-Alexander-Walker-2K-Photo-1280x720.jpg,https://www.2kratings.com/nickeil-alexander-walker,https://www.2kratings.com/wp-content/uploads/Atlanta-Hawks-Secondary-Logo.svg,83,77,205,87,81,55,78,80,48,67,60,85,88,90,88,82,75,52,79,85,36,75,76,80,62,84,64,58,54,85,72,72,90,40,56,67,87,70
derrick-white,Derrick White,Boston Celtics,PG|SG,2-Way Middy Playmaker,https://www.2kratings.com/wp-content/uploads/Derrick-White-2K-Photo-1280x720.jpg,https://www.2kratings.com/derrick-white,https://www.2kratings.com/wp-content/uploads/Boston-Celtics-Secondary-Logo.svg,83,76,190,93,86,80,82,95,51,67,55,86,84,90,90,95,95,58,85,75,43,88,82,84,71,95,35,51,35,70,88,87,85,40,49,46,81,75
aaron-gordon,Aaron Gordon,Denver Nuggets,PF|C,2-Way Stretch Slammer,https://www.2kratings.com/wp-content/uploads/Aaron-Gordon-2K-Photo-1280x720.jpg,https://www.2kratings.com/aaron-gordon,https://www.2kratings.com/wp-content/uploads/Denver-Nuggets-Secondary-Logo.svg,83,80,235,84,62,47,75,80,67,85,94,79,68,76,95,84,95,80,74,70,55,65,60,82,49,84,74,60,58,75,71,66,95,85,38,79,82,92
vj-edgecombe,V.J. Edgecombe,Philadelphia 76ers,SG|PG,Middy Slasher,https://www.2kratings.com/wp-content/uploads/VJ-Edgecombe-2K-Photo-1280x720.jpg,https://www.2kratings.com/vj-edgecombe,https://www.2kratings.com/wp-content/uploads/Philadelphia-76ers-Secondary-Logo.svg,83,76,180,91,86,53,81,75,56,74,89,85,93,83,85,77,85,53,86,85,50,75,80,75,64,77,40,53,41,75,89,85,85,35,59,57,82,88
alexandre-sarr,Alexandre Sarr,Washington Wizards,C|PF,Shot-Erasing Slasher,https://www.2kratings.com/wp-content/uploads/Alexandre-Sarr-2K-Photo-1280x720.jpg,https://www.2kratings.com/alexandre-sarr,https://www.2kratings.com/wp-content/uploads/Washington-Wizards-Secondary-Logo.svg,83,84,205,72,73,96,84,80,77,78,85,80,78,69,80,80,85,78,71,80,66,65,66,82,62,72,64,62,60,80,73,66,80,90,41,70,76,77
cj-mccollum,C.J. McCollum,Atlanta Hawks,PG|SG,Perimeter Shot Hunter,https://www.2kratings.com/wp-content/uploads/CJ-McCollum-2K-Photo-1280x720.jpg,https://www.2kratings.com/cj-mccollum,https://www.2kratings.com/wp-content/uploads/Atlanta-Hawks-Secondary-Logo.svg,83,75,190,84,86,52,96,65,47,52,40,82,82,77,91,70,95,35,88,95,39,72,79,50,69,70,32,46,38,75,82,82,98,30,41,60,85,80
julius-randle,Julius Randle,Brooklyn Nets,PF|C,Post Bully,https://www.2kratings.com/wp-content/uploads/Julius-Randle-2K-Photo-1-1280x720.jpg,https://www.2kratings.com/julius-randle,https://www.2kratings.com/wp-content/uploads/Brooklyn-Nets-Secondary-Logo.svg,83,81,250,76,80,40,91,75,67,82,80,91,84,76,85,73,90,77,79,80,52,70,75,52,67,73,86,79,86,70,73,68,95,85,46,87,76,69
demar-derozan,DeMar DeRozan,Denver Nuggets,SF|SG,Mid-Post Bully,https://www.2kratings.com/wp-content/uploads/DeMar-DeRozan-2K-Photo-1280x720.jpg,https://www.2kratings.com/demar-derozan,https://www.2kratings.com/wp-content/uploads/Denver-Nuggets-Secondary-Logo.svg,83,78,220,80,83,45,97,55,47,50,80,89,83,87,85,64,80,58,95,90,33,73,75,59,70,64,91,95,65,70,79,77,88,55,46,73,73,88
payton-pritchard,Payton Pritchard,Boston Celtics,PG,Sharpshooter,https://www.2kratings.com/wp-content/uploads/Payton-Pritchard-2K-Photo-1280x720.jpg,https://www.2kratings.com/payton-pritchard,https://www.2kratings.com/wp-content/uploads/Boston-Celtics-Secondary-Logo.svg,82,73,195,75,82,35,98,35,51,57,35,86,87,89,75,60,78,36,88,90,40,84,82,45,71,60,35,46,40,85,75,75,84,25,38,47,87,66
dejounte-murray,Dejounte Murray,New Orleans Pelicans,PG|SG,2-Way Mid-Paint Creator,https://www.2kratings.com/wp-content/uploads/Dejounte-Murray-2K-Photo-1280x720.jpg,https://www.2kratings.com/dejounte-murray,https://www.2kratings.com/wp-content/uploads/New-Orleans-Pelicans-Secondary-Logo.svg,82,76,180,85,86,42,97,80,76,61,75,90,60,87,95,80,90,53,84,85,30,82,82,81,81,83,49,48,40,80,83,83,90,40,86,52,74,60
josh-hart,Josh Hart,New York Knicks,PF|SF,2-Way Faceup Layup Pro,https://www.2kratings.com/wp-content/uploads/Josh-Hart-2K-Photo-1280x720.jpg,https://www.2kratings.com/josh-hart,https://www.2kratings.com/wp-content/uploads/New-York-Knicks-Secondary-Logo.svg,82,77,215,86,79,47,94,80,82,57,70,87,83,72,95,80,99,85,82,75,51,73,75,78,71,86,42,58,39,70,81,79,99,25,56,74,83,69
isaiah-hartenstein,Isaiah Hartenstein,Oklahoma City Thunder,C,Bullmashing Board Enforcer,https://www.2kratings.com/wp-content/uploads/Isaiah-Hartenstein-2K-Photo-1280x720.jpg,https://www.2kratings.com/isaiah-hartenstein,https://www.2kratings.com/wp-content/uploads/Oklahoma-City-Thunder-Secondary-Logo.svg,82,84,250,62,56,71,96,80,88,72,80,80,72,59,75,80,95,83,79,75,95,50,60,54,70,41,70,64,74,65,62,42,80,90,63,89,55,70
ajay-mitchell,Ajay Mitchell,Oklahoma City Thunder,PG|SG,2-Way Crafty Layup Pro,https://www.2kratings.com/wp-content/uploads/Ajay-Mitchell-2K-Photo-1280x720.jpg,https://www.2kratings.com/ajay-mitchell,https://www.2kratings.com/wp-content/uploads/Oklahoma-City-Thunder-Secondary-Logo.svg,82,76,190,80,82,52,95,75,52,79,70,94,76,87,80,78,75,43,79,90,40,74,75,75,69,77,38,37,30,80,83,79,87,35,70,53,79,65
dillon-brooks,Dillon Brooks,Phoenix Suns,SF|PF,2-Way Post Bully,https://www.2kratings.com/wp-content/uploads/Dillon-Brooks-2K-Photo-1280x720.jpg,https://www.2kratings.com/dillon-brooks,https://www.2kratings.com/wp-content/uploads/Phoenix-Suns-Secondary-Logo.svg,82,79,225,88,70,37,97,85,51,69,75,73,78,86,85,87,95,77,80,80,38,59,58,88,37,88,82,66,55,65,75,69,88,35,76,73,80,75
jrue-holiday,Jrue Holiday,Portland Trail Blazers,PG|SG,3 & D Point,https://www.2kratings.com/wp-content/uploads/Jrue-Holiday-2K-Photo-1280x720.jpg,https://www.2kratings.com/jrue-holiday,https://www.2kratings.com/wp-content/uploads/Portland-Trail-Blazers-Secondary-Logo.svg,82,76,220,90,79,32,91,85,55,40,65,85,74,83,98,89,92,66,81,65,48,80,80,89,77,89,40,72,30,70,78,78,80,25,80,62,83,68
donovan-clingan,Donovan Clingan,Portland Trail Blazers,C,Paint-Protecting Riser,https://www.2kratings.com/wp-content/uploads/Donovan-Clingan-2K-Photo-1280x720.jpg,https://www.2kratings.com/donovan-clingan,https://www.2kratings.com/wp-content/uploads/Portland-Trail-Blazers-Secondary-Logo.svg,82,86,280,45,46,86,94,80,90,69,75,65,88,67,75,82,75,89,78,70,94,55,62,58,43,49,69,54,72,85,44,38,82,85,37,80,75,60
zach-lavine,Zach LaVine,Sacramento Kings,SG|SF,Hash-Sinking Slasher,https://www.2kratings.com/wp-content/uploads/Zach-LaVine-2K-Photo-1280x720.jpg,https://www.2kratings.com/zach-lavine,https://www.2kratings.com/wp-content/uploads/Sacramento-Kings-Secondary-Logo.svg,82,77,200,82,88,42,97,40,47,80,94,87,71,88,80,57,65,47,79,85,27,70,67,38,42,61,59,66,59,70,84,81,98,60,37,49,85,97
rj-barrett,R.J. Barrett,Toronto Raptors,SG|SF,2-Way Bullmaker,https://www.2kratings.com/wp-content/uploads/RJ-Barrett-2K-Photo-1280x720.jpg,https://www.2kratings.com/rj-barrett,https://www.2kratings.com/wp-content/uploads/Toronto-Raptors-Secondary-Logo.svg,82,78,214,84,83,50,89,75,67,80,80,88,84,71,85,79,80,58,79,80,41,79,84,74,65,81,79,55,52,70,84,82,95,45,40,76,79,82
immanuel-quickley,Immanuel Quickley,Toronto Raptors,PG|SG,2-Way Shot Hunter,https://www.2kratings.com/wp-content/uploads/Immanuel-Quickley-2K-Photo-1280x720.jpg,https://www.2kratings.com/immanuel-quickley,https://www.2kratings.com/wp-content/uploads/Toronto-Raptors-Secondary-Logo.svg,82,74,190,82,86,30,91,75,56,60,55,87,83,82,98,78,85,37,88,95,34,80,80,64,73,80,45,51,50,85,82,76,89,40,56,54,82,79
naz-reid,Naz Reid,Charlotte Hornets,C|PF,Stretch Layup Bully,https://www.2kratings.com/wp-content/uploads/Naz-Reid-2K-Photo-1280x720.jpg,https://www.2kratings.com/naz-reid,https://www.2kratings.com/wp-content/uploads/Charlotte-Hornets-Secondary-Logo.svg,82,81,264,54,58,73,97,75,78,60,80,83,85,73,94,80,95,78,73,80,49,59,65,65,48,54,82,70,82,50,50,49,88,80,53,87,83,75
paul-george,Paul George,Boston Celtics,PF|SF,Pesky Playmaking Creator,https://www.2kratings.com/wp-content/uploads/Paul-George-2K-Photo-1280x720.jpg,https://www.2kratings.com/paul-george,https://www.2kratings.com/wp-content/uploads/Boston-Celtics-Secondary-Logo.svg,82,80,220,84,87,55,90,70,68,40,80,81,73,84,80,79,75,71,87,85,35,78,70,78,67,79,60,79,40,60,79,77,95,55,86,70,83,75
dyson-daniels,Dyson Daniels,Atlanta Hawks,SF|SG,Defensive Playmaker,https://www.2kratings.com/wp-content/uploads/Dyson-Daniels-2K-Photo-1280x720.jpg,https://www.2kratings.com/dyson-daniels,https://www.2kratings.com/wp-content/uploads/Atlanta-Hawks-Secondary-Logo.svg,81,79,199,93,78,51,90,90,62,51,75,84,92,62,85,90,85,67,68,50,62,77,77,95,71,94,47,55,44,45,79,79,89,25,96,69,50,75
onyeka-okongwu,Onyeka Okongwu,Atlanta Hawks,C,3-Level Scorer,https://www.2kratings.com/wp-content/uploads/Onyeka-Okongwu-2K-Photo-1280x720.jpg,https://www.2kratings.com/onyeka-okongwu,https://www.2kratings.com/wp-content/uploads/Atlanta-Hawks-Secondary-Logo.svg,81,82,240,74,54,72,92,65,77,75,85,85,89,76,80,83,95,79,88,80,57,51,50,65,57,64,80,55,54,80,74,60,88,85,49,80,82,75
matas-buzelis,Matas Buzelis,Chicago Bulls,PF|SF,3-Level Shot Eraser,https://www.2kratings.com/wp-content/uploads/Matas-Buzelis-2K-Photo-1280x720.jpg,https://www.2kratings.com/matas-buzelis,https://www.2kratings.com/wp-content/uploads/Chicago-Bulls-Secondary-Logo.svg,81,80,209,70,72,82,85,50,68,79,89,85,92,79,90,65,85,58,83,90,43,65,69,62,40,62,60,58,62,85,86,76,90,65,38,69,80,84
andrew-nembhard,Andrew Nembhard,Indiana Pacers,PG|SG,3 & D Point,https://www.2kratings.com/wp-content/uploads/Andrew-Nembhard-2K-Photo-1280x720.jpg,https://www.2kratings.com/andrew-nembhard,https://www.2kratings.com/wp-content/uploads/Indiana-Pacers-Secondary-Logo.svg,81,76,191,88,79,35,92,85,46,41,60,79,87,83,75,85,69,68,79,60,32,80,80,84,83,86,47,52,44,85,76,74,85,39,42,46,82,71
alex-caruso,Alex Caruso,Oklahoma City Thunder,SF|PG,Pesky Pull-Up Pro,https://www.2kratings.com/wp-content/uploads/Alex-Caruso-2K-Photo-1280x720.jpg,https://www.2kratings.com/alex-caruso,https://www.2kratings.com/wp-content/uploads/Oklahoma-City-Thunder-Secondary-Logo.svg,81,77,186,94,78,56,88,85,56,40,75,76,69,80,85,90,85,51,82,50,41,75,75,90,57,90,29,43,30,70,82,82,85,35,97,68,80,72
cason-wallace,Cason Wallace,Oklahoma City Thunder,SG|PG,Pressure Cooker,https://www.2kratings.com/wp-content/uploads/Cason-Wallace-2K-Photo-1280x720.jpg,https://www.2kratings.com/cason-wallace,https://www.2kratings.com/wp-content/uploads/Oklahoma-City-Thunder-Secondary-Logo.svg,81,75,195,91,78,52,70,95,47,57,70,82,91,80,95,89,85,72,73,70,42,75,75,93,49,93,37,37,31,65,75,75,90,25,98,55,81,72
jalen-green,Jalen Green,Phoenix Suns,SG|SF,Middy Slasher,https://www.2kratings.com/wp-content/uploads/Jalen-Green-2K-Photo-1280x720.jpg,https://www.2kratings.com/jalen-green,https://www.2kratings.com/wp-content/uploads/Phoenix-Suns-Secondary-Logo.svg,81,76,186,88,86,37,76,55,61,70,91,84,79,76,95,60,85,45,87,75,36,77,79,54,68,64,56,56,56,70,88,84,88,40,66,55,79,92
shaedon-sharpe,Shaedon Sharpe,Portland Trail Blazers,SG|PG,Versatile Slasher,https://www.2kratings.com/wp-content/uploads/Shaedon-Sharpe-2K-Photo-1280x720.jpg,https://www.2kratings.com/shaedon-sharpe,https://www.2kratings.com/wp-content/uploads/Portland-Trail-Blazers-Secondary-Logo.svg,81,77,210,89,83,32,83,45,57,82,95,86,81,78,88,65,85,49,77,85,45,67,67,75,61,69,33,37,35,60,87,84,94,40,73,50,80,96
devin-vassell,Devin Vassell,San Antonio Spurs,SF|SG,2-Way Playmaking Creator,https://www.2kratings.com/wp-content/uploads/Devin-Vassell-2K-Photo-1280x720.jpg,https://www.2kratings.com/devin-vassell,https://www.2kratings.com/wp-content/uploads/San-Antonio-Spurs-Secondary-Logo.svg,81,77,200,80,82,51,80,80,54,44,60,78,85,82,80,81,85,62,92,75,35,76,79,85,42,80,65,65,51,50,72,65,89,40,41,60,87,77
kristaps-porzingis,Kristaps Porzingis,Golden State Warriors,C|PF,Post-Scoring Stretch,https://www.2kratings.com/wp-content/uploads/Kristaps-Porzingis-2K-Photo-1280x720.jpg,https://www.2kratings.com/kristaps-porzingis,https://www.2kratings.com/wp-content/uploads/Golden-State-Warriors-Secondary-Logo.svg,81,86,240,65,68,84,93,55,68,47,75,77,68,84,85,74,70,75,90,80,52,50,40,60,64,56,85,84,81,65,66,56,80,85,40,74,80,78
ayo-dosunmu,Ayo Dosunmu,Minnesota Timberwolves,SG|PG,Crafty Sharpshooter,https://www.2kratings.com/wp-content/uploads/Ayo-Dosunmu-2K-Photo-1280x720.jpg,https://www.2kratings.com/ayo-dosunmu,https://www.2kratings.com/wp-content/uploads/Minnesota-Timberwolves-Secondary-Logo.svg,81,76,200,78,79,47,89,65,52,64,75,89,89,87,80,68,75,38,90,80,38,72,79,69,70,69,42,50,35,65,76,73,85,25,43,59,86,75
walker-kessler,Walker Kessler,Los Angeles Lakers,C,Paint Terror,https://www.2kratings.com/wp-content/uploads/Walker-Kessler-2K-Photo-1280x720.jpg,https://www.2kratings.com/walker-kessler,https://www.2kratings.com/wp-content/uploads/Los-Angeles-Lakers-Secondary-Logo.svg,81,86,245,52,44,93,97,85,88,51,75,65,64,70,95,88,90,84,74,65,93,42,48,58,35,65,74,66,74,70,37,35,88,85,37,80,70,60
tobias-harris,Tobias Harris,San Antonio Spurs,PF|SF,Offensive Engine,https://www.2kratings.com/wp-content/uploads/Tobias-Harris-2K-Photo-1280x720.jpg,https://www.2kratings.com/tobias-harris,https://www.2kratings.com/wp-content/uploads/San-Antonio-Spurs-Secondary-Logo.svg,81,80,226,67,79,55,97,60,68,68,75,79,80,87,95,66,73,67,84,80,41,77,78,64,48,68,86,70,70,60,75,56,97,65,46,73,82,79
neemias-queta,Neemias Queta,Boston Celtics,C,Rugged Rim Protector,https://www.2kratings.com/wp-content/uploads/Neemias-Queta-2K-Photo-1280x720.jpg,https://www.2kratings.com/neemias-queta,https://www.2kratings.com/wp-content/uploads/Boston-Celtics-Secondary-Logo.svg,80,84,248,59,38,86,98,85,83,50,70,76,81,70,85,88,95,89,76,60,84,52,62,57,37,68,62,60,62,70,59,30,80,75,46,85,50,65
cameron-johnson,Cameron Johnson,Denver Nuggets,SF|SG,2-Way Crafty Sniper,https://www.2kratings.com/wp-content/uploads/Cameron-Johnson-2K-Photo-1280x720.jpg,https://www.2kratings.com/cameron-johnson,https://www.2kratings.com/wp-content/uploads/Denver-Nuggets-Secondary-Logo.svg,80,80,210,70,59,51,75,65,51,64,60,78,75,84,57,64,86,65,71,75,40,59,66,68,40,69,69,69,69,85,70,43,85,60,40,60,89,79
jabari-smith,Jabari Smith Jr.,Houston Rockets,PF|SF,Rim-Rocking Stretch,https://www.2kratings.com/wp-content/uploads/Jabari-Smith-Jr-2K-Photo-1280x720.jpg,https://www.2kratings.com/jabari-smith,https://www.2kratings.com/wp-content/uploads/Houston-Rockets-Secondary-Logo.svg,80,82,220,76,75,63,93,55,67,54,85,72,93,78,85,67,85,70,79,85,48,65,66,67,34,69,79,79,79,70,76,69,89,75,38,70,83,75
cedric-coward,Cedric Coward,Memphis Grizzlies,SG|SF,Finesse Finisher,https://www.2kratings.com/wp-content/uploads/Cedric-Coward-2K-Photo-1280x720.jpg,https://www.2kratings.com/cedric-coward,https://www.2kratings.com/wp-content/uploads/Memphis-Grizzlies-Secondary-Logo.svg,80,77,206,84,73,55,92,55,73,45,80,87,84,85,80,71,85,58,69,65,52,68,68,68,62,73,32,48,30,85,88,79,95,50,40,57,78,83
ty-jerome,Ty Jerome,Memphis Grizzlies,PG|SG,Perimeter Shot Hunter,https://www.2kratings.com/wp-content/uploads/Ty-Jerome-2K-Photo-1280x720.jpg,https://www.2kratings.com/ty-jerome,https://www.2kratings.com/wp-content/uploads/Memphis-Grizzlies-Secondary-Logo.svg,80,77,195,73,86,42,95,35,50,77,45,87,54,88,80,62,68,32,85,95,42,84,84,48,90,56,37,37,38,80,69,68,85,40,76,46,83,62
zach-edey,Zach Edey,Memphis Grizzlies,C,Glass Guardian,https://www.2kratings.com/wp-content/uploads/Zach-Edey-2K-Photo-1280x720.jpg,https://www.2kratings.com/zach-edey,https://www.2kratings.com/wp-content/uploads/Memphis-Grizzlies-Secondary-Logo.svg,80,88,305,31,39,94,98,75,91,50,70,61,57,78,95,79,85,79,78,70,92,58,63,67,32,37,82,65,82,70,46,30,79,80,38,84,74,66
ryan-rollins,Ryan Rollins,Milwaukee Bucks,PG|SG,Athletic Iso Sniper,https://www.2kratings.com/wp-content/uploads/Ryan-Rollins-2K-Photo-1280x720.jpg,https://www.2kratings.com/ryan-rollins,https://www.2kratings.com/wp-content/uploads/Milwaukee-Bucks-Secondary-Logo.svg,80,75,180,86,79,52,85,60,60,79,65,84,84,79,85,67,85,43,79,80,37,79,79,62,73,68,42,42,40,75,86,82,85,25,70,39,84,80
saddiq-bey,Saddiq Bey,New Orleans Pelicans,SF|PF,Post Bully Sniper,https://www.2kratings.com/wp-content/uploads/Saddiq-Bey-2K-Photo-1280x720.jpg,https://www.2kratings.com/saddiq-bey,https://www.2kratings.com/wp-content/uploads/New-Orleans-Pelicans-Secondary-Logo.svg,80,80,215,72,76,32,87,65,60,88,75,84,83,84,95,67,90,64,64,90,53,64,75,65,46,69,90,64,63,70,63,57,81,45,42,80,82,70
jalen-suggs,Jalen Suggs,Orlando Magic,PG|SG,2-Way High-Flying Slasher,https://www.2kratings.com/wp-content/uploads/Jalen-Suggs-2K-Photo-1280x720.jpg,https://www.2kratings.com/jalen-suggs,https://www.2kratings.com/wp-content/uploads/Orlando-Magic-Secondary-Logo.svg,80,77,205,92,80,63,87,85,60,50,80,82,79,85,84,84,85,55,83,50,37,75,77,82,74,89,74,38,39,50,88,86,88,40,97,59,80,90
anthony-black,Anthony Black,Orlando Magic,PG|SG,2-Way Crafty Iso Sniper,https://www.2kratings.com/wp-content/uploads/Anthony-Black-2K-Photo-1280x720.jpg,https://www.2kratings.com/anthony-black,https://www.2kratings.com/wp-content/uploads/Orlando-Magic-Secondary-Logo.svg,80,79,200,85,86,60,82,80,53,74,75,85,87,73,90,84,90,63,75,85,37,80,77,82,67,84,52,52,48,85,75,74,92,35,66,58,79,75
toumani-camara,Toumani Camara,Portland Trail Blazers,PF|SF,2-Way Stretch,https://www.2kratings.com/wp-content/uploads/Toumani-Camara-2K-Photo-1280x720.jpg,https://www.2kratings.com/toumani-camara,https://www.2kratings.com/wp-content/uploads/Portland-Trail-Blazers-Secondary-Logo.svg,80,79,230,89,65,51,86,95,55,32,75,82,96,70,85,92,95,87,60,40,50,68,67,90,41,91,55,55,55,55,63,58,88,60,82,78,83,78
collin-murray-boyles,Collin Murray-Boyles,Toronto Raptors,C|PF,Ball-Hawking Laymaker,https://www.2kratings.com/wp-content/uploads/Collin-Murray-Boyles-2K-Photo-1280x720.jpg,https://www.2kratings.com/collin-murray-boyles,https://www.2kratings.com/wp-content/uploads/Toronto-Raptors-Secondary-Logo.svg,80,79,230,86,74,80,94,65,58,67,75,84,78,65,85,70,95,72,70,70,81,67,70,68,43,74,65,65,65,70,83,74,85,55,79,70,76,75
isaiah-collier,Isaiah Collier,Utah Jazz,PG|SG,Downhill Dimer,https://www.2kratings.com/wp-content/uploads/Isaiah-Collier-2K-Photo-1280x720.jpg,https://www.2kratings.com/isaiah-collier,https://www.2kratings.com/wp-content/uploads/Utah-Jazz-2K-Roster-Secondary-Logo.svg,80,76,210,88,86,52,94,55,48,50,75,88,83,72,95,57,80,30,68,75,32,90,90,57,87,62,37,41,28,55,93,90,89,30,59,60,73,75
kyshawn-george,Kyshawn George,Washington Wizards,PF|SF,Crafty Stretch,https://www.2kratings.com/wp-content/uploads/KyShawn-George-2K-Photo-1280x720.jpg,https://www.2kratings.com/kyshawn-george,https://www.2kratings.com/wp-content/uploads/Washington-Wizards-Secondary-Logo.svg,80,80,200,74,74,67,83,60,65,30,60,82,80,80,95,71,85,70,79,90,41,66,66,70,71,70,59,58,59,85,64,60,90,40,46,60,82,72
coby-white,Coby White,Charlotte Hornets,PG|SG,Shifty Sniper,https://www.2kratings.com/wp-content/uploads/Coby-White-2K-Photo-1280x720.jpg,https://www.2kratings.com/coby-white,https://www.2kratings.com/wp-content/uploads/Charlotte-Hornets-Secondary-Logo.svg,80,76,195,85,87,35,90,55,59,78,65,86,84,82,95,66,85,49,74,80,33,79,84,64,72,64,49,45,34,70,85,84,90,30,37,56,81,81
grayson-allen,Grayson Allen,Charlotte Hornets,SG|SF,Perimeter Shot Hunter,https://www.2kratings.com/wp-content/uploads/Grayson-Allen-2K-Photo-1280x720.jpg,https://www.2kratings.com/grayson-allen,https://www.2kratings.com/wp-content/uploads/Charlotte-Hornets-Secondary-Logo.svg,80,75,198,78,78,45,80,45,47,49,70,79,73,85,78,70,80,35,84,85,36,68,70,74,70,72,42,43,31,85,84,79,85,25,66,44,86,81
nicolas-claxton,Nicolas Claxton,Chicago Bulls,C,Switch Defender,https://www.2kratings.com/wp-content/uploads/Nic-Claxton-2K-Photo-1280x720.jpg,https://www.2kratings.com/nicolas-claxton,https://www.2kratings.com/wp-content/uploads/Chicago-Bulls-Secondary-Logo.svg,80,83,215,77,49,76,89,85,75,55,75,77,82,62,80,85,89,84,75,70,69,40,48,64,70,79,72,64,72,70,69,44,90,80,40,75,64,79
bobby-portis,Bobby Portis Jr.,Miami Heat,C|PF,Post-Scoring Stretch,https://www.2kratings.com/wp-content/uploads/Bobby-Portis-Jr-2K-Photo-1280x720.jpg,https://www.2kratings.com/bobby-portis,https://www.2kratings.com/wp-content/uploads/Miami-Heat-Secondary-Logo.svg,80,82,250,64,52,45,96,65,84,74,70,72,81,71,85,75,90,78,82,55,56,55,52,65,40,40,87,83,83,75,65,59,85,75,40,83,89,64
miles-bridges,Miles Bridges,Phoenix Suns,PF|SF,Paint-Scoring Popper,https://www.2kratings.com/wp-content/uploads/Miles-Bridges-2K-Photo-1280x720.jpg,https://www.2kratings.com/miles-bridges,https://www.2kratings.com/wp-content/uploads/Phoenix-Suns-Secondary-Logo.svg,80,79,225,76,76,52,89,45,68,89,88,85,88,83,95,62,80,60,57,95,42,69,74,68,61,59,85,84,84,70,75,71,93,60,37,84,80,85
mitchell-robinson,Mitchell Robinson,Boston Celtics,C,Paint-Protecting Riser,https://www.2kratings.com/wp-content/uploads/Mitchell-Robinson-2K-Photo-1280x720.jpg,https://www.2kratings.com/mitchell-robinson,https://www.2kratings.com/wp-content/uploads/Boston-Celtics-Secondary-Logo.svg,80,84,240,65,40,88,90,80,87,41,80,64,72,41,80,87,85,83,68,35,98,70,54,65,31,49,50,52,65,70,48,25,80,85,66,92,32,76
ryan-kalkbrenner,Ryan Kalkbrenner,Charlotte Hornets,C,Tip-In Shot Eraser,https://www.2kratings.com/wp-content/uploads/Ryan-Kalkbrenner-2K-Photo-1280x720.jpg,https://www.2kratings.com/ryan-kalkbrenner,https://www.2kratings.com/wp-content/uploads/Charlotte-Hornets-Secondary-Logo.svg,79,85,256,35,37,89,98,75,65,67,75,61,87,71,85,78,85,78,74,70,85,50,50,54,30,30,70,60,71,85,44,30,85,80,38,70,73,74
moussa-diabate,Moussa Diabaté,Charlotte Hornets,C|PF,Board-Crashing Cutter,https://www.2kratings.com/wp-content/uploads/Moussa-Diabate-2K-Photo-1280x720.jpg,https://www.2kratings.com/moussa-diabate,https://www.2kratings.com/wp-content/uploads/Charlotte-Hornets-Secondary-Logo.svg,79,82,210,73,40,73,85,55,79,57,80,78,85,66,65,65,95,65,72,60,93,42,52,50,39,41,67,57,67,70,73,66,80,65,43,74,67,78
tre-jones,Tre Jones,Chicago Bulls,PG,Middy Scooper,https://www.2kratings.com/wp-content/uploads/Tre-Jones-2K-Photo-1280x720.jpg,https://www.2kratings.com/tre-jones,https://www.2kratings.com/wp-content/uploads/Chicago-Bulls-Secondary-Logo.svg,79,73,185,80,84,40,97,60,49,86,35,87,84,82,80,70,75,34,87,85,36,83,83,67,74,73,30,34,32,70,80,80,85,25,63,60,75,71
daniel-gafford,Daniel Gafford,Dallas Mavericks,C,2-Way Wing-Running Riser,https://www.2kratings.com/wp-content/uploads/Daniel-Gafford-2K-Photo-1280x720.jpg,https://www.2kratings.com/daniel-gafford,https://www.2kratings.com/wp-content/uploads/Dallas-Mavericks-Secondary-Logo.svg,79,82,234,70,35,83,91,80,79,57,75,73,76,68,70,83,89,84,65,50,81,37,37,50,33,57,67,67,69,70,75,44,75,85,46,80,29,80
pj-washington,P.J. Washington,Dallas Mavericks,PF|SF,Rim-Rocking Lock,https://www.2kratings.com/wp-content/uploads/PJ-Washington-2K-Photo-1280x720.jpg,https://www.2kratings.com/pj-washington,https://www.2kratings.com/wp-content/uploads/Dallas-Mavericks-Secondary-Logo.svg,79,79,230,80,70,70,87,80,72,44,80,70,80,69,95,80,85,78,73,50,51,55,60,78,35,79,63,63,68,70,75,63,85,65,43,70,75,69
dereck-lively-ii,Dereck Lively II,Dallas Mavericks,C,Rim-Protecting Finisher,https://www.2kratings.com/wp-content/uploads/Dereck-Lively-II-2K-Photo-1280x720.jpg,https://www.2kratings.com/dereck-lively-ii,https://www.2kratings.com/wp-content/uploads/Dallas-Mavericks-Secondary-Logo.svg,79,85,230,57,52,90,97,80,80,40,83,82,57,64,90,80,95,83,60,50,78,69,68,54,61,57,59,54,59,80,50,40,80,85,38,74,52,67
naji-marshall,Naji Marshall,Dallas Mavericks,SF|PG,Crafty Connector,https://www.2kratings.com/wp-content/uploads/Naji-Marshall-2K-Photo-1280x720.jpg,https://www.2kratings.com/naji-marshall,https://www.2kratings.com/wp-content/uploads/Dallas-Mavericks-Secondary-Logo.svg,79,78,220,65,74,30,97,40,60,86,70,91,83,77,95,62,70,52,70,85,41,75,75,64,63,60,58,58,57,75,62,62,85,45,49,67,71,75
christian-braun,Christian Braun,Denver Nuggets,SG|SF,2-Way Off-Ball Cutter,https://www.2kratings.com/wp-content/uploads/Christian-Braun-2K-Photo-1280x720.jpg,https://www.2kratings.com/christian-braun,https://www.2kratings.com/wp-content/uploads/Denver-Nuggets-Secondary-Logo.svg,79,78,220,83,69,45,97,80,53,69,85,85,83,79,90,78,95,40,67,75,51,69,74,80,44,79,36,55,25,60,83,74,93,25,37,60,78,83
duncan-robinson,Duncan Robinson,Detroit Pistons,SG|SF,Sharpshooter,https://www.2kratings.com/wp-content/uploads/Duncan-Robinson-2K-Photo-1280x720.jpg,https://www.2kratings.com/duncan-robinson,https://www.2kratings.com/wp-content/uploads/Detroit-Pistons-Secondary-Logo.svg,79,79,215,67,72,51,97,60,47,54,70,78,81,76,90,64,75,50,79,85,33,66,70,65,40,67,35,44,40,75,59,56,85,30,37,35,93,72
daniss-jenkins,Daniss Jenkins,Detroit Pistons,PG|SG,Perimeter Shot Hunter,https://www.2kratings.com/wp-content/uploads/Daniss-Jenkins-2K-Photo-1280x720.jpg,https://www.2kratings.com/daniss-jenkins,https://www.2kratings.com/wp-content/uploads/Detroit-Pistons-Secondary-Logo.svg,79,76,165,75,86,50,76,65,46,72,60,80,86,82,85,69,80,32,84,60,45,80,85,75,72,69,28,36,36,80,75,74,85,30,63,45,83,70
draymond-green,Draymond Green,Golden State Warriors,PF|C,Defensive Playmaker,https://www.2kratings.com/wp-content/uploads/Draymond-Green-2K-Photo-1280x720.jpg,https://www.2kratings.com/draymond-green,https://www.2kratings.com/wp-content/uploads/Golden-State-Warriors-Secondary-Logo.svg,79,78,230,84,78,61,78,95,74,30,65,73,78,69,80,95,90,93,75,25,41,80,84,84,73,88,51,51,50,30,73,69,85,55,79,85,75,66
brandin-podziemski,Brandin Podziemski,Golden State Warriors,PG|PG,Crafty Sniper,https://www.2kratings.com/wp-content/uploads/Brandin-Podziemski-2K-Photo-1280x720.jpg,https://www.2kratings.com/brandin-podziemski,https://www.2kratings.com/wp-content/uploads/Golden-State-Warriors-Secondary-Logo.svg,79,76,205,82,84,40,94,45,68,75,60,89,93,78,85,62,85,45,79,90,42,69,68,72,69,63,55,55,54,75,82,81,89,35,56,54,83,78
fred-vanvleet,Fred VanVleet,Houston Rockets,PG,2-Way Burner,https://www.2kratings.com/wp-content/uploads/Fred-VanVleet-2K-Photo-1280x720.jpg,https://www.2kratings.com/fred-vanvleet,https://www.2kratings.com/wp-content/uploads/Houston-Rockets-Secondary-Logo.svg,79,72,197,80,86,51,75,80,49,55,35,70,56,81,98,79,94,27,82,60,33,84,85,74,70,80,28,32,30,80,83,83,95,25,66,52,78,75
reed-sheppard,Reed Sheppard,Houston Rockets,PG|SG,Iso-Sniping Ball Hawk,https://www.2kratings.com/wp-content/uploads/Reed-Sheppard-2K-Photo-1280x720.jpg,https://www.2kratings.com/reed-sheppard,https://www.2kratings.com/wp-content/uploads/Houston-Rockets-Secondary-Logo.svg,79,74,185,89,79,62,88,70,51,52,70,75,91,81,90,70,95,54,83,75,32,79,79,77,68,78,40,45,44,70,88,84,93,25,86,56,84,87
tj-mcconnell,T.J. McConnell,Indiana Pacers,PG,2-Way Mid-Paint Maestro,https://www.2kratings.com/wp-content/uploads/TJ-McConnell-2K-Photo-1280x720.jpg,https://www.2kratings.com/tj-mcconnell,https://www.2kratings.com/wp-content/uploads/Indiana-Pacers-Secondary-Logo.svg,79,73,190,82,79,47,98,80,54,40,25,80,74,86,79,70,92,49,89,60,36,92,92,87,97,82,38,58,44,75,76,73,85,25,86,44,75,65
aaron-nesmith,Aaron Nesmith,Indiana Pacers,SF|SG,3 & D Wing,https://www.2kratings.com/wp-content/uploads/Aaron-Nesmith-2K-Photo-1280x720.jpg,https://www.2kratings.com/aaron-nesmith,https://www.2kratings.com/wp-content/uploads/Indiana-Pacers-Secondary-Logo.svg,79,78,215,76,70,55,90,75,53,78,55,74,72,83,85,76,85,72,70,70,43,69,65,57,38,76,57,57,53,85,78,64,87,35,36,67,82,79
andrew-wiggins,Andrew Wiggins,Miami Heat,PF|SF,Faceup Rim Rocker,https://www.2kratings.com/wp-content/uploads/Andrew-Wiggins-2K-Photo-1280x720.jpg,https://www.2kratings.com/andrew-wiggins,https://www.2kratings.com/wp-content/uploads/Miami-Heat-Secondary-Logo.svg,79,79,210,82,79,71,88,65,52,50,85,79,82,79,85,70,90,55,73,70,53,62,60,67,46,74,77,74,65,80,82,80,87,40,49,64,86,97
myles-turner,Myles Turner,Milwaukee Bucks,C,2-Way Stretch,https://www.2kratings.com/wp-content/uploads/Myles-Turner-2K-Photo-1280x720.jpg,https://www.2kratings.com/myles-turner,https://www.2kratings.com/wp-content/uploads/Milwaukee-Bucks-Secondary-Logo.svg,79,83,250,66,35,87,85,85,69,40,65,66,83,74,85,87,80,86,88,40,46,31,68,70,34,70,80,80,76,70,56,32,95,80,41,82,82,69
kevin-porter-jr,Kevin Porter Jr.,Milwaukee Bucks,PG|SG,Bouncy Middy Ball Hawk,https://www.2kratings.com/wp-content/uploads/Kevin-Porter-Jr-2K-Photo-1280x720.jpg,https://www.2kratings.com/kevin-porter-jr,https://www.2kratings.com/wp-content/uploads/Milwaukee-Bucks-Secondary-Logo.svg,79,76,203,75,82,53,79,55,62,84,80,83,76,88,80,64,80,44,94,75,40,82,82,75,78,69,44,62,25,60,85,83,88,40,96,52,76,75
herbert-jones,Herbert Jones,New Orleans Pelicans,SF|SG,Wing Warden,https://www.2kratings.com/wp-content/uploads/Herbert-Jones-2K-Photo-1280x720.jpg,https://www.2kratings.com/herbert-jones,https://www.2kratings.com/wp-content/uploads/New-Orleans-Pelicans-Secondary-Logo.svg,79,79,206,91,75,56,65,85,49,55,75,60,75,81,85,90,85,85,75,30,41,65,75,88,49,90,62,62,62,40,74,69,82,55,83,72,73,72
jeremiah-fears,Jeremiah Fears,New Orleans Pelicans,PG|SG,Open-Lane Burner,https://www.2kratings.com/wp-content/uploads/Jeremiah-Fears-2K-Photo-1280x720.jpg,https://www.2kratings.com/jeremiah-fears,https://www.2kratings.com/wp-content/uploads/New-Orleans-Pelicans-Secondary-Logo.svg,79,75,190,88,88,53,73,60,56,79,70,82,94,79,85,62,85,38,75,75,39,78,79,60,69,62,40,41,40,75,93,90,85,40,63,49,79,75
derik-queen,Derik Queen,New Orleans Pelicans,PF|C,Bruising Break Starter,https://www.2kratings.com/wp-content/uploads/Derik-Queen-2K-Photo-1280x720.jpg,https://www.2kratings.com/derik-queen,https://www.2kratings.com/wp-content/uploads/New-Orleans-Pelicans-Secondary-Logo.svg,79,81,250,54,69,73,85,60,83,75,70,82,94,79,90,68,80,69,71,75,60,79,82,62,70,52,78,78,78,75,54,52,85,65,59,83,66,62
wendell-carter-jr,Wendell Carter Jr.,Orlando Magic,C|PF,Post-Scoring Stretch,https://www.2kratings.com/wp-content/uploads/Wendell-Carter-Jr-2K-Photo-1280x720.jpg,https://www.2kratings.com/wendell-carter-jr,https://www.2kratings.com/wp-content/uploads/Orlando-Magic-Secondary-Logo.svg,79,82,270,55,50,58,86,70,78,75,75,79,83,81,85,80,90,78,86,60,63,56,70,70,39,47,81,81,81,50,68,47,85,80,41,82,75,68
collin-gillespie,Collin Gillespie,Phoenix Suns,PG,Shifty Sniper,https://www.2kratings.com/wp-content/uploads/Collin-Gillespie-2K-Photo-1280x720.jpg,https://www.2kratings.com/collin-gillespie,https://www.2kratings.com/wp-content/uploads/Phoenix-Suns-Secondary-Logo.svg,79,73,195,82,79,42,93,55,55,67,54,80,83,87,75,60,80,33,76,90,45,82,84,58,71,62,40,46,31,80,82,82,85,40,63,47,86,72
scoot-henderson,Scoot Henderson,Portland Trail Blazers,PG|SG,High-Flying Slasher,https://www.2kratings.com/wp-content/uploads/Scoot-Henderson-2K-Photo-1280x720.jpg,https://www.2kratings.com/scoot-henderson,https://www.2kratings.com/wp-content/uploads/Portland-Trail-Blazers-Secondary-Logo.svg,79,75,207,89,86,50,74,50,49,40,88,81,68,84,95,65,80,41,82,80,38,79,77,67,72,66,44,44,44,80,89,88,95,35,43,53,79,90
keegan-murray,Keegan Murray,Sacramento Kings,PF|SF,Shot-Obliterating Lock,https://www.2kratings.com/wp-content/uploads/Keegan-Murray-2K-Photo-1280x720.jpg,https://www.2kratings.com/keegan-murray,https://www.2kratings.com/wp-content/uploads/Sacramento-Kings-Secondary-Logo.svg,79,80,225,79,70,80,97,75,62,45,80,77,76,78,80,64,86,68,73,75,47,65,66,75,33,78,69,69,69,60,76,73,85,60,43,60,76,79
malik-monk,Malik Monk,Sacramento Kings,SG|PG,Playmaking 3PT Creator,https://www.2kratings.com/wp-content/uploads/Malik-Monk-2K-Photo-1280x720.jpg,https://www.2kratings.com/malik-monk,https://www.2kratings.com/wp-content/uploads/Sacramento-Kings-Secondary-Logo.svg,79,75,200,80,79,55,83,45,46,44,75,78,81,88,95,54,72,45,79,80,31,75,75,57,70,60,45,62,25,75,80,76,88,40,41,48,83,88
maxime-raynaud,Maxime Raynaud,Sacramento Kings,C,Mid-Paint Glass Cleaner,https://www.2kratings.com/wp-content/uploads/Maxime-Raynaud-2K-Photo-1280x720.jpg,https://www.2kratings.com/maxime-raynaud,https://www.2kratings.com/wp-content/uploads/Sacramento-Kings-Secondary-Logo.svg,79,85,250,52,52,57,98,50,85,69,75,74,93,79,90,55,85,59,85,85,64,50,54,52,34,32,81,70,70,75,67,44,85,75,36,69,72,66
keldon-johnson,Keldon Johnson,San Antonio Spurs,SG|SF,Sniping Layup Bully,https://www.2kratings.com/wp-content/uploads/Keldon-Johnson-2K-Photo-1280x720.jpg,https://www.2kratings.com/keldon-johnson,https://www.2kratings.com/wp-content/uploads/San-Antonio-Spurs-Secondary-Logo.svg,79,78,220,78,79,35,97,65,67,61,75,87,87,80,95,69,95,67,83,70,62,74,74,64,36,73,62,62,59,60,76,73,90,65,38,70,82,71
julian-champagnie,Julian Champagnie,San Antonio Spurs,PF|SF,2-Way Stretch,https://www.2kratings.com/wp-content/uploads/Julian-Champagnie-2K-Photo-1280x720.jpg,https://www.2kratings.com/julian-champagnie,https://www.2kratings.com/wp-content/uploads/San-Antonio-Spurs-Secondary-Logo.svg,79,79,217,75,68,53,79,70,71,69,60,80,93,84,85,70,75,45,78,80,42,66,64,67,33,75,52,44,43,90,69,65,85,40,42,67,87,67
jakob-poeltl,Jakob Poeltl,Toronto Raptors,C,Mid-Post Pro,https://www.2kratings.com/wp-content/uploads/Jakob-Poeltl-2K-Photo-1280x720.jpg,https://www.2kratings.com/jakob-poeltl,https://www.2kratings.com/wp-content/uploads/Toronto-Raptors-Secondary-Logo.svg,79,84,253,37,38,67,97,80,80,60,60,78,72,63,85,79,80,81,79,60,77,69,62,67,44,45,84,79,84,65,51,31,80,75,46,81,45,57
brice-sensabaugh,Brice Sensabaugh,Utah Jazz,SF|SG,Crafty Sniper,https://www.2kratings.com/wp-content/uploads/Brice-Sensabaugh-2K-Photo-1280x720.jpg,https://www.2kratings.com/brice-sensabaugh,https://www.2kratings.com/wp-content/uploads/Utah-Jazz-2K-Roster-Secondary-Logo.svg,79,78,235,67,74,42,98,35,52,57,60,84,89,82,95,55,70,50,79,90,42,65,63,50,46,55,57,59,57,75,65,62,88,35,43,64,81,70
ace-bailey,Ace Bailey,Utah Jazz,SG|SF,Bouncy Sniper,https://www.2kratings.com/wp-content/uploads/Ace-Bailey-2K-Photo-1280x720.jpg,https://www.2kratings.com/ace-bailey,https://www.2kratings.com/wp-content/uploads/Utah-Jazz-2K-Roster-Secondary-Logo.svg,79,81,200,84,75,62,97,60,52,59,80,71,89,77,80,67,80,59,78,90,52,66,66,68,39,68,60,62,59,80,85,79,88,60,42,61,81,79
kelel-ware,Kel’el Ware,Milwaukee Bucks,C|PF,Inside-Out Board Hunter,https://www.2kratings.com/wp-content/uploads/Kelel-Ware-2K-Photo-1280x720.jpg,https://www.2kratings.com/kelel-ware,https://www.2kratings.com/wp-content/uploads/Milwaukee-Bucks-Secondary-Logo.svg,79,84,250,68,52,82,77,60,91,62,86,72,89,76,90,69,90,75,64,60,87,37,52,50,29,37,60,54,65,70,66,46,89,85,46,70,81,90
john-collins,John Collins,Detroit Pistons,PF|C,Stretch Paint Master,https://www.2kratings.com/wp-content/uploads/John-Collins-2K-Photo-1280x720.jpg,https://www.2kratings.com/john-collins,https://www.2kratings.com/wp-content/uploads/Detroit-Pistons-Secondary-Logo.svg,79,81,226,65,60,66,97,50,64,40,90,84,80,78,80,70,85,70,74,40,57,58,58,38,31,49,90,76,76,65,71,50,92,85,46,75,83,85
marcus-smart,Marcus Smart,Houston Rockets,SF|SG,Pressure Cooker,https://www.2kratings.com/wp-content/uploads/Marcus-Smart-2K-Photo-1280x720.jpg,https://www.2kratings.com/marcus-smart,https://www.2kratings.com/wp-content/uploads/Houston-Rockets-Secondary-Logo.svg,79,75,220,89,74,51,82,85,46,27,50,70,73,82,70,86,90,74,78,60,37,75,75,85,48,86,78,58,25,70,75,74,89,25,80,73,79,83
kelly-oubre-jr,Kelly Oubre Jr.,Indiana Pacers,SF|PF,High-Flying Sharpshooter,https://www.2kratings.com/wp-content/uploads/Kelly-Oubre-Jr-2K-Photo-1280x720.jpg,https://www.2kratings.com/kelly-oubre-jr,https://www.2kratings.com/wp-content/uploads/Indiana-Pacers-Secondary-Logo.svg,79,80,203,82,74,53,91,55,60,70,84,83,74,76,88,70,75,49,83,80,42,73,75,75,34,74,52,53,45,65,72,69,90,40,56,58,82,95
rui-hachimura,Rui Hachimura,Los Angeles Clippers,PF|SF,Stretch Riser,https://www.2kratings.com/wp-content/uploads/Rui-Hachimura-2K-Photo-1280x720.jpg,https://www.2kratings.com/rui-hachimura,https://www.2kratings.com/wp-content/uploads/Los-Angeles-Clippers-Primary-Logo.svg,79,80,230,74,72,50,87,35,51,50,80,75,79,73,85,59,85,60,85,85,37,51,54,50,28,54,72,70,74,75,72,67,90,80,36,79,85,80
collin-sexton,Collin Sexton,Los Angeles Lakers,SG|PG,Athletic Iso Sniper,https://www.2kratings.com/wp-content/uploads/Collin-Sexton-2K-Photo-1280x720.jpg,https://www.2kratings.com/collin-sexton,https://www.2kratings.com/wp-content/uploads/Los-Angeles-Lakers-Secondary-Logo.svg,79,75,190,88,86,40,93,50,43,50,75,82,81,86,75,60,80,45,82,80,36,75,74,60,71,67,28,38,25,70,88,87,95,30,63,48,84,84
jerami-grant,Jerami Grant,Memphis Grizzlies,SF|PF,Hash-Sinking Slasher,https://www.2kratings.com/wp-content/uploads/Jerami-Grant-2K-Photo-1280x720.jpg,https://www.2kratings.com/jerami-grant,https://www.2kratings.com/wp-content/uploads/Memphis-Grizzlies-Secondary-Logo.svg,79,79,213,77,76,58,80,75,48,75,80,81,74,81,95,77,94,70,62,80,42,69,70,72,42,69,69,59,62,70,77,72,95,80,40,69,83,78
anfernee-simons,Anfernee Simons,Philadelphia 76ers,SG|PG,Hash-Sinking Slasher,https://www.2kratings.com/wp-content/uploads/Anfernee-Simons-2K-Photo-1280x720.jpg,https://www.2kratings.com/anfernee-simons,https://www.2kratings.com/wp-content/uploads/Philadelphia-76ers-Secondary-Logo.svg,79,75,200,89,86,37,97,40,45,59,89,89,77,90,95,50,90,49,79,75,37,75,79,55,57,59,49,49,49,70,86,79,92,40,40,41,82,90
darryn-peterson,Darryn Peterson,Utah Jazz,SG|PG,High-Flying Slasher,https://www.2kratings.com/wp-content/uploads/Darryn-Peterson-2K-Photo-1280x720.jpg,https://www.2kratings.com/darryn-peterson,https://www.2kratings.com/wp-content/uploads/Utah-Jazz-2K-Roster-Secondary-Logo.svg,79,78,205,84,86,42,81,60,49,72,85,83,80,83,95,72,90,49,83,65,39,69,71,71,49,73,55,60,47,65,84,81,90,40,69,57,81,84
aj-dybantsa,AJ Dybantsa,Washington Wizards,SF|PF,Slashing Middy Ace,https://www.2kratings.com/wp-content/uploads/AJ-Dybantsa-2K-Photo-1280x720.jpg,https://www.2kratings.com/aj-dybantsa,https://www.2kratings.com/wp-content/uploads/Washington-Wizards-Secondary-Logo.svg,79,81,212,83,79,40,83,55,60,69,85,80,83,77,95,64,80,59,82,65,57,66,66,54,49,70,60,60,60,65,87,80,87,60,55,69,74,92
cameron-boozer,Cameron Boozer,Memphis Grizzlies,PF|C,Glass-Cleaning Stretch,https://www.2kratings.com/wp-content/uploads/Cameron-Boozer-2K-Photo-1280x720.jpg,https://www.2kratings.com/cameron-boozer,https://www.2kratings.com/wp-content/uploads/Memphis-Grizzlies-Secondary-Logo.svg,79,81,250,63,67,41,85,55,79,68,70,75,80,79,95,66,90,64,81,65,70,68,75,65,57,59,78,78,78,70,68,64,89,65,47,77,79,71
peyton-watson,Peyton Watson,Cleveland Cavaliers,SF|PF,2-Way Sharpshooter,https://www.2kratings.com/wp-content/uploads/Peyton-Watson-2K-Photo-1280x720.jpg,https://www.2kratings.com/peyton-watson,https://www.2kratings.com/wp-content/uploads/Cleveland-Cavaliers-Secondary-Logo.svg,79,79,200,80,70,74,84,80,62,40,65,72,78,73,95,80,75,78,90,80,42,60,62,78,39,78,40,42,44,65,77,76,88,60,43,69,82,82
tim-hardaway-jr,Tim Hardaway Jr.,Miami Heat,SG|SF,Crafty Sharpshooter,https://www.2kratings.com/wp-content/uploads/Tim-Hardaway-Jr-2K-Photo-1280x720.jpg,https://www.2kratings.com/tim-hardaway-jr,https://www.2kratings.com/wp-content/uploads/Miami-Heat-Secondary-Logo.svg,79,77,205,75,78,35,91,40,48,70,78,85,82,81,71,63,83,45,84,80,29,75,84,58,33,70,38,53,36,85,68,68,85,35,36,55,87,78
bennedict-mathurin,Bennedict Mathurin,New Orleans Pelicans,SG|SF,Showmaker,https://www.2kratings.com/wp-content/uploads/Bennedict-Mathurin-2K-Photo-1280x720.jpg,https://www.2kratings.com/bennedict-mathurin,https://www.2kratings.com/wp-content/uploads/New-Orleans-Pelicans-Secondary-Logo.svg,79,77,210,84,79,42,83,50,66,67,80,77,85,87,90,65,85,42,79,85,44,75,82,62,42,69,55,58,55,75,84,81,92,35,40,54,76,82
gui-santos,Gui Santos,Golden State Warriors,SF|PF,Crafty Sniper,https://www.2kratings.com/wp-content/uploads/Gui-Santos-2K-Photo-1280x720.jpg,https://www.2kratings.com/gui-santos,https://www.2kratings.com/wp-content/uploads/Golden-State-Warriors-Secondary-Logo.svg,78,79,185,72,69,55,96,50,65,45,65,84,86,73,80,70,75,66,69,80,54,69,69,57,64,69,59,59,59,70,73,69,80,50,63,50,80,74
tari-eason,Tari Eason,Houston Rockets,SF|SG,Physical Lock,https://www.2kratings.com/wp-content/uploads/Tari-Eason-2K-Photo-1280x720.jpg,https://www.2kratings.com/tari-eason,https://www.2kratings.com/wp-content/uploads/Houston-Rockets-Secondary-Logo.svg,78,80,215,85,70,56,75,80,69,44,80,79,79,75,80,84,85,78,54,40,67,50,47,85,35,85,51,52,54,60,80,72,85,35,70,70,80,80
obi-toppin,Obi Toppin,Indiana Pacers,PF|C,Glass-Cleaning Finisher,https://www.2kratings.com/wp-content/uploads/Obi-Toppin-2K-Photo-1280x720.jpg,https://www.2kratings.com/obi-toppin,https://www.2kratings.com/wp-content/uploads/Indiana-Pacers-Secondary-Logo.svg,78,81,220,69,60,32,98,40,83,60,90,88,65,85,90,62,70,66,53,60,41,55,59,47,70,48,69,67,67,60,70,56,88,85,43,74,75,90
jarace-walker,Jarace Walker,Indiana Pacers,SF|PF,Poster Dunker,https://www.2kratings.com/wp-content/uploads/Jarace-Walker-2K-Photo-1280x720.jpg,https://www.2kratings.com/jarace-walker,https://www.2kratings.com/wp-content/uploads/Indiana-Pacers-Secondary-Logo.svg,78,79,235,81,62,51,82,60,75,40,85,72,88,75,80,60,80,67,74,80,37,69,68,62,53,62,58,58,57,75,81,70,90,70,43,83,81,90
jaylen-wells,Jaylen Wells,Memphis Grizzlies,SF|SG,2-Way Sharpshooter,https://www.2kratings.com/wp-content/uploads/Jaylen-Wells-2K-Photo-1280x720.jpg,https://www.2kratings.com/jaylen-wells,https://www.2kratings.com/wp-content/uploads/Memphis-Grizzlies-Secondary-Logo.svg,78,80,205,80,75,37,94,75,48,55,70,77,89,78,80,78,85,51,90,60,42,62,64,75,37,80,42,44,42,60,86,70,85,45,46,66,82,67
pelle-larsson,Pelle Larsson,Miami Heat,SF|SG,Mid-Paint Pro,https://www.2kratings.com/wp-content/uploads/Pelle-Larsson-2K-Photo-1280x720.jpg,https://www.2kratings.com/pelle-larsson,https://www.2kratings.com/wp-content/uploads/Miami-Heat-Secondary-Logo.svg,78,77,215,80,68,45,94,50,49,69,75,75,84,79,80,60,85,52,87,75,45,64,68,57,65,65,42,44,38,70,87,74,85,45,41,55,76,79
donte-divincenzo,Donte DiVincenzo,Minnesota Timberwolves,PG|SG,2-Way Off-Screen Shooter,https://www.2kratings.com/wp-content/uploads/Donte-DiVincenzo-2K-Photo-1-1280x720.jpg,https://www.2kratings.com/donte-divincenzo,https://www.2kratings.com/wp-content/uploads/Minnesota-Timberwolves-Secondary-Logo.svg,78,76,203,87,79,51,84,80,54,52,75,85,83,76,70,84,85,58,88,80,40,77,79,88,64,82,38,45,28,80,85,81,90,25,59,60,84,95
miles-mcbride,Miles McBride,New York Knicks,SG|PG,2-Way Shot Hunter,https://www.2kratings.com/wp-content/uploads/Miles-McBride-2K-Photo-1280x720.jpg,https://www.2kratings.com/miles-mcbride,https://www.2kratings.com/wp-content/uploads/New-York-Knicks-Secondary-Logo.svg,78,74,195,86,88,40,58,75,44,55,65,74,76,81,80,78,85,40,91,70,37,72,72,74,52,81,48,58,25,80,86,80,85,25,42,44,86,80
mark-williams,Mark Williams,Phoenix Suns,C,Putback Bullmasher,https://www.2kratings.com/wp-content/uploads/Mark-Williams-2K-Photo-1280x720.jpg,https://www.2kratings.com/mark-williams,https://www.2kratings.com/wp-content/uploads/Phoenix-Suns-Secondary-Logo.svg,78,85,240,64,35,76,97,60,84,55,75,76,75,77,85,74,88,75,60,85,90,44,64,60,32,44,60,60,60,65,65,32,75,85,56,86,36,75
robert-williams-iii,Robert Williams III,Portland Trail Blazers,C|PF,Board-Enforcing Finisher,https://www.2kratings.com/wp-content/uploads/Robert-Williams-III-2K-Photo-1280x720.jpg,https://www.2kratings.com/robert-williams-iii,https://www.2kratings.com/wp-content/uploads/Portland-Trail-Blazers-Secondary-Logo.svg,78,81,249,64,48,95,98,85,91,37,75,84,66,62,75,88,90,85,69,35,91,57,62,85,37,78,65,50,60,30,71,38,80,80,46,83,74,75
kyle-filipowski,Kyle Filipowski,Utah Jazz,C|PF,Rim-Running Cleaner,https://www.2kratings.com/wp-content/uploads/Kyle-Filipowski-2K-Photo-1280x720.jpg,https://www.2kratings.com/kyle-filipowski,https://www.2kratings.com/wp-content/uploads/Utah-Jazz-2K-Roster-Secondary-Logo.svg,78,83,250,57,69,61,97,50,86,50,70,64,90,75,85,65,90,60,70,75,65,60,60,57,61,55,74,72,74,70,77,57,85,70,59,70,76,66
bilal-coulibaly,Bilal Coulibaly,Washington Wizards,SF|SG,High-Flying Lockdown,https://www.2kratings.com/wp-content/uploads/Bilal-Coulibaly-2K-Photo-1280x720.jpg,https://www.2kratings.com/bilal-coulibaly,https://www.2kratings.com/wp-content/uploads/Washington-Wizards-Secondary-Logo.svg,78,79,195,85,72,71,65,75,62,50,85,78,81,75,80,78,80,67,70,50,41,69,72,78,52,80,50,50,50,75,82,64,92,60,76,63,73,85
tre-johnson,Tre Johnson,Washington Wizards,SG|PG,Perimeter Shot Hunter,https://www.2kratings.com/wp-content/uploads/Tre-Johnson-2K-Photo-1280x720.jpg,https://www.2kratings.com/tre-johnson,https://www.2kratings.com/wp-content/uploads/Washington-Wizards-Secondary-Logo.svg,78,77,190,82,86,51,81,55,51,55,75,75,81,87,95,60,80,41,98,65,35,66,67,62,47,62,75,44,42,65,77,76,86,50,38,58,82,86
will-riley,Will Riley,Washington Wizards,PF|SF,Blow-By Finisher,https://www.2kratings.com/wp-content/uploads/Will-Riley-2K-Photo-1280x720.jpg,https://www.2kratings.com/will-riley,https://www.2kratings.com/wp-content/uploads/Washington-Wizards-Secondary-Logo.svg,78,81,180,65,70,35,88,50,49,79,70,82,92,80,95,65,85,60,68,95,43,66,68,57,45,62,59,66,59,85,82,74,85,30,46,59,76,67
jared-mccain,Jared McCain,Oklahoma City Thunder,PG|SG,Perimeter Shot Hunter,https://www.2kratings.com/wp-content/uploads/Jared-McCain-2K-Photo-1280x720.jpg,https://www.2kratings.com/jared-mccain,https://www.2kratings.com/wp-content/uploads/Oklahoma-City-Thunder-Secondary-Logo.svg,78,75,195,76,86,35,83,55,52,60,70,78,78,87,85,60,80,45,77,80,36,73,73,60,42,63,38,38,37,90,76,75,85,30,43,52,84,68
isaiah-joe,Isaiah Joe,Detroit Pistons,SG|PG,Crafty Sharpshooter,https://www.2kratings.com/wp-content/uploads/Isaiah-Joe-2K-Photo-1280x720.jpg,https://www.2kratings.com/isaiah-joe,https://www.2kratings.com/wp-content/uploads/Detroit-Pistons-Secondary-Logo.svg,78,76,165,77,74,42,96,55,50,85,60,86,80,89,85,61,75,42,92,85,37,67,69,52,36,69,30,38,35,65,72,63,80,40,46,47,87,79
jaime-jaquez-jr,Jaime Jaquez Jr.,Milwaukee Bucks,PF|SF,Off-Ball Cutter,https://www.2kratings.com/wp-content/uploads/Jaime-Jaquez-Jr-2K-Photo-1280x720.jpg,https://www.2kratings.com/jaime-jaquez-jr,https://www.2kratings.com/wp-content/uploads/Milwaukee-Bucks-Secondary-Logo.svg,78,78,230,75,73,47,92,75,61,45,88,86,91,77,80,75,90,68,69,80,48,70,74,72,71,72,63,64,60,70,67,64,88,55,40,70,73,82
santi-aldama,Santi Aldama,Dallas Mavericks,PF|C,Stretch Four,https://www.2kratings.com/wp-content/uploads/Santi-Aldama-2K-Photo-1280x720.jpg,https://www.2kratings.com/santi-aldama,https://www.2kratings.com/wp-content/uploads/Dallas-Mavericks-Secondary-Logo.svg,78,84,215,60,68,62,97,65,73,50,65,79,77,67,95,74,80,67,80,85,55,70,70,68,62,66,72,71,72,70,59,54,80,70,43,74,80,59
quentin-grimes,Quentin Grimes,Los Angeles Lakers,SG|SF,2-Way Silky Iso Sniper,https://www.2kratings.com/wp-content/uploads/Quentin-Grimes-2K-Photo-1280x720.jpg,https://www.2kratings.com/quentin-grimes,https://www.2kratings.com/wp-content/uploads/Los-Angeles-Lakers-Secondary-Logo.svg,78,76,210,84,79,51,89,75,53,72,70,82,89,84,80,80,80,46,70,75,36,70,75,78,62,83,42,48,39,70,86,79,85,25,42,63,79,75
caris-levert,Caris LeVert,Milwaukee Bucks,SF|SG,Point-Fading Wizard,https://www.2kratings.com/wp-content/uploads/Caris-LeVert-2K-Photo-1280x720.jpg,https://www.2kratings.com/caris-levert,https://www.2kratings.com/wp-content/uploads/Milwaukee-Bucks-Secondary-Logo.svg,78,79,205,77,86,73,83,60,47,60,75,80,75,66,95,70,80,45,84,75,36,75,84,68,67,74,49,54,52,60,75,72,92,60,63,54,79,80
nikola-vucevic,Nikola Vucevic,Orlando Magic,C,Triple-Double Threat,https://www.2kratings.com/wp-content/uploads/Nikola-Vucevic-2K-Photo-1280x720.jpg,https://www.2kratings.com/nikola-vucevic,https://www.2kratings.com/wp-content/uploads/Orlando-Magic-Secondary-Logo.svg,78,81,260,49,35,60,97,45,85,44,65,69,78,81,80,67,70,68,83,60,63,77,76,57,66,41,85,83,86,70,62,32,88,75,37,85,81,45
deandre-ayton,Deandre Ayton,Washington Wizards,C,Middy Bullmasher,https://www.2kratings.com/wp-content/uploads/Deandre-Ayton-2K-Photo-1280x720.jpg,https://www.2kratings.com/deandre-ayton,https://www.2kratings.com/wp-content/uploads/Washington-Wizards-Secondary-Logo.svg,78,84,252,65,61,72,98,70,83,58,75,79,81,63,82,75,50,76,85,40,77,53,70,64,29,49,82,78,82,60,75,55,75,90,38,85,63,82
luguentz-dort,Luguentz Dort,Atlanta Hawks,SG|SF,2-Way Middy Posterizer,https://www.2kratings.com/wp-content/uploads/Luguentz-Dort-2K-Photo-1280x720.jpg,https://www.2kratings.com/luguentz-dort,https://www.2kratings.com/wp-content/uploads/Atlanta-Hawks-Secondary-Logo.svg,78,76,220,94,72,55,64,90,51,40,85,71,84,76,85,90,94,75,86,40,42,67,68,88,31,90,44,38,40,40,79,76,92,50,75,78,78,87
max-strus,Max Strus,Los Angeles Clippers,SF|SG,Gritty Sharpshooter,https://www.2kratings.com/wp-content/uploads/Max-Strus-2K-Photo-1280x720.jpg,https://www.2kratings.com/max-strus,https://www.2kratings.com/wp-content/uploads/Los-Angeles-Clippers-Primary-Logo.svg,78,77,215,76,69,25,86,50,81,42,65,74,58,88,85,60,70,45,85,70,47,72,70,57,42,66,47,47,48,70,76,74,95,35,33,49,91,74
sam-merrill,Sam Merrill,Cleveland Cavaliers,SG|SF,Deep-Range Dimer,https://www.2kratings.com/wp-content/uploads/Sam-Merrill-2K-Photo-1280x720.jpg,https://www.2kratings.com/sam-merrill,https://www.2kratings.com/wp-content/uploads/Cleveland-Cavaliers-Secondary-Logo.svg,77,76,205,68,76,37,87,55,46,55,45,69,70,86,80,62,60,42,69,80,36,74,79,62,46,68,48,44,30,80,62,60,80,30,38,52,91,60
paul-reed,Paul Reed,Detroit Pistons,C|PF,Disruptive Board Crasher,https://www.2kratings.com/wp-content/uploads/Paul-Reed-2K-Photo-1280x720.jpg,https://www.2kratings.com/paul-reed,https://www.2kratings.com/wp-content/uploads/Detroit-Pistons-Secondary-Logo.svg,77,81,210,52,52,90,98,40,76,64,75,82,82,65,75,66,80,69,74,70,92,48,44,58,50,43,70,70,70,60,49,41,80,80,91,86,76,65
al-horford,Al Horford,Golden State Warriors,C|PF,Facilitating Popper,https://www.2kratings.com/wp-content/uploads/Al-Horford-2K-Photo-1280x720.jpg,https://www.2kratings.com/al-horford,https://www.2kratings.com/wp-content/uploads/Golden-State-Warriors-Secondary-Logo.svg,77,80,240,67,50,84,92,85,77,37,65,65,66,85,84,85,85,82,79,50,50,79,84,78,64,68,79,79,76,55,53,33,95,70,46,88,80,69
brook-lopez,Brook Lopez,Los Angeles Clippers,C,Shot-Erasing Post Bully,https://www.2kratings.com/wp-content/uploads/Brook-Lopez-2K-Photo-1280x720.jpg,https://www.2kratings.com/brook-lopez,https://www.2kratings.com/wp-content/uploads/Los-Angeles-Clippers-Primary-Logo.svg,77,85,282,60,35,85,94,80,64,40,65,54,78,77,85,80,85,80,74,70,40,35,70,78,36,45,86,76,76,60,25,25,92,75,43,89,80,60
derrick-jones-jr,Derrick Jones Jr.,Los Angeles Clippers,PF|SF,2-Way Middy Rim Wrecker,https://www.2kratings.com/wp-content/uploads/Derrick-Jones-Jr-2K-Photo-1280x720.jpg,https://www.2kratings.com/derrick-jones-jr,https://www.2kratings.com/wp-content/uploads/Los-Angeles-Clippers-Primary-Logo.svg,77,78,210,82,68,75,91,80,48,52,94,78,71,76,90,81,80,67,82,65,48,65,54,80,34,82,52,52,50,60,77,61,83,85,49,74,79,93
gregory-jackson-ii,G.G. Jackson,Memphis Grizzlies,PF|SF,Slashing Middy Ace,https://www.2kratings.com/wp-content/uploads/GG-Jackson-2K-Photo-1280x720.jpg,https://www.2kratings.com/gregory-jackson-ii,https://www.2kratings.com/wp-content/uploads/Memphis-Grizzlies-Secondary-Logo.svg,77,81,210,79,62,73,88,40,68,49,85,73,82,74,95,70,60,58,89,70,47,59,50,69,41,58,59,59,59,60,82,80,88,65,40,62,76,82
davion-mitchell,Davion Mitchell,Miami Heat,PG|SG,2-Way Iso Sniper,https://www.2kratings.com/wp-content/uploads/Davion-Mitchell-2K-Photo-1280x720.jpg,https://www.2kratings.com/davion-mitchell,https://www.2kratings.com/wp-content/uploads/Miami-Heat-Secondary-Logo.svg,77,72,210,88,86,37,98,85,45,30,40,80,84,67,95,85,95,44,74,65,33,75,75,82,74,86,30,30,30,55,82,82,90,25,46,60,82,70
kyle-kuzma,Kyle Kuzma,Milwaukee Bucks,SF|PF,Drive & Rise Bully,https://www.2kratings.com/wp-content/uploads/Kyle-Kuzma-2K-Photo-1280x720.jpg,https://www.2kratings.com/kyle-kuzma,https://www.2kratings.com/wp-content/uploads/Milwaukee-Bucks-Secondary-Logo.svg,77,81,201,74,77,55,84,70,66,50,75,77,81,72,95,74,95,66,79,70,42,66,78,72,59,75,66,65,66,60,74,67,85,75,41,74,78,75
landry-shamet,Landry Shamet,New York Knicks,SG|SF,Playmaking 3PT Creator,https://www.2kratings.com/wp-content/uploads/Landry-Shamet-2K-Photo-1280x720.jpg,https://www.2kratings.com/landry-shamet,https://www.2kratings.com/wp-content/uploads/New-York-Knicks-Secondary-Logo.svg,77,77,190,85,78,45,69,35,41,69,70,82,71,72,76,57,81,25,82,75,36,79,79,50,36,60,26,38,30,80,85,82,85,35,40,41,83,80
jaylin-williams,Jaylin Williams,Oklahoma City Thunder,C,Glass-Cleaning Stretch,https://www.2kratings.com/wp-content/uploads/Jaylin-Williams-2K-Photo-1280x720.jpg,https://www.2kratings.com/jaylin-williams,https://www.2kratings.com/wp-content/uploads/Oklahoma-City-Thunder-Secondary-Logo.svg,77,81,240,57,59,72,83,55,87,67,75,77,81,79,75,67,90,68,85,75,39,70,74,57,62,54,68,67,69,80,50,38,78,75,40,70,82,62
deandre-hunter,De’Andre Hunter,Sacramento Kings,SF|PF,2-Way Mid-Paint Pro,https://www.2kratings.com/wp-content/uploads/DeAndre-Hunter-2K-Photo-1280x720.jpg,https://www.2kratings.com/deandre-hunter,https://www.2kratings.com/wp-content/uploads/Sacramento-Kings-Secondary-Logo.svg,77,79,221,83,70,37,94,80,63,60,70,77,71,87,85,80,80,63,82,70,38,67,64,60,42,82,51,52,51,60,76,69,88,65,38,65,73,75
jose-alvarado,Jose Alvarado,New York Knicks,PG|SG,Pesky Perimeter Lock,https://www.2kratings.com/wp-content/uploads/Jose-Alvarado-2K-Photo-1280x720.jpg,https://www.2kratings.com/jose-alvarado,https://www.2kratings.com/wp-content/uploads/New-York-Knicks-Secondary-Logo.svg,77,72,179,86,73,37,91,85,53,40,30,71,78,80,85,85,79,31,74,75,35,70,71,85,71,85,30,30,35,75,76,75,80,25,85,42,79,78
isaiah-stewart,Isaiah Stewart,Memphis Grizzlies,C|PF,2-Way Popper,https://www.2kratings.com/wp-content/uploads/Isaiah-Stewart-2K-Photo-1280x720.jpg,https://www.2kratings.com/isaiah-stewart,https://www.2kratings.com/wp-content/uploads/Memphis-Grizzlies-Secondary-Logo.svg,77,80,250,71,34,91,92,80,66,50,70,78,83,76,70,86,85,87,77,60,65,44,50,42,33,78,75,64,73,55,63,52,80,75,32,89,77,70
jonas-valanciunas,Jonas Valančiūnas,Free Agency,C,Board-Hunting Post Bully,https://www.2kratings.com/wp-content/uploads/Jonas-Valanciunas-2K-Photo-1280x720.jpg,https://www.2kratings.com/jonas-valanciunas,https://www.2kratings.com/wp-content/uploads/free-agency.svg,77,83,265,48,35,81,98,45,88,65,65,80,77,77,80,60,80,69,74,70,85,36,65,47,55,40,89,64,84,60,49,33,90,80,35,91,72,54
caleb-wilson,Caleb Wilson,Chicago Bulls,PF|C,2-Way Rim-Rocking Slasher,https://www.2kratings.com/wp-content/uploads/Caleb-Wilson-1280x720.jpg,https://www.2kratings.com/caleb-wilson,https://www.2kratings.com/wp-content/uploads/Chicago-Bulls-Secondary-Logo.svg,77,82,215,82,67,79,82,65,75,66,88,82,67,71,75,75,85,77,67,50,67,59,65,70,37,75,60,61,61,60,85,76,88,75,67,61,65,92
jarred-vanderbilt,Jarred Vanderbilt,Los Angeles Lakers,PF|C,Switch Defender,https://www.2kratings.com/wp-content/uploads/Jarred-Vanderbilt-2K-Photo-1280x720.jpg,https://www.2kratings.com/jarred-vanderbilt,https://www.2kratings.com/wp-content/uploads/Los-Angeles-Lakers-Secondary-Logo.svg,76,80,214,83,65,56,58,80,79,40,75,71,78,62,85,81,95,83,74,40,67,60,38,80,37,81,50,32,40,50,75,65,75,75,63,70,72,80
sam-hauser,Sam Hauser,Boston Celtics,SF|PF,Sharpshooter,https://www.2kratings.com/wp-content/uploads/Sam-Hauser-2K-Photo-1280x720.jpg,https://www.2kratings.com/sam-hauser,https://www.2kratings.com/wp-content/uploads/Boston-Celtics-Secondary-Logo.svg,76,79,217,62,43,52,94,45,60,55,60,61,82,89,95,52,88,48,79,75,41,50,60,44,34,55,45,45,44,75,61,55,85,40,38,66,87,62
noah-clowney,Noah Clowney,Brooklyn Nets,PF|C,Rim-Wrecking Stretch,https://www.2kratings.com/wp-content/uploads/Noah-Clowney-2K-Photo-1280x720.jpg,https://www.2kratings.com/noah-clowney,https://www.2kratings.com/wp-content/uploads/Brooklyn-Nets-Secondary-Logo.svg,76,82,210,64,59,62,88,55,64,65,80,67,83,80,85,67,85,68,43,80,41,57,68,66,38,57,60,59,60,95,64,57,90,80,42,64,78,75
egor-demin,Egor Dëmin,Brooklyn Nets,SG|PG,Playmaking 3PT Creator,https://www.2kratings.com/wp-content/uploads/Egor-Demin-2K-Photo-1280x720.jpg,https://www.2kratings.com/egor-demin,https://www.2kratings.com/wp-content/uploads/Brooklyn-Nets-Secondary-Logo.svg,76,80,200,75,86,51,89,60,60,57,65,83,78,83,90,60,90,47,60,75,34,84,85,67,70,65,55,51,52,60,70,70,88,45,46,60,82,74
nolan-traore,Nolan Traore,Brooklyn Nets,PG|SG,Open-Lane Burner,https://www.2kratings.com/wp-content/uploads/Nolan-Traore-2K-Photo-1280x720.jpg,https://www.2kratings.com/nolan-traore,https://www.2kratings.com/wp-content/uploads/Brooklyn-Nets-Secondary-Logo.svg,76,75,175,85,86,56,83,40,45,62,70,78,88,77,81,57,80,44,57,80,31,79,80,60,73,60,69,44,42,70,85,85,92,30,49,56,74,74
jalen-smith,Jalen Smith,Chicago Bulls,C|PF,Stretch Riser,https://www.2kratings.com/wp-content/uploads/Jalen-Smith-2K-Photo-1280x720.jpg,https://www.2kratings.com/jalen-smith,https://www.2kratings.com/wp-content/uploads/Chicago-Bulls-Secondary-Logo.svg,76,80,215,68,38,76,71,45,85,57,80,70,77,74,80,73,70,70,67,80,69,29,40,44,37,48,71,71,72,70,69,49,82,85,37,79,80,86
jaylon-tyson,Jaylon Tyson,Cleveland Cavaliers,SF|PF,Shifty Sniper,https://www.2kratings.com/wp-content/uploads/Jaylon-Tyson-2K-Photo-1280x720.jpg,https://www.2kratings.com/jaylon-tyson,https://www.2kratings.com/wp-content/uploads/Cleveland-Cavaliers-Secondary-Logo.svg,76,78,215,76,75,53,92,60,59,60,75,77,83,70,80,70,90,50,65,70,61,62,69,67,43,70,52,57,40,65,80,77,85,40,42,63,84,75
moses-moody,Moses Moody,Golden State Warriors,SF|SG,Crafty Iso Sniper,https://www.2kratings.com/wp-content/uploads/Moses-Moody-2K-Photo-1280x720.jpg,https://www.2kratings.com/moses-moody,https://www.2kratings.com/wp-content/uploads/Golden-State-Warriors-Secondary-Logo.svg,76,77,211,77,74,60,82,65,52,70,70,85,83,77,80,69,80,68,73,70,42,65,64,60,37,71,49,48,44,55,73,70,88,40,53,68,86,70
deanthony-melton,De’Anthony Melton,Golden State Warriors,SG|PG,2-Way Dribble Tech,https://www.2kratings.com/wp-content/uploads/DeAnthony-Melton-2K-Photo-1280x720.jpg,https://www.2kratings.com/deanthony-melton,https://www.2kratings.com/wp-content/uploads/Golden-State-Warriors-Secondary-Logo.svg,76,74,200,81,79,55,88,80,54,49,70,74,69,83,95,82,85,48,72,80,45,74,74,82,63,82,48,58,25,70,76,74,80,25,97,54,70,75
cam-spencer,Cam Spencer,Memphis Grizzlies,SG|PG,Diming Sharpshooter,https://www.2kratings.com/wp-content/uploads/Cam-Spencer-2K-Photo-1280x720.jpg,https://www.2kratings.com/cam-spencer,https://www.2kratings.com/wp-content/uploads/Memphis-Grizzlies-Secondary-Logo.svg,76,75,205,73,77,40,97,45,47,52,55,69,84,94,85,50,90,44,86,70,37,84,84,52,77,59,30,37,36,60,73,70,85,30,43,50,84,53
jordan-clarkson,Jordan Clarkson,New York Knicks,SG|SF,Dribble Technician,https://www.2kratings.com/wp-content/uploads/Jordan-Clarkson-2K-Photo-1280x720.jpg,https://www.2kratings.com/jordan-clarkson,https://www.2kratings.com/wp-content/uploads/New-York-Knicks-Secondary-Logo.svg,76,77,194,75,86,42,97,40,38,60,70,83,79,82,98,52,80,43,63,70,52,73,73,49,41,58,38,37,30,70,79,79,80,25,38,54,76,85
kenrich-williams,Kenrich Williams,Oklahoma City Thunder,PF|C,2-Way Stretch,https://www.2kratings.com/wp-content/uploads/Kenrich-Williams-2K-Photo-1280x720.jpg,https://www.2kratings.com/kenrich-williams,https://www.2kratings.com/wp-content/uploads/Oklahoma-City-Thunder-Secondary-Logo.svg,76,79,210,75,69,42,84,75,63,55,65,81,74,64,90,74,90,68,90,60,60,69,69,75,46,75,58,58,57,70,66,63,80,40,53,63,82,72
tristan-da-silva,Tristan da Silva,Orlando Magic,SF|PF,Catch & Shoot Sniper,https://www.2kratings.com/wp-content/uploads/Tristan-da-Silva-2K-Photo-1280x720.jpg,https://www.2kratings.com/tristan-da-silva,https://www.2kratings.com/wp-content/uploads/Orlando-Magic-Secondary-Logo.svg,76,80,217,67,69,51,90,50,59,55,65,77,92,89,90,58,85,64,49,70,41,64,68,57,37,64,69,69,69,85,85,59,90,60,53,62,83,67
precious-achiuwa,Precious Achiuwa,Sacramento Kings,PF|C,Rim Wrecker,https://www.2kratings.com/wp-content/uploads/Precious-Achiuwa-2K-Photo-1280x720.jpg,https://www.2kratings.com/precious-achiuwa,https://www.2kratings.com/wp-content/uploads/Sacramento-Kings-Secondary-Logo.svg,76,80,225,74,49,66,94,75,78,50,80,79,83,56,75,79,90,79,60,65,75,36,50,70,35,56,42,44,57,60,75,66,84,85,56,78,73,79
harrison-barnes,Harrison Barnes,San Antonio Spurs,PF|SF,Faceup Layup Pro,https://www.2kratings.com/wp-content/uploads/Harrison-Barnes-2K-Photo-1280x720.jpg,https://www.2kratings.com/harrison-barnes,https://www.2kratings.com/wp-content/uploads/San-Antonio-Spurs-Secondary-Logo.svg,76,79,295,75,78,40,85,60,45,40,80,86,85,83,75,65,75,67,63,80,42,62,67,65,39,72,79,65,48,50,77,73,92,55,40,70,82,95
luke-kornet,Luke Kornet,San Antonio Spurs,C,Shot-Axing Post Crasher,https://www.2kratings.com/wp-content/uploads/Luke-Kornet-2K-Photo-1280x720.jpg,https://www.2kratings.com/luke-kornet,https://www.2kratings.com/wp-content/uploads/San-Antonio-Spurs-Secondary-Logo.svg,76,85,250,37,43,81,85,70,68,58,60,65,75,82,85,76,85,74,66,75,90,50,60,54,42,32,78,78,78,80,38,33,85,75,37,75,70,62
carter-bryant,Carter Bryant,San Antonio Spurs,SF|PF,2-Way Wing Runner,https://www.2kratings.com/wp-content/uploads/Carter-Bryant-2K-Photo-1280x720.jpg,https://www.2kratings.com/carter-bryant,https://www.2kratings.com/wp-content/uploads/San-Antonio-Spurs-Secondary-Logo.svg,76,78,220,88,70,62,60,85,72,38,88,70,87,71,80,82,85,60,74,55,49,62,62,80,32,84,50,50,50,50,88,75,85,45,37,66,77,80
jamal-shead,Jamal Shead,Toronto Raptors,PG|SG,Open-Lane Burner,https://www.2kratings.com/wp-content/uploads/Jamal-Shead-2K-Photo-1280x720.jpg,https://www.2kratings.com/jamal-shead,https://www.2kratings.com/wp-content/uploads/Toronto-Raptors-Secondary-Logo.svg,76,73,200,94,86,45,72,50,43,40,50,72,91,78,80,67,95,34,51,70,33,84,86,60,75,77,30,31,30,85,93,88,88,25,63,49,74,74
jakobe-walter,Ja’Kobe Walter,Toronto Raptors,SG|SF,Ball-Hawking Bomber,https://www.2kratings.com/wp-content/uploads/JaKobe-Walter-2K-Photo-1280x720.jpg,https://www.2kratings.com/jakobe-walter,https://www.2kratings.com/wp-content/uploads/Toronto-Raptors-Secondary-Logo.svg,76,76,180,82,70,47,84,50,50,45,75,76,84,83,80,59,85,47,78,75,47,69,69,55,34,66,50,50,49,85,89,79,88,35,76,57,82,76
jusuf-nurkic,Jusuf Nurkic,Utah Jazz,C,Ball-Snatching Popper,https://www.2kratings.com/wp-content/uploads/Jusuf-Nurkic-2K-Photo-1280x720.jpg,https://www.2kratings.com/jusuf-nurkic,https://www.2kratings.com/wp-content/uploads/Utah-Jazz-2K-Roster-Secondary-Logo.svg,76,83,290,49,40,56,97,70,93,70,65,65,67,55,85,79,75,71,88,60,73,70,82,60,73,45,77,72,77,50,51,25,86,75,73,90,79,50
bub-carrington,Carlton Carrington,Washington Wizards,PG|SG,Perimeter Shot Hunter,https://www.2kratings.com/wp-content/uploads/Bub-Carrington-2K-Photo-1280x720.jpg,https://www.2kratings.com/bub-carrington,https://www.2kratings.com/wp-content/uploads/Washington-Wizards-Secondary-Logo.svg,76,76,195,72,86,42,69,35,54,57,60,69,96,72,85,52,80,40,80,70,33,79,79,52,71,55,55,55,54,95,82,77,89,35,38,54,83,75
justin-champagnie,Justin Champagnie,Washington Wizards,PF|SF,2-Way Middy Crasher,https://www.2kratings.com/wp-content/uploads/Justin-Champagnie-2K-Photo-1280x720.jpg,https://www.2kratings.com/justin-champagnie,https://www.2kratings.com/wp-content/uploads/Washington-Wizards-Secondary-Logo.svg,76,78,206,73,69,67,71,70,72,42,75,80,86,78,80,74,85,49,79,75,76,62,62,73,36,73,40,44,48,75,73,66,80,65,59,70,75,78
ousmane-dieng,Ousmane Dieng,Milwaukee Bucks,SF|PF,Perimeter Shot Hunter,https://www.2kratings.com/wp-content/uploads/Ousmane-Dieng-2K-Photo-1280x720.jpg,https://www.2kratings.com/ousmane-dieng,https://www.2kratings.com/wp-content/uploads/Milwaukee-Bucks-Secondary-Logo.svg,76,81,185,78,70,56,85,45,62,47,75,66,81,76,90,60,80,67,77,65,39,69,70,52,62,68,48,48,45,75,78,75,88,45,40,62,81,79
royce-oneale,Royce O’Neale,Charlotte Hornets,PF|SF,2-Way Stretch,https://www.2kratings.com/wp-content/uploads/Royce-ONeale-2K-Photo-1280x720.jpg,https://www.2kratings.com/royce-oneale,https://www.2kratings.com/wp-content/uploads/Charlotte-Hornets-Secondary-Logo.svg,76,78,226,83,68,53,73,75,66,59,70,78,85,72,75,80,80,68,70,70,38,60,63,68,49,80,59,52,54,75,62,62,80,55,56,67,84,65
keon-ellis,Keon Ellis,Brooklyn Nets,SF|SG,Pesky Perimeter Lock,https://www.2kratings.com/wp-content/uploads/Keon-Ellis-2K-Photo-1280x720.jpg,https://www.2kratings.com/keon-ellis,https://www.2kratings.com/wp-content/uploads/Brooklyn-Nets-Secondary-Logo.svg,76,76,175,84,74,70,95,85,42,54,65,77,88,72,85,82,80,58,60,40,39,64,65,87,31,84,38,40,27,50,81,77,85,25,93,54,80,79
marvin-bagley-iii,Marvin Bagley III,Denver Nuggets,C|PF,Possession Extender,https://www.2kratings.com/wp-content/uploads/Marvin-Bagley-III-2K-Photo-1280x720.jpg,https://www.2kratings.com/marvin-bagley-iii,https://www.2kratings.com/wp-content/uploads/Denver-Nuggets-Secondary-Logo.svg,76,83,235,74,62,70,94,40,75,50,75,75,73,65,70,60,80,58,79,75,86,47,60,65,42,49,78,78,78,60,73,64,85,70,38,82,75,86
sandro-mamukelashvili,Sandro Mamukelashvili,Los Angeles Lakers,PF|C,Popper,https://www.2kratings.com/wp-content/uploads/Sandro-Mamukelashvili-2K-Photo-1280x720.jpg,https://www.2kratings.com/sandro-mamukelashvili,https://www.2kratings.com/wp-content/uploads/Los-Angeles-Lakers-Secondary-Logo.svg,76,81,240,59,59,63,90,45,71,54,65,72,81,75,85,68,85,65,70,80,60,62,69,52,46,50,63,60,62,75,59,49,85,65,53,76,81,69
andre-drummond,Andre Drummond,New York Knicks,C,Board-Hunting Stretch Riser,https://www.2kratings.com/wp-content/uploads/Andre-Drummond-2K-Photo-1280x720.jpg,https://www.2kratings.com/andre-drummond,https://www.2kratings.com/wp-content/uploads/New-York-Knicks-Secondary-Logo.svg,76,83,279,58,45,78,85,65,91,40,80,63,77,64,85,74,75,75,60,50,94,52,70,70,36,52,64,45,70,50,60,49,75,85,43,94,79,79
dean-wade,Dean Wade,Philadelphia 76ers,PF|SF,2-Way Masher,https://www.2kratings.com/wp-content/uploads/Dean-Wade-2K-Photo-1280x720.jpg,https://www.2kratings.com/dean-wade,https://www.2kratings.com/wp-content/uploads/Philadelphia-76ers-Secondary-Logo.svg,76,81,228,84,60,56,93,85,66,44,75,78,73,71,70,84,85,80,70,40,47,38,55,82,35,84,64,60,60,60,62,43,80,80,49,69,79,83
jaxson-hayes,Jaxson Hayes,Utah Jazz,C|PF,Rim Wrecker,https://www.2kratings.com/wp-content/uploads/Jaxson-Hayes-2K-Photo-1280x720.jpg,https://www.2kratings.com/jaxson-hayes,https://www.2kratings.com/wp-content/uploads/Utah-Jazz-2K-Roster-Secondary-Logo.svg,76,84,220,64,38,80,98,65,67,52,88,78,84,64,90,79,95,78,68,65,69,29,40,45,33,48,65,54,68,60,58,41,80,85,40,72,60,75
khris-middleton,Khris Middleton,Washington Wizards,SF|PF,Physical Mid-Post Maestro,https://www.2kratings.com/wp-content/uploads/Khris-Middleton-2K-Photo-1-1280x720.jpg,https://www.2kratings.com/khris-middleton,https://www.2kratings.com/wp-content/uploads/Washington-Wizards-Secondary-Logo.svg,76,79,222,74,75,40,81,70,60,40,65,78,73,87,80,74,80,67,87,40,43,74,74,70,65,74,78,70,67,60,71,71,75,40,42,73,78,66
aaron-wiggins,Aaron Wiggins,Atlanta Hawks,SF|PF,Wing-Running Sharpshooter,https://www.2kratings.com/wp-content/uploads/Aaron-Wiggins-2K-Photo-1280x720.jpg,https://www.2kratings.com/aaron-wiggins,https://www.2kratings.com/wp-content/uploads/Atlanta-Hawks-Secondary-Logo.svg,76,77,190,84,70,58,82,55,54,62,70,77,81,74,76,57,65,48,87,80,41,68,68,52,41,59,54,57,52,65,84,75,80,35,59,45,80,72
zaccharie-risacher,Zaccharie Risacher,Dallas Mavericks,SF|SG,2-Way Iso Sniper,https://www.2kratings.com/wp-content/uploads/Zaccharie-Risacher-2K-Photo-1280x720.jpg,https://www.2kratings.com/zaccharie-risacher,https://www.2kratings.com/wp-content/uploads/Dallas-Mavericks-Secondary-Logo.svg,76,80,200,82,79,62,90,75,59,54,70,77,86,64,95,79,85,57,65,70,49,68,67,79,32,79,56,56,55,70,70,68,91,55,53,56,81,67
dennis-schroder,Dennis Schroder,Charlotte Hornets,PG|SG,Open-Lane Burner,https://www.2kratings.com/wp-content/uploads/Dennis-Schroder-1280x720.jpg,https://www.2kratings.com/dennis-schroder,https://www.2kratings.com/wp-content/uploads/Charlotte-Hornets-Secondary-Logo.svg,76,73,175,88,86,40,85,60,51,37,45,81,81,83,85,72,90,34,74,70,35,82,82,67,73,73,27,38,25,70,84,84,93,25,46,46,76,74
bradley-beal,Bradley Beal,Los Angeles Clippers,SG|SF,Aerial Laymaker,https://www.2kratings.com/wp-content/uploads/Bradley-Beal-2K-Photo-1280x720.jpg,https://www.2kratings.com/bradley-beal,https://www.2kratings.com/wp-content/uploads/Los-Angeles-Clippers-Primary-Logo.svg,76,76,207,83,86,56,85,40,47,45,75,84,56,81,92,57,78,45,80,70,36,74,74,40,47,60,54,55,55,65,76,76,84,30,46,62,80,87
klay-thompson,Klay Thompson,Miami Heat,SG|SF,2-Way Sharpshooter,https://www.2kratings.com/wp-content/uploads/Klay-Thompson-2K-Photo-1280x720.jpg,https://www.2kratings.com/klay-thompson,https://www.2kratings.com/wp-content/uploads/Miami-Heat-Secondary-Logo.svg,76,77,220,75,67,51,85,70,47,60,65,67,79,76,85,70,80,60,79,80,31,57,57,48,38,75,64,65,35,70,71,67,91,35,37,62,88,67
brandon-williams,Brandon Williams,Golden State Warriors,PG|SG,Middy Layup Bully,https://www.2kratings.com/wp-content/uploads/Brandon-Williams-2K-Photo-1280x720.jpg,https://www.2kratings.com/brandon-williams,https://www.2kratings.com/wp-content/uploads/Golden-State-Warriors-Secondary-Logo.svg,76,73,190,79,82,51,85,45,53,84,50,88,77,80,90,57,70,33,83,85,36,80,80,52,73,62,50,46,27,60,79,77,89,25,59,62,69,68
jake-laravia,Jake LaRavia,Los Angeles Lakers,SF|SG,Wing Warden,https://www.2kratings.com/wp-content/uploads/Jake-LaRavia-2K-Photo-1280x720.jpg,https://www.2kratings.com/jake-laravia,https://www.2kratings.com/wp-content/uploads/Los-Angeles-Lakers-Secondary-Logo.svg,75,79,235,78,68,56,94,75,52,69,75,80,85,77,70,77,85,78,55,50,60,69,68,78,38,78,60,60,60,60,59,57,88,60,73,62,75,72
luka-garza,Luka Garza,Boston Celtics,C|PF,Board-Crashing Stretch,https://www.2kratings.com/wp-content/uploads/Luka-Garza-2K-Photo-1280x720.jpg,https://www.2kratings.com/luka-garza,https://www.2kratings.com/wp-content/uploads/Boston-Celtics-Secondary-Logo.svg,75,82,243,40,35,65,98,30,53,59,45,77,79,76,85,52,85,54,74,75,91,55,55,56,36,30,79,79,79,65,40,34,80,60,40,69,81,48
baylor-scheierman,Baylor Scheierman,Boston Celtics,SG|SF,Wing-Running Sharpshooter,https://www.2kratings.com/wp-content/uploads/Baylor-Scheierman-2K-Photo-1280x720.jpg,https://www.2kratings.com/baylor-scheierman,https://www.2kratings.com/wp-content/uploads/Boston-Celtics-Secondary-Logo.svg,75,78,205,64,71,35,97,40,66,44,55,76,89,86,66,57,85,47,86,70,47,70,69,47,41,56,40,48,30,90,86,75,90,40,43,58,83,54
hugo-gonzalez,Hugo González,Boston Celtics,SF|PG,2-Way Sharpshooter,https://www.2kratings.com/wp-content/uploads/Hugo-Gonzalez-2K-Photo-1280x720.jpg,https://www.2kratings.com/hugo-gonzalez,https://www.2kratings.com/wp-content/uploads/Boston-Celtics-Secondary-Logo.svg,75,78,200,75,70,60,84,65,71,40,75,75,88,50,70,74,90,53,76,65,57,62,62,70,29,73,42,48,47,80,75,70,88,45,56,64,79,75
dayron-sharpe,Day’Ron Sharpe,Brooklyn Nets,C,Ball Snatcher,https://www.2kratings.com/wp-content/uploads/DayRon-Sharpe-2K-Photo-1280x720.jpg,https://www.2kratings.com/dayron-sharpe,https://www.2kratings.com/wp-content/uploads/Brooklyn-Nets-Secondary-Logo.svg,75,81,265,61,58,61,90,60,86,44,70,78,79,68,70,69,95,69,74,65,92,62,66,55,70,60,48,35,48,65,61,38,80,75,88,82,69,73
danny-wolf,Danny Wolf,Brooklyn Nets,PF|SF,Break-Starting Stretch,https://www.2kratings.com/wp-content/uploads/Danny-Wolf-2K-Photo-1280x720.jpg,https://www.2kratings.com/danny-wolf,https://www.2kratings.com/wp-content/uploads/Brooklyn-Nets-Secondary-Logo.svg,75,83,255,52,69,63,75,45,83,69,70,72,82,77,95,52,85,58,70,75,51,69,75,50,65,55,67,69,69,70,47,47,90,70,41,67,75,57
zach-collins,Zach Collins,Chicago Bulls,C,Post-Scoring Stretch,https://www.2kratings.com/wp-content/uploads/Zach-Collins-2K-Photo-1280x720.jpg,https://www.2kratings.com/zach-collins,https://www.2kratings.com/wp-content/uploads/Chicago-Bulls-Secondary-Logo.svg,75,81,250,65,40,58,89,40,82,50,65,70,60,70,75,67,75,68,79,50,68,30,30,65,44,45,83,78,84,70,66,38,75,70,31,70,79,79
isaac-okoro,Isaac Okoro,Chicago Bulls,SF|SG,2-Way Silky Iso Sniper,https://www.2kratings.com/wp-content/uploads/Isaac-Okoro-2K-Photo-1280x720.jpg,https://www.2kratings.com/isaac-okoro,https://www.2kratings.com/wp-content/uploads/Chicago-Bulls-Secondary-Logo.svg,75,76,225,85,71,55,65,80,40,54,75,80,85,79,80,80,90,68,60,45,47,65,67,82,34,84,47,49,47,60,77,73,89,45,40,67,77,80
max-christie,Max Christie,Dallas Mavericks,SG|SF,3 & D Two Guard,https://www.2kratings.com/wp-content/uploads/Max-Christie-2K-Photo-1280x720.jpg,https://www.2kratings.com/max-christie,https://www.2kratings.com/wp-content/uploads/Dallas-Mavericks-Secondary-Logo.svg,75,77,190,87,70,50,75,75,52,41,80,71,91,89,90,77,85,44,81,75,29,68,66,75,38,80,42,42,39,65,87,78,98,35,36,55,84,82
julian-strawther,Julian Strawther,Denver Nuggets,SF|SG,2-Way Iso Sniper,https://www.2kratings.com/wp-content/uploads/Julian-Strawther-2K-Photo-1280x720.jpg,https://www.2kratings.com/julian-strawther,https://www.2kratings.com/wp-content/uploads/Denver-Nuggets-Secondary-Logo.svg,75,78,205,70,74,40,96,65,57,67,70,79,80,81,95,68,75,44,70,70,34,64,65,68,38,74,40,40,40,65,63,57,90,35,43,53,80,64
ronald-holland,Ron Holland,Detroit Pistons,PF|SF,2-Way Break Leader,https://www.2kratings.com/wp-content/uploads/Ronald-Holland-II-2K-Photo-1280x720.jpg,https://www.2kratings.com/ronald-holland,https://www.2kratings.com/wp-content/uploads/Detroit-Pistons-Secondary-Logo.svg,75,80,206,88,75,56,91,85,67,57,80,83,90,80,80,84,85,78,64,25,56,60,60,82,35,84,42,42,40,40,85,79,90,55,90,69,70,80
javonte-green,Javonte Green,Detroit Pistons,SF|SG,High-Flying Bandit,https://www.2kratings.com/wp-content/uploads/Javonte-Green-2K-Photo-1280x720.jpg,https://www.2kratings.com/javonte-green,https://www.2kratings.com/wp-content/uploads/Detroit-Pistons-Secondary-Logo.svg,75,77,205,74,72,56,90,75,56,60,85,76,77,84,95,74,85,74,70,50,48,60,68,80,30,77,52,52,52,55,72,69,80,25,93,56,81,85
gary-payton-ii,Gary Payton II,Golden State Warriors,SF|PF,2-Way Aerial Laymaker,https://www.2kratings.com/wp-content/uploads/Gary-Payton-II-2K-Photo-1280x720.jpg,https://www.2kratings.com/gary-payton-ii,https://www.2kratings.com/wp-content/uploads/Golden-State-Warriors-Secondary-Logo.svg,75,74,195,83,70,57,97,80,68,37,75,85,70,59,89,84,80,79,75,25,69,60,67,91,65,87,42,42,30,25,81,79,85,35,86,59,72,85
jay-huff,Jay Huff,Indiana Pacers,C,Shot-Erasing Stretch,https://www.2kratings.com/wp-content/uploads/Jay-Huff-2K-Photo-1280x720.jpg,https://www.2kratings.com/jay-huff,https://www.2kratings.com/wp-content/uploads/Indiana-Pacers-Secondary-Logo.svg,75,85,240,47,43,93,98,75,65,64,65,61,81,82,80,78,85,79,82,75,47,50,60,64,39,32,74,74,74,60,48,33,80,65,40,70,77,62
kris-dunn,Kris Dunn,Los Angeles Clippers,PG|SG,Pressure Cooker,https://www.2kratings.com/wp-content/uploads/Kris-Dunn-2K-Photo-1280x720.jpg,https://www.2kratings.com/kris-dunn,https://www.2kratings.com/wp-content/uploads/Los-Angeles-Clippers-Primary-Logo.svg,75,75,205,87,78,40,95,85,51,40,55,71,80,78,80,88,90,40,71,45,40,72,74,88,66,87,42,60,39,50,83,82,85,40,90,56,81,83
scotty-pippen-jr,Scotty Pippen Jr.,Memphis Grizzlies,PG|SG,Ball-Hawking General,https://www.2kratings.com/wp-content/uploads/Scotty-Pippen-Jr-2K-Photo-1280x720.jpg,https://www.2kratings.com/scotty-pippen-jr,https://www.2kratings.com/wp-content/uploads/Memphis-Grizzlies-Secondary-Logo.svg,75,73,170,82,86,62,74,50,39,50,65,81,61,78,72,54,75,31,79,75,47,85,85,55,82,62,31,36,25,70,82,82,82,25,93,39,75,79
olivier-maxence-prosper,Olivier-Maxence Prosper,Memphis Grizzlies,C|PF,Inside-Out Scorer,https://www.2kratings.com/wp-content/uploads/Olivier-Maxence-Prosper-2K-Photo-1280x720.jpg,https://www.2kratings.com/olivier-maxence-prosper,https://www.2kratings.com/wp-content/uploads/Memphis-Grizzlies-Secondary-Logo.svg,75,79,230,81,60,52,92,60,62,69,85,81,85,76,80,64,85,74,68,75,57,65,61,58,34,74,57,57,57,70,79,66,88,40,56,69,82,88
terrence-shannon,Terrence Shannon Jr.,Minnesota Timberwolves,SF|PF,Hash-Sinking Slasher,https://www.2kratings.com/wp-content/uploads/Terrence-Shannon-Jr-2K-Photo-1280x720.jpg,https://www.2kratings.com/terrence-shannon,https://www.2kratings.com/wp-content/uploads/Minnesota-Timberwolves-Secondary-Logo.svg,75,78,215,87,79,30,60,50,45,64,85,83,71,77,85,62,75,49,76,70,36,68,68,57,35,72,48,52,47,60,87,84,90,40,42,67,82,83
yves-missi,Yves Missi,New Orleans Pelicans,C|PF,Putback Apex Eraser,https://www.2kratings.com/wp-content/uploads/Yves-Missi-2K-Photo-1280x720.jpg,https://www.2kratings.com/yves-missi,https://www.2kratings.com/wp-content/uploads/New-Orleans-Pelicans-Secondary-Logo.svg,75,83,235,67,35,92,78,60,67,40,80,60,87,56,90,70,95,75,42,45,91,29,37,45,36,48,58,50,62,70,78,45,80,85,35,72,30,85
adem-bona,Adem Bona,Philadelphia 76ers,C,Apex Eraser,https://www.2kratings.com/wp-content/uploads/Adem-Bona-2K-Photo-1280x720.jpg,https://www.2kratings.com/adem-bona,https://www.2kratings.com/wp-content/uploads/Philadelphia-76ers-Secondary-Logo.svg,75,82,235,68,52,90,77,60,66,37,80,67,86,71,70,72,90,70,57,40,77,40,40,50,28,37,55,42,55,70,82,57,84,80,40,73,54,89
jordan-goodwin,Jordan Goodwin,Phoenix Suns,PG|SG,3 & D Point,https://www.2kratings.com/wp-content/uploads/Jordan-Goodwin-2K-Photo-1280x720.jpg,https://www.2kratings.com/jordan-goodwin,https://www.2kratings.com/wp-content/uploads/Phoenix-Suns-Secondary-Logo.svg,75,75,215,84,78,47,79,75,63,66,35,75,81,70,90,75,95,57,75,75,68,78,78,78,53,76,48,43,33,75,75,73,80,25,96,60,80,55
oso-ighodaro,Oso Ighodaro,Phoenix Suns,C|PF,Rim Runner,https://www.2kratings.com/wp-content/uploads/Oso-Ighodaro-2K-Photo-1280x720.jpg,https://www.2kratings.com/oso-ighodaro,https://www.2kratings.com/wp-content/uploads/Phoenix-Suns-Secondary-Logo.svg,75,83,235,74,60,67,97,45,69,37,80,73,91,46,80,62,85,62,60,70,65,58,59,57,55,47,59,59,60,70,86,65,85,80,59,66,35,90
nique-clifford,Nique Clifford,Sacramento Kings,SF|SG,Shifty Sniper,https://www.2kratings.com/wp-content/uploads/Nique-Clifford-2K-Photo-1280x720.jpg,https://www.2kratings.com/nique-clifford,https://www.2kratings.com/wp-content/uploads/Sacramento-Kings-Secondary-Logo.svg,75,77,175,82,74,51,83,55,58,60,70,77,89,69,80,62,80,55,74,75,43,65,64,60,48,66,49,48,44,60,86,79,88,40,53,62,77,80
jock-landale,Jock Landale,Atlanta Hawks,C,Post-Scoring Stretch,https://www.2kratings.com/wp-content/uploads/Jock-Landale-2K-Photo-1280x720.jpg,https://www.2kratings.com/jock-landale,https://www.2kratings.com/wp-content/uploads/Atlanta-Hawks-Secondary-Logo.svg,75,83,255,54,52,62,98,45,63,44,65,76,76,64,70,62,70,71,72,65,85,57,57,60,42,48,84,84,84,65,54,45,80,65,38,75,81,75
kevin-huerter,Kevin Huerter,Detroit Pistons,SG|SF,Crafty Iso Sniper,https://www.2kratings.com/wp-content/uploads/Kevin-Huerter-2K-Photo-1280x720.jpg,https://www.2kratings.com/kevin-huerter,https://www.2kratings.com/wp-content/uploads/Detroit-Pistons-Secondary-Logo.svg,75,78,198,73,79,58,94,50,61,50,65,85,83,77,90,58,80,44,67,75,37,74,76,57,62,64,35,60,25,45,84,72,85,30,53,50,79,75
mike-conley,Mike Conley,Boston Celtics,PG,Defensive Playmaker,https://www.2kratings.com/wp-content/uploads/Mike-Conley-2K-Photo-1280x720.jpg,https://www.2kratings.com/mike-conley,https://www.2kratings.com/wp-content/uploads/Boston-Celtics-Secondary-Logo.svg,75,73,175,84,82,51,86,75,45,60,30,72,76,90,84,80,80,31,70,40,34,82,82,78,70,80,29,40,25,80,78,78,85,25,43,40,74,92
luke-kennard,Luke Kennard,Phoenix Suns,SG|PG,Sharpshooter,https://www.2kratings.com/wp-content/uploads/Luke-Kennard-2K-Photo-1280x720.jpg,https://www.2kratings.com/luke-kennard,https://www.2kratings.com/wp-content/uploads/Phoenix-Suns-Secondary-Logo.svg,75,77,206,68,75,37,98,40,48,49,60,72,79,93,80,50,70,35,82,70,35,74,74,50,46,51,32,35,28,65,69,66,92,30,42,40,93,60
pat-spencer,Pat Spencer,Phoenix Suns,PG|SG,High-Flying Sniper,https://www.2kratings.com/wp-content/uploads/Pat-Spencer-2K-Photo-1280x720.jpg,https://www.2kratings.com/pat-spencer,https://www.2kratings.com/wp-content/uploads/Phoenix-Suns-Secondary-Logo.svg,75,75,205,75,79,35,86,40,50,59,75,68,79,77,85,45,85,44,76,75,47,79,79,47,73,55,42,56,42,75,75,75,85,40,59,54,80,83
ziaire-williams,Ziaire Williams,Los Angeles Lakers,SF|SG,Ball-Hawking Burner,https://www.2kratings.com/wp-content/uploads/Ziaire-Williams-2K-Photo-1280x720.jpg,https://www.2kratings.com/ziaire-williams,https://www.2kratings.com/wp-content/uploads/Los-Angeles-Lakers-Secondary-Logo.svg,75,81,185,87,79,55,78,70,50,50,80,72,80,85,75,70,80,60,68,50,37,50,54,74,34,73,58,44,48,60,87,82,90,65,90,57,77,82
jaden-ivey,Jaden Ivey,Free Agency,SG|PG,Mid-Paint Playmaker,https://www.2kratings.com/wp-content/uploads/Jaden-Ivey-2K-Photo-1280x720.jpg,https://www.2kratings.com/jaden-ivey,https://www.2kratings.com/wp-content/uploads/free-agency.svg,75,76,195,86,86,62,93,65,50,62,85,85,77,81,90,70,85,59,91,60,41,79,78,69,52,71,44,42,44,35,85,84,92,30,41,54,80,79
guerschon-yabusele,Guerschon Yabusele,Free Agency,C|PF,Rim-Rocking Stretch,https://www.2kratings.com/wp-content/uploads/Guerschon-Yabusele-2K-Photo-1280x720.jpg,https://www.2kratings.com/guerschon-yabusele,https://www.2kratings.com/wp-content/uploads/free-agency.svg,75,79,265,60,66,53,55,40,72,65,85,79,74,74,85,52,90,62,79,75,56,62,66,41,35,66,62,62,62,75,62,54,80,50,41,74,79,70
kentavious-caldwell-pope,Kentavious Caldwell-Pope,Philadelphia 76ers,SG|SF,2-Way Sharpshooter,https://www.2kratings.com/wp-content/uploads/Kentavious-Caldwell-Pope-2K-Photo-1280x720.jpg,https://www.2kratings.com/kentavious-caldwell-pope,https://www.2kratings.com/wp-content/uploads/Philadelphia-76ers-Secondary-Logo.svg,75,77,204,84,70,45,88,80,50,40,73,74,76,91,90,82,85,45,87,30,35,67,68,82,68,84,35,58,35,50,79,75,92,35,53,60,80,69
keaton-wagler,Keaton Wagler,Los Angeles Clippers,SG|PG,Playmaking 3PT Creator,https://www.2kratings.com/wp-content/uploads/Keaton-Wagler-2K-Photo-1280x720.jpg,https://www.2kratings.com/keaton-wagler,https://www.2kratings.com/wp-content/uploads/Los-Angeles-Clippers-Primary-Logo.svg,75,78,185,72,82,37,73,55,46,59,40,73,80,80,98,64,85,43,81,60,35,80,82,57,79,68,52,51,52,65,73,73,85,25,42,54,80,76
darius-acuff-jr,Darius Acuff Jr.,Sacramento Kings,PG|S,Bouncy Iso Sniper,https://www.2kratings.com/wp-content/uploads/Darius-Acuff-Jr-2K-Photo-1280x720.jpg,https://www.2kratings.com/darius-acuff-jr,https://www.2kratings.com/wp-content/uploads/Sacramento-Kings-Secondary-Logo.svg,75,75,190,92,87,34,84,50,44,54,80,84,80,81,85,57,75,30,83,60,32,84,84,54,82,61,37,32,28,50,92,90,89,30,47,55,83,84
bruce-brown-jr,Bruce Brown,Free Agency,SF|PG,Physical Point Forward,https://www.2kratings.com/wp-content/uploads/Bruce-Brown-2K-Photo-1280x720.jpg,https://www.2kratings.com/bruce-brown-jr,https://www.2kratings.com/wp-content/uploads/free-agency.svg,75,76,202,78,79,47,70,65,55,60,70,75,84,76,95,79,80,58,41,65,50,79,87,75,42,77,42,34,28,70,78,76,92,30,63,75,79,80
devin-carter,Devin Carter,Free Agency,PG|SG,High-Flying Slasher,https://www.2kratings.com/wp-content/uploads/Devin-Carter-2K-Rating.png,https://www.2kratings.com/devin-carter,https://www.2kratings.com/wp-content/uploads/free-agency.svg,75,74,195,89,79,50,82,50,63,40,80,74,77,80,95,70,90,58,83,70,51,80,80,80,69,73,42,42,40,65,93,87,92,30,73,60,73,94
dalton-knecht,Dalton Knecht,Los Angeles Lakers,SF|SG,Mid-Paint Pro,https://www.2kratings.com/wp-content/uploads/Dalton-Knecht-2K-Photo-1280x720.jpg,https://www.2kratings.com/dalton-knecht,https://www.2kratings.com/wp-content/uploads/Los-Angeles-Lakers-Secondary-Logo.svg,74,78,215,59,68,63,92,35,53,44,65,78,87,70,85,59,85,50,91,40,39,64,65,57,29,59,49,49,48,60,86,74,90,45,42,50,79,77
jordan-walsh,Jordan Walsh,Boston Celtics,PF|SF,2-Way Stretch,https://www.2kratings.com/wp-content/uploads/Jordan-Walsh-2K-Photo-1280x720.jpg,https://www.2kratings.com/jordan-walsh,https://www.2kratings.com/wp-content/uploads/Boston-Celtics-Secondary-Logo.svg,74,78,205,81,68,67,74,80,67,44,80,67,86,76,85,82,90,78,67,40,65,63,62,85,31,82,57,54,57,55,77,68,89,40,63,63,81,86
terance-mann,Terance Mann,Brooklyn Nets,SG|SF,3-Level Facilitator,https://www.2kratings.com/wp-content/uploads/Terance-Mann-2K-Photo-1280x720.jpg,https://www.2kratings.com/terance-mann,https://www.2kratings.com/wp-content/uploads/Brooklyn-Nets-Secondary-Logo.svg,74,78,215,73,79,47,82,50,51,49,75,83,81,79,75,62,90,54,82,60,50,79,83,59,67,66,50,50,47,60,71,70,85,45,41,50,80,79
sion-james,Sion James,Charlotte Hornets,SG|SF,Catch & Shoot Sniper,https://www.2kratings.com/wp-content/uploads/Sion-James-2K-Photo-1280x720.jpg,https://www.2kratings.com/sion-james,https://www.2kratings.com/wp-content/uploads/Charlotte-Hornets-Secondary-Logo.svg,74,77,220,85,69,50,50,65,61,47,70,73,93,85,75,70,80,69,70,65,40,69,69,68,43,72,59,58,58,75,91,78,80,55,41,77,80,81
grant-williams,Grant Williams,Charlotte Hornets,PF|C,Stretch Four,https://www.2kratings.com/wp-content/uploads/Grant-Williams-2K-Photo-1280x720.jpg,https://www.2kratings.com/grant-williams,https://www.2kratings.com/wp-content/uploads/Charlotte-Hornets-Secondary-Logo.svg,74,79,236,70,66,58,88,60,64,37,60,77,68,81,80,69,80,68,77,55,62,69,72,60,43,68,66,58,59,60,58,54,88,50,36,73,81,66
patrick-williams,Patrick Williams,Chicago Bulls,PF|SF,2-Way Stretch,https://www.2kratings.com/wp-content/uploads/Patrick-Williams-2K-Photo-1280x720.jpg,https://www.2kratings.com/patrick-williams,https://www.2kratings.com/wp-content/uploads/Chicago-Bulls-Secondary-Logo.svg,74,78,215,74,70,53,61,65,53,45,65,63,86,68,80,80,75,70,86,55,44,60,62,65,36,76,40,42,44,60,70,64,88,60,42,64,77,77
thomas-bryant,Thomas Bryant,Cleveland Cavaliers,C,Stretch Five,https://www.2kratings.com/wp-content/uploads/Thomas-Bryant-2K-Photo-1280x720.jpg,https://www.2kratings.com/thomas-bryant,https://www.2kratings.com/wp-content/uploads/Cleveland-Cavaliers-Secondary-Logo.svg,74,81,248,57,53,72,97,45,80,37,65,69,77,80,78,79,95,63,85,40,67,40,42,50,31,40,73,73,73,50,62,53,88,75,40,80,79,52
will-richard,Will Richard,Golden State Warriors,SG|SF,Middy-Scooping Bandit,https://www.2kratings.com/wp-content/uploads/Will-Richard-2K-Photo-1280x720.jpg,https://www.2kratings.com/will-richard,https://www.2kratings.com/wp-content/uploads/Golden-State-Warriors-Secondary-Logo.svg,74,75,206,78,67,37,81,65,46,40,75,83,83,85,70,70,90,50,84,65,51,60,67,79,38,72,44,44,42,75,78,70,80,30,86,56,77,74
clint-capela,Clint Capela,Houston Rockets,C,Board-Crashing Anchor,https://www.2kratings.com/wp-content/uploads/Clint-Capela-2K-Photo-1280x720.jpg,https://www.2kratings.com/clint-capela,https://www.2kratings.com/wp-content/uploads/Houston-Rockets-Secondary-Logo.svg,74,82,256,51,48,89,75,80,80,34,75,63,78,60,70,86,75,83,50,30,97,34,35,74,33,47,64,48,64,45,58,30,78,80,56,82,25,68
steven-adams,Steven Adams,Houston Rockets,C,Punishing Paint Defender,https://www.2kratings.com/wp-content/uploads/Steven-Adams-2K-Photo-1280x720.jpg,https://www.2kratings.com/steven-adams,https://www.2kratings.com/wp-content/uploads/Houston-Rockets-Secondary-Logo.svg,74,83,265,63,35,65,73,70,75,59,70,66,63,58,75,80,75,80,65,50,98,69,68,70,35,55,69,62,72,25,48,33,68,70,43,96,26,68
jordan-miller,Jordan Miller,Los Angeles Clippers,SF|SG,Mid-Paint Pro,https://www.2kratings.com/wp-content/uploads/Jordan-Miller-2K-Photo-1280x720.jpg,https://www.2kratings.com/jordan-miller,https://www.2kratings.com/wp-content/uploads/Los-Angeles-Clippers-Primary-Logo.svg,74,77,194,78,69,42,94,45,52,64,80,84,79,76,65,60,70,54,85,75,50,60,62,40,57,65,58,52,54,60,84,72,85,40,53,52,75,81
kobe-sanders,Kobe Sanders,Los Angeles Clippers,PG|SF,Slamming Sniper,https://www.2kratings.com/wp-content/uploads/Kobe-Sanders-2K-Photo-1280x720.jpg,https://www.2kratings.com/kobe-sanders,https://www.2kratings.com/wp-content/uploads/Los-Angeles-Clippers-Primary-Logo.svg,74,80,207,75,75,40,85,45,51,64,85,77,86,79,95,51,90,48,77,70,38,70,79,50,43,57,49,52,47,70,77,74,85,70,49,42,82,75
javon-small,Javon Small,Memphis Grizzlies,PG|SG,Bouncy Iso Sniper,https://www.2kratings.com/wp-content/uploads/Javon-Small-2K-Photo-1280x720.jpg,https://www.2kratings.com/javon-small,https://www.2kratings.com/wp-content/uploads/Memphis-Grizzlies-Secondary-Logo.svg,74,73,190,85,79,50,71,40,56,60,80,77,73,83,85,60,90,44,78,80,48,75,75,57,73,64,32,37,37,75,87,84,85,35,56,49,82,89
simone-fontecchio,Simone Fontecchio,Miami Heat,SF|PF,Crafty Sharpshooter,https://www.2kratings.com/wp-content/uploads/Simone-Fontecchio-2K-Photo-1280x720.jpg,https://www.2kratings.com/simone-fontecchio,https://www.2kratings.com/wp-content/uploads/Miami-Heat-Secondary-Logo.svg,74,79,220,66,58,42,75,45,60,67,65,77,78,84,69,64,95,51,83,75,49,55,60,47,43,65,50,50,50,60,55,52,80,40,43,62,82,55
gary-trent-jr,Gary Trent Jr.,Milwaukee Bucks,SG|SF,Sharpshooter,https://www.2kratings.com/wp-content/uploads/Gary-Trent-Jr-2K-Photo-1280x720.jpg,https://www.2kratings.com/gary-trent-jr,https://www.2kratings.com/wp-content/uploads/Milwaukee-Bucks-Secondary-Logo.svg,74,77,204,76,79,30,73,35,37,54,75,80,83,77,73,60,70,50,95,65,28,70,71,64,35,61,46,57,44,60,85,77,80,40,40,58,82,90
aj-green,A.J. Green,Milwaukee Bucks,SG|SF,Sharpshooter,https://www.2kratings.com/wp-content/uploads/AJ-Green-2K-Photo-1280x720.jpg,https://www.2kratings.com/aj-green,https://www.2kratings.com/wp-content/uploads/Milwaukee-Bucks-Secondary-Logo.svg,74,76,190,69,73,32,90,45,47,40,40,74,82,84,80,50,70,40,84,75,31,69,69,60,38,63,34,34,34,70,69,68,80,40,35,50,87,75
jordan-poole,Jordan Poole,New Orleans Pelicans,SG|PG,Combo Guard,https://www.2kratings.com/wp-content/uploads/Jordan-Poole-2K-Photo-1280x720.jpg,https://www.2kratings.com/jordan-poole,https://www.2kratings.com/wp-content/uploads/New-Orleans-Pelicans-Secondary-Logo.svg,74,76,194,79,89,53,77,30,45,78,60,77,82,88,80,54,65,47,66,70,30,83,82,51,66,57,44,47,29,60,81,80,80,45,40,61,75,73
karlo-matkovic,Karlo Matkovic,New Orleans Pelicans,PF|C,Shot-Erasing Stretch Riser,https://www.2kratings.com/wp-content/uploads/Karlo-Matkovic-2K-Photo-1280x720.jpg,https://www.2kratings.com/karlo-matkovic,https://www.2kratings.com/wp-content/uploads/New-Orleans-Pelicans-Secondary-Logo.svg,74,82,231,51,55,87,78,50,72,44,75,78,80,73,80,66,80,73,75,70,66,50,52,54,34,41,68,68,69,60,56,47,80,75,41,77,81,67
deandre-jordan,DeAndre Jordan,New Orleans Pelicans,C,Physical Glass Guardian,https://www.2kratings.com/wp-content/uploads/DeAndre-Jordan-2K-Photo-1280x720.jpg,https://www.2kratings.com/deandre-jordan,https://www.2kratings.com/wp-content/uploads/New-Orleans-Pelicans-Secondary-Logo.svg,74,83,265,62,30,85,75,55,94,44,75,57,75,41,90,67,80,70,25,30,90,25,66,55,28,57,52,37,52,65,65,33,92,75,35,85,25,83
goga-bitadze,Goga Bitadze,Orlando Magic,C,Shot-Erasing Tip-In Bully,https://www.2kratings.com/wp-content/uploads/Goga-Bitadze-2K-Photo-1280x720.jpg,https://www.2kratings.com/goga-bitadze,https://www.2kratings.com/wp-content/uploads/Orlando-Magic-Secondary-Logo.svg,74,83,250,37,60,86,98,80,76,40,65,51,79,71,70,80,75,78,72,40,91,54,69,40,46,25,76,68,76,55,53,52,80,75,53,86,69,63
justin-edwards,Justin Edwards,Philadelphia 76ers,SF|PF,Iso-Sniping Ball Hawk,https://www.2kratings.com/wp-content/uploads/Justin-Edwards-2K-Photo-1280x720.jpg,https://www.2kratings.com/justin-edwards,https://www.2kratings.com/wp-content/uploads/Philadelphia-76ers-Secondary-Logo.svg,74,79,203,82,70,51,89,50,45,44,80,81,87,85,75,58,80,50,79,70,38,65,65,54,44,68,40,40,40,60,82,79,85,40,80,59,80,81
dominick-barlow,Dominick Barlow,Philadelphia 76ers,PF|C,Off-Ball Cutter,https://www.2kratings.com/wp-content/uploads/Dominick-Barlow-2K-Photo-1280x720.jpg,https://www.2kratings.com/dominick-barlow,https://www.2kratings.com/wp-content/uploads/Philadelphia-76ers-Secondary-Logo.svg,74,81,215,68,69,67,87,50,59,62,75,80,85,71,85,59,85,59,44,75,66,51,52,49,33,55,68,68,68,75,68,64,80,60,49,70,70,75
ryan-dunn,Ryan Dunn,Phoenix Suns,PF|SF,Perimeter Lock,https://www.2kratings.com/wp-content/uploads/Ryan-Dunn-2K-Photo-1280x720.jpg,https://www.2kratings.com/ryan-dunn,https://www.2kratings.com/wp-content/uploads/Phoenix-Suns-Secondary-Logo.svg,74,79,216,88,69,60,77,80,66,30,80,73,87,48,80,80,90,76,70,50,65,60,55,80,40,80,37,37,38,50,83,69,88,55,66,65,76,79
dylan-cardwell,Dylan Cardwell,Sacramento Kings,C|PF,Paint-Protecting Riser,https://www.2kratings.com/wp-content/uploads/Dylan-Cardwell-2K-Photo-1280x720.jpg,https://www.2kratings.com/dylan-cardwell,https://www.2kratings.com/wp-content/uploads/Sacramento-Kings-Secondary-Logo.svg,74,82,255,62,44,89,90,80,85,37,80,71,82,53,70,79,90,83,60,55,94,58,62,58,38,57,52,47,52,30,51,33,80,85,43,82,37,80
jamison-battle,Jamison Battle,Toronto Raptors,SF|PF,Sharpshooter,https://www.2kratings.com/wp-content/uploads/Jamison-Battle-2K-Photo-1280x720.jpg,https://www.2kratings.com/jamison-battle,https://www.2kratings.com/wp-content/uploads/Toronto-Raptors-Secondary-Logo.svg,74,79,245,58,62,42,94,40,65,49,65,71,83,83,80,52,70,58,85,75,46,52,51,54,32,58,50,52,50,50,64,57,80,40,35,55,85,65
vit-krejci,Vit Krejci,Portland Trail Blazers,SF|PG,Crafty Iso Sniper,https://www.2kratings.com/wp-content/uploads/Vit-Krejci-2K-Photo-1280x720.jpg,https://www.2kratings.com/vit-krejci,https://www.2kratings.com/wp-content/uploads/Portland-Trail-Blazers-Secondary-Logo.svg,74,80,195,75,70,51,97,40,47,44,70,81,80,75,75,59,75,50,74,65,36,69,70,58,39,60,38,38,35,80,75,74,80,45,46,57,82,76
josh-minott,Josh Minott,Brooklyn Nets,PF|C,Ball-Hawking Stretch,https://www.2kratings.com/wp-content/uploads/Josh-Minott-2K-Photo-1280x720.jpg,https://www.2kratings.com/josh-minott,https://www.2kratings.com/wp-content/uploads/Brooklyn-Nets-Secondary-Logo.svg,74,80,205,76,63,65,82,65,63,64,80,76,82,79,85,67,85,59,85,70,57,62,60,79,34,67,52,55,51,60,72,68,90,65,80,62,82,80
leonard-miller,Leonard Miller,Chicago Bulls,PF|SF,Off-Ball Cutter,https://www.2kratings.com/wp-content/uploads/Leonard-Miller-2K-Photo-1280x720.jpg,https://www.2kratings.com/leonard-miller,https://www.2kratings.com/wp-content/uploads/Chicago-Bulls-Secondary-Logo.svg,74,82,220,73,70,56,95,40,72,67,85,85,85,74,85,60,85,57,70,75,65,51,52,59,34,63,55,54,59,60,73,70,90,65,38,55,73,82
isaiah-jackson,Isaiah Jackson,Los Angeles Clippers,C|PF,Tip-In Shot Eraser,https://www.2kratings.com/wp-content/uploads/Isaiah-Jackson-2K-Photo-1280x720.jpg,https://www.2kratings.com/isaiah-jackson,https://www.2kratings.com/wp-content/uploads/Los-Angeles-Clippers-Primary-Logo.svg,74,81,205,73,59,83,97,55,80,59,70,72,73,65,80,66,90,70,69,45,88,40,44,49,36,54,55,48,59,55,73,54,82,75,56,76,59,81
walter-clayton-jr,Walter Clayton Jr.,Memphis Grizzlies,PG|SG,Mid-Paint Creator,https://www.2kratings.com/wp-content/uploads/Walter-Clayton-Jr-2K-Photo-1280x720.jpg,https://www.2kratings.com/walter-clayton-jr,https://www.2kratings.com/wp-content/uploads/Memphis-Grizzlies-Secondary-Logo.svg,74,76,195,84,79,53,89,45,47,85,60,75,88,90,85,52,75,40,84,55,34,74,74,52,73,64,30,38,35,65,86,84,80,40,46,47,71,74
kasparas-jakucionis,Kasparas Jakucionis,Milwaukee Bucks,PG|SG,Shifty Sniper,https://www.2kratings.com/wp-content/uploads/Kasparas-Jakucionis-2K-Photo-1280x720.jpg,https://www.2kratings.com/kasparas-jakucionis,https://www.2kratings.com/wp-content/uploads/Milwaukee-Bucks-Secondary-Logo.svg,74,78,205,82,86,42,60,60,51,73,70,77,84,88,80,65,85,59,71,75,48,82,82,59,66,66,52,52,51,70,82,82,95,35,46,60,83,75
bones-hyland,Bones Hyland,Minnesota Timberwolves,PG|SG,Perimeter Shot Hunter,https://www.2kratings.com/wp-content/uploads/NahShon-Hyland-2K-Photo-1280x720.jpg,https://www.2kratings.com/bones-hyland,https://www.2kratings.com/wp-content/uploads/Minnesota-Timberwolves-Secondary-Logo.svg,74,74,169,87,79,51,75,55,47,69,60,82,85,78,85,64,85,30,88,70,35,74,75,63,71,66,32,32,30,60,87,84,88,25,49,32,82,68
moritz-wagner,Moritz Wagner,Brooklyn Nets,C|PF,Glass-Cleaning Stretch,https://www.2kratings.com/wp-content/uploads/Moritz-Wagner-2K-Photo-1280x720.jpg,https://www.2kratings.com/moritz-wagner,https://www.2kratings.com/wp-content/uploads/Brooklyn-Nets-Secondary-Logo.svg,74,83,245,67,40,32,80,35,83,40,65,72,66,82,70,58,85,58,84,80,58,54,55,54,38,40,74,74,74,50,73,53,78,75,59,81,75,75
taurean-prince,Taurean Prince,Detroit Pistons,SF|SG,Rising Iso Sniper,https://www.2kratings.com/wp-content/uploads/Taurean-Prince-2K-Photo-1280x720.jpg,https://www.2kratings.com/taurean-prince,https://www.2kratings.com/wp-content/uploads/Detroit-Pistons-Secondary-Logo.svg,74,78,218,78,70,47,73,60,53,55,70,76,66,83,85,68,85,64,79,50,28,68,55,81,37,74,51,45,52,70,80,69,84,75,42,60,84,84
kris-murray,Kris Murray,Memphis Grizzlies,PF|SF,Mid-Paint Pro,https://www.2kratings.com/wp-content/uploads/Kris-Murray-2K-Photo-1280x720.jpg,https://www.2kratings.com/kris-murray,https://www.2kratings.com/wp-content/uploads/Memphis-Grizzlies-Secondary-Logo.svg,74,80,218,73,69,56,91,50,48,60,75,68,83,71,80,65,80,60,77,70,61,60,60,66,34,66,52,52,50,75,68,62,90,60,53,60,66,75
trey-lyles,Trey Lyles,Minnesota Timberwolves,PF|C,Glass-Cleaning Stretch,https://www.2kratings.com/wp-content/uploads/Trey-Lyles-2K-Photo-1280x720.jpg,https://www.2kratings.com/trey-lyles,https://www.2kratings.com/wp-content/uploads/Minnesota-Timberwolves-Secondary-Logo.svg,74,81,234,59,58,57,82,40,77,51,65,74,76,68,80,64,80,68,75,60,57,55,68,62,35,36,72,74,72,70,66,54,81,70,46,69,77,65
josh-okogie,Josh Okogie,Utah Jazz,SG|SF,Shifty Sniper,https://www.2kratings.com/wp-content/uploads/Josh-Okogie-2K-Photo-1280x720.jpg,https://www.2kratings.com/josh-okogie,https://www.2kratings.com/wp-content/uploads/Utah-Jazz-2K-Roster-Secondary-Logo.svg,74,76,213,84,76,50,78,70,48,49,75,73,80,57,70,78,95,50,70,70,56,69,62,77,31,77,44,44,42,70,88,81,80,30,70,58,81,92
cameron-thomas,Cameron Thomas,Free Agency,SG|PG,Crafty Laymaker,https://www.2kratings.com/wp-content/uploads/Cam-Thomas-2K-Photo-1280x720.jpg,https://www.2kratings.com/cameron-thomas,https://www.2kratings.com/wp-content/uploads/free-agency.svg,74,75,210,75,82,35,90,40,44,55,75,87,77,82,74,51,75,41,74,85,32,59,52,52,70,59,39,39,37,50,77,70,86,50,28,44,78,79
cole-anthony,Cole Anthony,Free Agency,PG|SG,Middy Slasher,https://www.2kratings.com/wp-content/uploads/Cole-Anthony-2K-Rating.png,https://www.2kratings.com/cole-anthony,https://www.2kratings.com/wp-content/uploads/free-agency.svg,74,74,185,84,84,57,94,45,66,62,85,79,87,59,80,55,85,45,84,60,41,77,78,52,82,69,44,58,49,55,84,84,88,40,56,59,75,77
cameron-payne,Cameron Payne,Free Agency,PG,Ball-Hawking Dribble Tech,https://www.2kratings.com/wp-content/uploads/Cameron-Payne-2K-Photo-1280x720.jpg,https://www.2kratings.com/cameron-payne,https://www.2kratings.com/wp-content/uploads/free-agency.svg,74,75,183,75,86,57,90,40,55,45,25,79,73,86,72,51,75,31,71,75,29,75,79,52,70,60,31,36,25,70,75,75,82,25,89,39,76,72
lonzo-ball,Lonzo Ball,Free Agency,PG|SG,2-Way Burner,https://www.2kratings.com/wp-content/uploads/Lonzo-Ball-2K-Photo-1280x720.jpeg,https://www.2kratings.com/lonzo-ball,https://www.2kratings.com/wp-content/uploads/free-agency.svg,74,78,190,86,86,51,55,75,66,50,75,70,73,70,84,80,70,60,63,30,45,83,83,80,72,81,40,44,35,40,85,85,93,30,86,52,72,80
mario-hezonja,Mario Hezonja,Cleveland Cavaliers,SF|PF,Shifty Sniper,https://www.2kratings.com/wp-content/uploads/Mario-Hezonja-2K-Photo-1280x720.jpg,https://www.2kratings.com/mario-hezonja,https://www.2kratings.com/wp-content/uploads/Cleveland-Cavaliers-Secondary-Logo.svg,74,80,215,75,75,51,79,35,63,35,75,79,89,80,77,60,72,45,74,50,36,58,70,62,38,68,45,62,54,70,75,73,80,45,61,60,78,79
marcus-sasser,Marcus Sasser,Dallas Mavericks,PG|SG,Shifty Sniper,https://www.2kratings.com/wp-content/uploads/Marcus-Sasser-2K-Photo-1280x720.jpg,https://www.2kratings.com/marcus-sasser,https://www.2kratings.com/wp-content/uploads/Dallas-Mavericks-Secondary-Logo.svg,74,73,195,83,80,42,76,65,43,47,50,78,79,84,75,67,85,35,60,75,34,74,74,67,71,70,37,37,32,85,75,75,85,25,70,47,82,69
matisse-thybulle,Matisse Thybulle,Los Angeles Lakers,SG|SF,3 & D Two Guard,https://www.2kratings.com/wp-content/uploads/Matisse-Thybulle-2K-Photo-1280x720.jpg,https://www.2kratings.com/matisse-thybulle,https://www.2kratings.com/wp-content/uploads/Los-Angeles-Lakers-Secondary-Logo.svg,74,77,202,85,65,68,62,85,52,25,70,74,61,87,70,85,90,60,48,25,46,55,35,97,35,85,30,30,30,40,76,69,85,35,98,59,81,70
kevin-love,Kevin Love,Free Agency,C|PF,Glass-Cleaning Stretch,https://www.2kratings.com/wp-content/uploads/Kevin-Love-2K-Photo-1280x720.jpg,https://www.2kratings.com/kevin-love,https://www.2kratings.com/wp-content/uploads/free-agency.svg,74,80,251,54,52,57,98,50,89,50,50,70,71,84,80,75,80,69,79,55,68,65,77,57,57,50,75,77,71,40,60,33,60,70,36,80,81,60
mikel-brown-jr,Mikel Brown Jr.,Brooklyn Nets,PG|SG,Hash-Sinking Slasher,https://www.2kratings.com/wp-content/uploads/Mikel-Brown-Jr-1280x720.jpg,https://www.2kratings.com/mikel-brown-jr,https://www.2kratings.com/wp-content/uploads/Brooklyn-Nets-Secondary-Logo.svg,74,77,190,82,86,30,82,50,45,60,80,82,80,84,85,57,80,45,80,50,30,79,79,60,74,63,48,48,47,60,82,81,85,35,66,51,80,80
kingston-flemings,Kingston Flemings,Atlanta Hawks,PG|SG,Middy Slasher,https://www.2kratings.com/wp-content/uploads/Kingston-Flemings-1280x720.jpg,https://www.2kratings.com/kingston-flemings,https://www.2kratings.com/wp-content/uploads/Atlanta-Hawks-Secondary-Logo.svg,74,76,190,90,86,31,79,65,42,44,80,79,80,78,95,69,90,44,84,50,30,80,80,64,79,74,30,30,30,50,91,90,90,25,69,43,79,85
ben-simmons,Ben Simmons,Sacramento Kings,PG|C,Grab & Go Power Finisher,https://www.2kratings.com/wp-content/uploads/Ben-Simmons-2K-Photo-1280x720.jpg,https://www.2kratings.com/ben-simmons,https://www.2kratings.com/wp-content/uploads/Sacramento-Kings-Secondary-Logo.svg,74,82,240,78,86,60,91,70,77,60,85,80,72,73,75,76,80,73,46,35,47,79,80,75,76,76,78,73,76,50,80,78,80,75,49,75,50,81
dorian-finney-smith,Dorian Finney-Smith,Atlanta Hawks,PF|SF,2-Way Off-Ball Cutter,https://www.2kratings.com/wp-content/uploads/Dorian-Finney-Smith-2K-Photo-1280x720.jpg,https://www.2kratings.com/dorian-finney-smith,https://www.2kratings.com/wp-content/uploads/Atlanta-Hawks-Secondary-Logo.svg,74,79,220,82,60,47,80,75,51,58,84,84,70,64,72,74,80,72,71,60,56,65,68,74,32,83,54,50,54,70,67,44,80,40,41,62,73,83
buddy-hield,Buddy Hield,Charlotte Hornets,SG|SF,Shifty Sniper,https://www.2kratings.com/wp-content/uploads/Buddy-Hield-2K-Photo-1280x720.jpg,https://www.2kratings.com/buddy-hield,https://www.2kratings.com/wp-content/uploads/Charlotte-Hornets-Secondary-Logo.svg,74,76,220,78,79,51,97,50,53,59,65,78,83,81,94,54,60,48,50,35,43,70,70,60,44,69,48,45,28,55,75,74,90,25,70,41,88,78
asa-newell,Asa Newell,Atlanta Hawks,PF|C,Rim-Wrecking Stretch,https://www.2kratings.com/wp-content/uploads/Asa-Newell-2K-Photo-1280x720.jpg,https://www.2kratings.com/asa-newell,https://www.2kratings.com/wp-content/uploads/Atlanta-Hawks-Secondary-Logo.svg,73,82,220,70,69,63,91,60,53,51,85,74,85,56,75,67,90,70,67,60,66,54,55,69,33,66,60,60,60,60,75,69,85,80,46,67,82,78
ben-saraf,Ben Saraf,Brooklyn Nets,PG|SG,Point-Fading Wizard,https://www.2kratings.com/wp-content/uploads/Ben-Saraf-2K-Photo-1280x720.jpg,https://www.2kratings.com/ben-saraf,https://www.2kratings.com/wp-content/uploads/Brooklyn-Nets-Secondary-Logo.svg,73,78,206,79,76,40,77,45,47,67,60,66,84,82,80,60,70,40,78,65,36,83,83,57,72,62,48,45,30,65,83,83,80,30,63,52,67,67
tidjane-salaun,Tidjane Salaün,Charlotte Hornets,PF|SF,Glass-Cleaning Stretch,https://www.2kratings.com/wp-content/uploads/Tidjane-Salaun-2K-Photo-1280x720.jpg,https://www.2kratings.com/tidjane-salaun,https://www.2kratings.com/wp-content/uploads/Charlotte-Hornets-Secondary-Logo.svg,73,82,207,82,66,52,76,50,84,47,80,76,81,65,80,65,90,69,65,60,51,47,45,59,34,74,51,51,52,70,71,66,88,65,38,60,80,80
quenton-jackson,Quenton Jackson,Indiana Pacers,SG|PG,Deep-Range Dimer,https://www.2kratings.com/wp-content/uploads/Quenton-Jackson-2K-Photo-1280x720.jpg,https://www.2kratings.com/quenton-jackson,https://www.2kratings.com/wp-content/uploads/Indiana-Pacers-Secondary-Logo.svg,73,76,173,85,78,42,76,65,52,57,80,82,71,81,80,70,75,46,45,75,41,78,78,75,70,73,31,40,33,70,85,76,80,40,43,42,81,88
ben-sheppard,Ben Sheppard,Indiana Pacers,SG|SF,2-Way Sharpshooter,https://www.2kratings.com/wp-content/uploads/Ben-Sheppard-2K-Photo-1280x720.jpg,https://www.2kratings.com/ben-sheppard,https://www.2kratings.com/wp-content/uploads/Indiana-Pacers-Secondary-Logo.svg,73,78,190,84,73,35,85,75,55,49,60,78,82,77,80,78,90,54,79,60,41,70,70,75,43,79,47,49,48,60,84,74,85,35,41,54,81,75
yanic-konan-niederhauser,Yanic Konan Niederhauser,Los Angeles Clippers,C|PF,Apex-Erasing Masher,https://www.2kratings.com/wp-content/uploads/Yanic-Konan-Niederhauser-2K-Photo-1280x720.jpg,https://www.2kratings.com/yanic-konan-niederhauser,https://www.2kratings.com/wp-content/uploads/Los-Angeles-Clippers-Primary-Logo.svg,73,83,242,64,44,87,95,50,76,47,80,69,72,76,80,69,85,70,62,60,72,29,40,45,29,48,55,54,55,60,73,41,85,85,30,68,40,90
nikola-jovic,Nikola Jovic,Miami Heat,C|PF,Playmaking 3PT Creator,https://www.2kratings.com/wp-content/uploads/Nikola-Jovic-2K-Photo-1280x720.jpg,https://www.2kratings.com/nikola-jovic,https://www.2kratings.com/wp-content/uploads/Miami-Heat-Secondary-Logo.svg,73,82,240,68,70,57,80,40,68,62,60,76,79,68,90,60,70,59,70,60,40,69,68,57,66,62,44,60,55,85,68,67,85,30,46,65,73,72
dru-smith,Dru Smith,Miami Heat,PG|SG,2-Way Dribble Tech,https://www.2kratings.com/wp-content/uploads/Dru-Smith-2K-Photo-1280x720.jpg,https://www.2kratings.com/dru-smith,https://www.2kratings.com/wp-content/uploads/Miami-Heat-Secondary-Logo.svg,73,74,200,70,79,56,84,65,51,60,45,79,72,83,80,74,75,40,77,75,51,78,78,79,69,74,40,37,38,70,70,70,85,40,95,43,71,62
bryce-mcgowens,Bryce McGowens,New Orleans Pelicans,SF|SG,Bouncy Sharpshooter,https://www.2kratings.com/wp-content/uploads/Bryce-McGowens-2K-Photo-1280x720.jpg,https://www.2kratings.com/bryce-mcgowens,https://www.2kratings.com/wp-content/uploads/New-Orleans-Pelicans-Secondary-Logo.svg,73,78,190,75,74,42,86,65,48,55,80,72,81,78,78,65,75,37,82,75,32,52,50,60,38,66,42,42,42,65,74,72,85,40,42,48,82,81
tyler-kolek,Tyler Kolek,New York Knicks,PG|SG,2-Way Crafty Sharpshooter,https://www.2kratings.com/wp-content/uploads/Tyler-Kolek-2K-Photo-1280x720.jpg,https://www.2kratings.com/tyler-kolek,https://www.2kratings.com/wp-content/uploads/New-York-Knicks-Secondary-Logo.svg,73,74,195,84,77,40,82,50,58,45,45,82,85,70,85,58,90,32,79,65,36,79,79,57,74,73,42,57,37,60,74,74,90,25,46,54,82,74
noah-penda,Noah Penda,Orlando Magic,PF|SF,2-Way Stretch,https://www.2kratings.com/wp-content/uploads/Noah-Penda-2K-Photo-1280x720.jpg,https://www.2kratings.com/noah-penda,https://www.2kratings.com/wp-content/uploads/Orlando-Magic-Secondary-Logo.svg,73,79,215,84,69,62,63,65,71,57,75,70,87,69,80,70,85,73,68,60,70,67,68,70,44,73,52,51,52,60,66,62,85,50,59,70,76,67
khaman-maluach,Khaman Maluach,Phoenix Suns,C,Shot-Erasing Rim Wrecker,https://www.2kratings.com/wp-content/uploads/Khaman-Maluach-2K-Photo-1280x720.jpg,https://www.2kratings.com/khaman-maluach,https://www.2kratings.com/wp-content/uploads/Phoenix-Suns-Secondary-Logo.svg,73,85,250,63,44,94,70,75,80,40,80,70,85,71,85,82,85,81,66,40,79,51,51,57,27,63,60,52,65,40,48,37,85,85,32,70,50,65
rasheer-fleming,Rasheer Fleming,Phoenix Suns,PF|C,Skilled Stretch,https://www.2kratings.com/wp-content/uploads/Rasheer-Fleming-2K-Photo-1280x720.jpg,https://www.2kratings.com/rasheer-fleming,https://www.2kratings.com/wp-content/uploads/Phoenix-Suns-Secondary-Logo.svg,73,81,240,70,62,71,71,55,53,69,75,72,85,56,80,68,80,67,74,65,70,55,52,62,27,40,60,60,60,70,77,69,85,70,46,75,78,75
sidy-cissoko,Sidy Cissoko,Portland Trail Blazers,SF|SG,Power Cutter,https://www.2kratings.com/wp-content/uploads/Sidy-Cissoko-2K-Photo-1280x720.jpg,https://www.2kratings.com/sidy-cissoko,https://www.2kratings.com/wp-content/uploads/Portland-Trail-Blazers-Secondary-Logo.svg,73,78,220,75,68,56,72,50,45,67,75,77,86,65,85,68,80,59,67,75,47,61,60,54,40,66,47,47,48,75,74,66,89,50,49,68,72,80
sviatoslav-mykhailiuk,Sviatoslav Mykhailiuk,Utah Jazz,SG|SF,Sharpshooter,https://www.2kratings.com/wp-content/uploads/Svi-Mykhailiuk-2K-Photo-1280x720.jpg,https://www.2kratings.com/sviatoslav-mykhailiuk,https://www.2kratings.com/wp-content/uploads/Utah-Jazz-2K-Roster-Secondary-Logo.svg,73,79,205,82,64,32,92,30,45,39,55,72,80,89,94,50,65,37,83,70,41,69,64,54,42,55,38,47,42,75,82,75,81,40,37,54,84,69
jamir-watkins,Jamir Watkins,Washington Wizards,SF|PF,Ball-Hawking Slasher,https://www.2kratings.com/wp-content/uploads/Jamir-Watkins-2K-Photo-1280x720.jpg,https://www.2kratings.com/jamir-watkins,https://www.2kratings.com/wp-content/uploads/Washington-Wizards-Secondary-Logo.svg,73,78,210,85,79,62,80,45,63,60,85,73,87,68,80,65,75,67,78,75,52,68,65,59,37,69,43,44,42,50,82,74,90,60,83,66,71,87
corey-kispert,Corey Kispert,Atlanta Hawks,SG|SF,Sharpshooter,https://www.2kratings.com/wp-content/uploads/Corey-Kispert-2K-Photo-1280x720.jpg,https://www.2kratings.com/corey-kispert,https://www.2kratings.com/wp-content/uploads/Atlanta-Hawks-Secondary-Logo.svg,73,78,224,76,71,45,88,65,52,42,60,73,81,82,75,69,80,54,80,50,38,66,69,67,44,70,39,39,38,60,76,66,84,40,33,60,80,69
tyus-jones,Tyus Jones,Denver Nuggets,PG,Playmaking Layup Pro,https://www.2kratings.com/wp-content/uploads/Tyus-Jones-2K-Photo-1280x720.jpg,https://www.2kratings.com/tyus-jones,https://www.2kratings.com/wp-content/uploads/Denver-Nuggets-Secondary-Logo.svg,73,73,196,71,86,35,88,50,41,70,30,89,81,89,78,60,87,30,78,40,31,84,88,80,67,67,35,40,28,70,71,69,92,25,66,34,70,57
kobe-brown,Kobe Brown,Indiana Pacers,PF|SF,Crafty Stretch Dimer,https://www.2kratings.com/wp-content/uploads/Kobe-Brown-2K-Photo-1280x720.jpg,https://www.2kratings.com/kobe-brown,https://www.2kratings.com/wp-content/uploads/Indiana-Pacers-Secondary-Logo.svg,73,79,250,62,70,51,85,45,60,50,65,78,83,80,80,60,85,62,72,70,65,69,70,57,43,62,64,64,64,65,60,57,88,60,38,70,81,66
taylor-hendricks,Taylor Hendricks,Memphis Grizzlies,PF|SF,Crafty Stretch,https://www.2kratings.com/wp-content/uploads/Taylor-Hendricks-2K-Photo-1280x720.jpg,https://www.2kratings.com/taylor-hendricks,https://www.2kratings.com/wp-content/uploads/Memphis-Grizzlies-Secondary-Logo.svg,73,81,215,75,69,65,90,50,64,42,75,80,78,66,85,67,85,68,78,60,55,55,62,62,33,68,54,54,54,55,72,69,92,60,59,62,76,78
jevon-carter,Jevon Carter,Orlando Magic,PG|SG,2-Way Sharpshooter,https://www.2kratings.com/wp-content/uploads/Jevon-Carter-2K-Photo-1280x720.jpg,https://www.2kratings.com/jevon-carter,https://www.2kratings.com/wp-content/uploads/Orlando-Magic-Secondary-Logo.svg,73,72,200,83,79,50,66,70,47,40,35,75,80,82,80,72,76,34,93,65,33,75,70,75,56,79,30,34,32,70,76,76,85,25,66,60,79,71
bogdan-bogdanovic,Bogdan Bogdanovic,Houston Rockets,SG|SF,Physical 3PT Creator,https://www.2kratings.com/wp-content/uploads/Bogdan-Bogdanovic-2K-Photo-1280x720.jpg,https://www.2kratings.com/bogdan-bogdanovic,https://www.2kratings.com/wp-content/uploads/Houston-Rockets-Secondary-Logo.svg,73,77,225,75,76,37,80,40,58,50,65,75,71,80,85,57,67,44,75,45,33,71,70,52,65,63,57,57,62,70,75,73,89,50,46,63,76,78
gradey-dick,Gradey Dick,Los Angeles Clippers,SF|SG,Pull-Up Pro,https://www.2kratings.com/wp-content/uploads/Gradey-Dick-2K-Photo-1280x720.jpg,https://www.2kratings.com/gradey-dick,https://www.2kratings.com/wp-content/uploads/Los-Angeles-Clippers-Primary-Logo.svg,73,79,200,74,75,40,66,55,53,60,75,73,86,87,80,69,85,55,82,50,47,67,65,73,32,73,40,47,36,60,76,74,89,35,59,54,72,78
jaden-hardy,Jaden Hardy,Los Angeles Lakers,SG|PG,Perimeter Shot Hunter,https://www.2kratings.com/wp-content/uploads/Jaden-Hardy-2K-Photo-1280x720.jpg,https://www.2kratings.com/jaden-hardy,https://www.2kratings.com/wp-content/uploads/Los-Angeles-Lakers-Secondary-Logo.svg,73,75,198,83,83,40,83,50,46,46,80,77,86,75,85,50,85,34,88,70,34,75,75,51,37,55,49,49,47,50,83,76,84,40,36,39,82,85
quinten-post,Quinten Post,Memphis Grizzlies,C,Stretch Five,https://www.2kratings.com/wp-content/uploads/Quinten-Post-2K-Photo-1280x720.jpg,https://www.2kratings.com/quinten-post,https://www.2kratings.com/wp-content/uploads/Memphis-Grizzlies-Secondary-Logo.svg,73,84,238,33,43,67,95,50,74,52,65,69,85,79,80,60,70,62,89,70,56,59,60,45,44,33,65,62,67,70,47,32,80,75,38,70,76,40
caleb-love,Caleb Love,Philadelphia 76ers,PG|SG,Perimeter Shot Hunter,https://www.2kratings.com/wp-content/uploads/Caleb-Love-2K-Photo-1280x720.jpg,https://www.2kratings.com/caleb-love,https://www.2kratings.com/wp-content/uploads/Philadelphia-76ers-Secondary-Logo.svg,73,75,212,75,79,35,75,40,51,75,65,77,88,74,85,58,70,34,91,65,38,74,78,57,66,65,25,37,25,60,83,81,82,25,40,51,77,74
rayan-rupert,Rayan Rupert,Philadelphia 76ers,SF|SG,Crafty Iso Sniper,https://www.2kratings.com/wp-content/uploads/Rayan-Rupert-2K-Photo-1280x720.jpg,https://www.2kratings.com/rayan-rupert,https://www.2kratings.com/wp-content/uploads/Philadelphia-76ers-Secondary-Logo.svg,73,78,205,72,72,40,75,65,60,40,70,79,87,74,70,70,85,53,63,65,46,68,68,70,33,70,42,44,40,70,67,65,88,45,70,52,77,69
kyle-anderson,Kyle Anderson,Toronto Raptors,PF|C,2-Way Playmaking Glider,https://www.2kratings.com/wp-content/uploads/Kyle-Anderson-2K-Photo-1280x720.jpg,https://www.2kratings.com/kyle-anderson,https://www.2kratings.com/wp-content/uploads/Toronto-Raptors-Secondary-Logo.svg,73,80,230,80,81,67,97,75,61,49,45,84,77,71,70,78,64,60,48,40,50,78,79,75,67,79,41,48,45,60,66,65,85,55,73,62,79,66
vince-williams-jr,Vince Williams Jr.,Free Agency,PG|SF,Defensive Playmaker,https://www.2kratings.com/wp-content/uploads/Vince-Williams-Jr-2K-Photo-1280x720.jpg,https://www.2kratings.com/vince-williams-jr,https://www.2kratings.com/wp-content/uploads/free-agency.svg,73,76,205,82,79,58,85,75,65,44,70,75,73,78,70,77,90,55,55,45,50,80,80,75,77,79,39,53,41,65,68,60,87,35,49,52,73,70
drew-eubanks,Drew Eubanks,Free Agency,C,Shot-Erasing Stretch,https://www.2kratings.com/wp-content/uploads/Drew-Eubanks-2K-Photo-1280x720.jpg,https://www.2kratings.com/drew-eubanks,https://www.2kratings.com/wp-content/uploads/free-agency.svg,73,82,245,62,37,89,97,45,78,44,70,69,75,56,75,59,85,74,73,75,62,42,55,50,27,47,77,77,77,65,61,38,80,75,46,70,73,75
ochai-agbaji,Ochai Agbaji,Free Agency,SF|PF,Pull-Up Pro,https://www.2kratings.com/wp-content/uploads/Ochai-Agbaji-2K-Photo-1280x720.jpg,https://www.2kratings.com/ochai-agbaji,https://www.2kratings.com/wp-content/uploads/free-agency.svg,73,77,215,79,75,56,72,65,53,40,80,78,88,84,78,77,85,57,83,50,51,60,60,75,32,78,52,52,52,60,85,78,90,65,40,64,65,85
joe-ingles,Joe Ingles,Free Agency,PF|SF,2-Way Stretch,https://www.2kratings.com/wp-content/uploads/Joe-Ingles-2K-Photo-1280x720.jpg,https://www.2kratings.com/joe-ingles,https://www.2kratings.com/wp-content/uploads/free-agency.svg,73,80,220,80,70,35,64,75,56,40,45,80,70,86,70,78,70,58,65,45,34,75,75,78,71,80,48,55,50,60,66,60,92,40,53,64,82,60
jalen-pickett,Jalen Pickett,Los Angeles Clippers,PG|SG,Catch & Shoot Sniper,https://www.2kratings.com/wp-content/uploads/Jalen-Pickett-2K-Photo-1280x720.jpg,https://www.2kratings.com/jalen-pickett,https://www.2kratings.com/wp-content/uploads/Los-Angeles-Clippers-Primary-Logo.svg,73,74,202,72,75,37,91,45,60,50,60,75,81,76,81,62,70,47,70,65,40,72,74,65,70,62,58,58,55,80,72,72,88,25,37,59,81,67
morez-johnson-jr,Morez Johnson Jr.,Dallas Mavericks,PF|C,Yamming Force of Nature,https://www.2kratings.com/wp-content/uploads/Morez-Johnson-Jr-2K-Photo-1280x720.jpg,https://www.2kratings.com/morez-johnson-jr,https://www.2kratings.com/wp-content/uploads/Dallas-Mavericks-Secondary-Logo.svg,73,81,250,79,54,67,72,55,66,37,85,70,77,78,70,67,90,70,69,30,69,51,55,49,37,67,56,55,57,50,83,59,85,80,39,77,67,87
yaxel-lendeborg,Yaxel Lendeborg,Golden State Warriors,PF|SF,Faceup Rim Rocker,https://www.2kratings.com/wp-content/uploads/Yaxel-Lendeborg-2K-Photo-1280x720.jpg,https://www.2kratings.com/yaxel-lendeborg,https://www.2kratings.com/wp-content/uploads/Golden-State-Warriors-Secondary-Logo.svg,73,81,240,70,76,60,77,50,60,42,85,77,80,82,95,67,80,70,74,50,54,70,70,64,66,70,60,60,59,60,75,70,90,55,60,66,78,81
brayden-burries,Brayden Burries,Milwaukee Bucks,SG|SF,Iso Savant,https://www.2kratings.com/wp-content/uploads/Brayden-Burries-2K-Photo-1280x720.jpg,https://www.2kratings.com/brayden-burries,https://www.2kratings.com/wp-content/uploads/Milwaukee-Bucks-Secondary-Logo.svg,73,76,205,78,77,37,82,50,51,44,70,80,80,80,80,67,80,46,80,50,44,67,69,60,54,69,42,44,42,60,80,75,85,40,62,60,79,80
trendon-watford,Trendon Watford,New Orleans Pelicans,PF|PG,Versatile Finisher,https://www.2kratings.com/wp-content/uploads/Trendon-Watford-2K-Photo-1280x720.jpg,https://www.2kratings.com/trendon-watford,https://www.2kratings.com/wp-content/uploads/New-Orleans-Pelicans-Secondary-Logo.svg,73,80,237,63,50,62,96,40,69,66,75,81,77,78,75,52,80,66,68,65,48,69,75,50,70,52,69,69,69,60,63,57,85,75,36,79,68,80
tre-mann,Tre Mann,Washington Wizards,PG|SG,Crafty Iso Sniper,https://www.2kratings.com/wp-content/uploads/Tre-Mann-2K-Photo-1280x720.jpg,https://www.2kratings.com/tre-mann,https://www.2kratings.com/wp-content/uploads/Washington-Wizards-Secondary-Logo.svg,73,76,178,74,83,40,66,40,56,45,60,85,77,85,85,60,75,49,70,75,43,77,75,59,70,62,60,55,35,70,74,73,88,25,41,53,76,68
nicolas-batum,Nicolas Batum,Free Agency,PF|SF,2-Way Stretch Dimer,https://www.2kratings.com/wp-content/uploads/Nicolas-Batum-2K-Photo-1280x720.jpg,https://www.2kratings.com/nicolas-batum,https://www.2kratings.com/wp-content/uploads/free-agency.svg,73,80,230,75,71,56,77,65,61,35,60,74,77,77,85,68,85,66,70,35,36,70,73,50,32,73,62,63,40,70,68,68,88,55,56,65,82,82
nick-richards,Nick Richards,Miami Heat,C,Middy Rim Reaper,https://www.2kratings.com/wp-content/uploads/Nick-Richards-2K-Photo-1280x720.jpg,https://www.2kratings.com/nick-richards,https://www.2kratings.com/wp-content/uploads/Miami-Heat-Secondary-Logo.svg,73,83,245,70,35,80,69,70,87,40,75,56,84,64,80,78,85,75,79,60,79,37,36,40,28,47,52,47,52,60,72,49,81,75,33,65,47,75
jonathan-kuminga,Jonathan Kuminga,Minnesota Timberwolves,PF|SF,Blow-By Finisher,https://www.2kratings.com/wp-content/uploads/Jonathan-Kuminga-2K-Photo-1280x720.jpg,https://www.2kratings.com/jonathan-kuminga,https://www.2kratings.com/wp-content/uploads/Minnesota-Timberwolves-Secondary-Logo.svg,73,79,225,84,67,52,92,50,78,79,85,86,80,72,85,70,80,73,49,80,57,69,68,69,60,73,60,60,49,70,84,75,88,65,40,73,79,90
aday-mara,Aday Mara,Oklahoma City Thunder,C,Rim-Protecting Dimer,https://www.2kratings.com/wp-content/uploads/Aday-Mara-2K-Photo-1280x720.jpg,https://www.2kratings.com/aday-mara,https://www.2kratings.com/wp-content/uploads/Oklahoma-City-Thunder-Secondary-Logo.svg,73,87,255,46,47,86,80,60,73,52,65,58,80,56,90,73,85,73,66,55,62,64,70,47,57,44,69,60,72,65,46,37,89,75,41,72,47,53
cody-williams,Cody Williams,Minnesota Timberwolves,PF|SF,Mid-Paint Creator,https://www.2kratings.com/wp-content/uploads/Cody-Williams-2K-Photo-1280x720.jpg,https://www.2kratings.com/cody-williams,https://www.2kratings.com/wp-content/uploads/Minnesota-Timberwolves-Secondary-Logo.svg,73,80,190,86,82,56,97,55,47,40,80,78,88,70,95,70,75,68,80,55,46,63,63,60,41,73,53,57,53,65,85,79,90,50,43,63,70,75
josh-green,Josh Green,Utah Jazz,SF|SG,Perimeter Lock,https://www.2kratings.com/wp-content/uploads/Josh-Green-2K-Photo-1280x720.jpg,https://www.2kratings.com/josh-green,https://www.2kratings.com/wp-content/uploads/Utah-Jazz-2K-Roster-Secondary-Logo.svg,73,78,200,86,70,37,96,75,41,44,80,75,82,89,95,79,90,35,69,30,53,67,65,78,33,79,30,34,35,50,86,72,89,30,59,60,81,80
john-konchar,John Konchar,Free Agency,SF|PF,Ball-Hawking Connector,https://www.2kratings.com/wp-content/uploads/John-Konchar-2K-Rating.png,https://www.2kratings.com/john-konchar,https://www.2kratings.com/wp-content/uploads/free-agency.svg,73,77,210,69,76,72,97,45,65,40,55,76,74,69,85,50,90,54,73,55,57,74,79,60,45,62,47,47,44,70,62,60,93,40,91,60,69,70
cameron-whitmore,Cam Whitmore,Denver Nuggets,SF|PF,Open-Lane Burner,https://www.2kratings.com/wp-content/uploads/Cam-Whitmore-2K-Photo-1280x720.jpg,https://www.2kratings.com/cameron-whitmore,https://www.2kratings.com/wp-content/uploads/Denver-Nuggets-Secondary-Logo.svg,73,78,230,84,86,53,61,50,54,59,80,84,68,74,80,57,80,57,76,60,49,68,69,58,32,67,59,59,57,55,84,84,85,40,70,68,70,84
julian-reese,Julian Reese,New Orleans Pelicans,C|PF,Board-Hunting Layup Pro,https://www.2kratings.com/wp-content/uploads/Julian-Reese-2K-Photo-1280x720.jpg,https://www.2kratings.com/julian-reese,https://www.2kratings.com/wp-content/uploads/New-Orleans-Pelicans-Secondary-Logo.svg,73,81,230,64,62,51,73,40,87,65,70,78,85,67,60,64,95,67,66,50,90,47,48,50,37,59,66,65,66,50,68,58,80,70,43,78,30,75
dangelo-russell,D’Angelo Russell,Free Agency,PG|SG,Mid-Paint Creator,https://www.2kratings.com/wp-content/uploads/DAngelo-Russell-2K-Rating-1.png,https://www.2kratings.com/dangelo-russell,https://www.2kratings.com/wp-content/uploads/free-agency.svg,73,75,193,65,86,37,94,45,53,67,45,85,79,72,81,54,65,40,92,40,35,82,82,40,82,57,60,55,35,50,81,81,93,25,40,54,76,71
rob-dillingham,Robert Dillingham,Free Agency,PG|SG,Open-Lane Burner,https://www.2kratings.com/wp-content/uploads/Rob-Dillingham-2K-Rating.png,https://www.2kratings.com/rob-dillingham,https://www.2kratings.com/wp-content/uploads/free-agency.svg,73,74,175,86,90,37,67,50,53,45,75,70,84,76,90,57,85,34,74,75,36,69,68,58,70,63,39,39,37,65,89,88,90,30,70,39,74,85
mouhamed-gueye,Mouhamed Gueye,Atlanta Hawks,PF|C,Rim-Wrecking Bandit,https://www.2kratings.com/wp-content/uploads/Mouhamed-Gueye-2K-Photo-1280x720.jpg,https://www.2kratings.com/mouhamed-gueye,https://www.2kratings.com/wp-content/uploads/Atlanta-Hawks-Secondary-Logo.svg,72,83,210,67,60,68,71,45,68,58,80,71,80,65,90,57,90,60,54,70,65,60,62,50,34,48,52,51,52,65,67,52,88,75,76,63,73,75
drake-powell,Drake Powell,Brooklyn Nets,SG|PG,Wing-Running High Flyer,https://www.2kratings.com/wp-content/uploads/Drake-Powell-2K-Photo-1280x720.jpg,https://www.2kratings.com/drake-powell,https://www.2kratings.com/wp-content/uploads/Brooklyn-Nets-Secondary-Logo.svg,72,77,195,87,70,45,94,65,46,50,85,75,87,91,80,70,90,54,75,40,34,69,69,70,42,75,44,44,44,40,86,75,85,45,40,54,72,95
noa-essengue,Noa Essengue,Chicago Bulls,PF|SF,Rim-Running Hammer,https://www.2kratings.com/wp-content/uploads/Noa-Essengue-2K-Photo-1280x720.jpg,https://www.2kratings.com/noa-essengue,https://www.2kratings.com/wp-content/uploads/Chicago-Bulls-Secondary-Logo.svg,72,80,194,82,69,45,71,45,54,76,80,72,48,70,90,60,80,60,70,50,55,60,60,68,39,68,60,60,60,60,85,72,80,50,60,55,70,82
craig-porter,Craig Porter Jr.,Cleveland Cavaliers,PG,Chaos Trigger,https://www.2kratings.com/wp-content/uploads/Craig-Porter-2K-Photo-1280x720.jpg,https://www.2kratings.com/craig-porter,https://www.2kratings.com/wp-content/uploads/Cleveland-Cavaliers-Secondary-Logo.svg,72,73,180,79,73,71,71,65,55,60,50,77,84,56,85,60,90,44,75,65,64,75,75,84,71,73,49,48,44,70,79,79,88,30,83,48,79,72
caleb-martin,Caleb Martin,Dallas Mavericks,PF|SF,2-Way Crafty Stretch,https://www.2kratings.com/wp-content/uploads/Caleb-Martin-2K-Photo-1280x720.jpg,https://www.2kratings.com/caleb-martin,https://www.2kratings.com/wp-content/uploads/Dallas-Mavericks-Secondary-Logo.svg,72,77,205,74,69,55,63,70,61,48,70,83,73,61,75,74,90,68,65,45,42,62,69,72,47,75,54,54,55,70,68,59,85,25,66,58,78,74
spencer-jones,Spencer Jones,Denver Nuggets,PF|SF,Stretch Four,https://www.2kratings.com/wp-content/uploads/Spencer-Jones-2K-Photo-1280x720.jpg,https://www.2kratings.com/spencer-jones,https://www.2kratings.com/wp-content/uploads/Denver-Nuggets-Secondary-Logo.svg,72,79,225,64,68,58,95,50,50,59,65,76,82,61,88,64,95,57,72,70,56,54,57,57,29,64,45,40,40,70,67,60,80,40,53,50,81,68
jaesean-tate,Jae’Sean Tate,Houston Rockets,SF|PF,Below-the-Rim Bruiser,https://www.2kratings.com/wp-content/uploads/JaeSean-Tate-2K-Photo-1280x720.jpg,https://www.2kratings.com/jaesean-tate,https://www.2kratings.com/wp-content/uploads/Houston-Rockets-Secondary-Logo.svg,72,76,230,70,74,42,92,65,55,54,75,85,73,69,85,68,95,70,70,40,65,70,72,69,38,70,69,68,69,40,69,62,89,65,70,78,72,75
johnny-furphy,Johnny Furphy,Indiana Pacers,SF|SG,Glass-Cleaning Sniper,https://www.2kratings.com/wp-content/uploads/Johnny-Furphy-2K-Photo-1280x720.jpg,https://www.2kratings.com/johnny-furphy,https://www.2kratings.com/wp-content/uploads/Indiana-Pacers-Secondary-Logo.svg,72,80,200,63,59,50,89,50,77,48,60,77,68,49,85,52,90,52,77,60,52,60,64,48,33,57,49,52,47,75,79,60,85,60,49,54,79,79
myron-gardner,Myron Gardner,Miami Heat,SF|SG,Glass-Cleaning Sniper,https://www.2kratings.com/wp-content/uploads/Myron-Gardner-2K-Photo-1280x720.jpg,https://www.2kratings.com/myron-gardner,https://www.2kratings.com/wp-content/uploads/Miami-Heat-Secondary-Logo.svg,72,77,225,78,72,48,88,65,78,45,70,76,85,73,84,68,75,45,72,60,73,69,69,67,54,69,48,47,43,55,70,65,84,40,70,62,82,78
jericho-sims,Jericho Sims,Milwaukee Bucks,C,Rim-Running Hammer,https://www.2kratings.com/wp-content/uploads/Jericho-Sims-2K-Photo-1280x720.jpg,https://www.2kratings.com/jericho-sims,https://www.2kratings.com/wp-content/uploads/Milwaukee-Bucks-Secondary-Logo.svg,72,82,250,80,35,51,90,40,75,40,89,64,80,64,80,66,90,66,69,60,82,30,32,55,37,40,60,60,60,50,80,34,85,80,32,70,26,83
jaylen-clark,Jaylen Clark,Minnesota Timberwolves,SG|SF,Pressure Cooker,https://www.2kratings.com/wp-content/uploads/Jaylen-Clark-2K-Photo-1280x720.jpg,https://www.2kratings.com/jaylen-clark,https://www.2kratings.com/wp-content/uploads/Minnesota-Timberwolves-Secondary-Logo.svg,72,76,205,86,69,50,78,75,44,39,70,72,87,66,70,82,85,52,67,50,61,62,60,80,31,81,44,38,40,65,79,76,85,50,80,55,73,77
joan-beringer,Joan Beringer,Minnesota Timberwolves,C,Rim-Wrecking Crasher,https://www.2kratings.com/wp-content/uploads/Joan-Beringer-2K-Photo-1280x720.jpg,https://www.2kratings.com/joan-beringer,https://www.2kratings.com/wp-content/uploads/Minnesota-Timberwolves-Secondary-Logo.svg,72,83,203,67,47,80,69,40,70,40,80,68,85,62,80,66,90,73,45,40,93,49,47,55,31,40,55,50,57,60,56,41,85,85,35,70,26,80
mohamed-diawara,Mohamed Diawara,New York Knicks,PF|C,Rim-Rocking Stretch,https://www.2kratings.com/wp-content/uploads/Mohamed-Diawara-2K-Photo-1280x720.jpg,https://www.2kratings.com/mohamed-diawara,https://www.2kratings.com/wp-content/uploads/New-York-Knicks-Secondary-Logo.svg,72,81,225,69,57,50,81,50,61,59,85,70,85,55,85,65,85,64,88,65,38,54,54,50,41,60,59,59,59,60,74,60,85,70,41,69,81,84
nikola-topic,Nikola Topic,Oklahoma City Thunder,PG|SG,Floor General,https://www.2kratings.com/wp-content/uploads/Nikola-Topic-2K-Photo-1280x720.jpg,https://www.2kratings.com/nikola-topic,https://www.2kratings.com/wp-content/uploads/Oklahoma-City-Thunder-Secondary-Logo.svg,72,78,200,76,86,47,81,45,47,55,65,81,50,87,85,60,75,45,69,65,32,81,81,52,76,63,40,57,44,60,79,79,85,40,44,59,75,69
jamal-cain,Jamal Cain,Orlando Magic,SF|PF,Crafty Sniper,https://www.2kratings.com/wp-content/uploads/Jamal-Cain-2K-Photo-1280x720.jpg,https://www.2kratings.com/jamal-cain,https://www.2kratings.com/wp-content/uploads/Orlando-Magic-Secondary-Logo.svg,72,79,191,68,53,37,87,50,53,40,75,80,78,90,75,55,70,60,59,65,53,44,49,50,36,68,57,55,59,65,66,60,80,65,42,60,81,75
jase-richardson,Jase Richardson,Orlando Magic,SG|PG,Mid-Paint Pro,https://www.2kratings.com/wp-content/uploads/Jase-Richardson-2K-Photo-1280x720.jpg,https://www.2kratings.com/jase-richardson,https://www.2kratings.com/wp-content/uploads/Orlando-Magic-Secondary-Logo.svg,72,73,180,84,79,37,93,55,46,54,87,77,84,73,80,64,85,33,84,50,45,70,72,60,61,67,38,39,37,70,81,80,85,40,37,57,80,80
tristan-vukcevic,Tristan Vukcevic,Washington Wizards,C|PF,Crafty Stretch,https://www.2kratings.com/wp-content/uploads/Tristan-Vukcevic-2K-Photo-1280x720.jpg,https://www.2kratings.com/tristan-vukcevic,https://www.2kratings.com/wp-content/uploads/Washington-Wizards-Secondary-Logo.svg,72,84,225,55,51,81,98,45,72,68,65,82,79,78,78,57,80,59,74,75,50,45,55,37,49,44,69,67,66,55,57,50,89,70,46,72,78,65
jahmai-mashack,Jahmai Mashack,Memphis Grizzlies,SG|SF,Pressure Cooker,https://www.2kratings.com/wp-content/uploads/Jahmai-Mashack-2K-Photo-1280x720.jpg,https://www.2kratings.com/jahmai-mashack,https://www.2kratings.com/wp-content/uploads/Memphis-Grizzlies-Secondary-Logo.svg,72,76,192,88,67,60,78,70,44,39,70,68,82,57,69,75,60,60,70,50,46,69,68,75,37,75,57,40,40,75,82,68,85,45,93,60,67,80
kam-jones,Kam Jones,Milwaukee Bucks,SG|PG,Combo Guard,https://www.2kratings.com/wp-content/uploads/Kam-Jones-2K-Photo-1280x720.jpg,https://www.2kratings.com/kam-jones,https://www.2kratings.com/wp-content/uploads/Milwaukee-Bucks-Secondary-Logo.svg,72,76,200,75,82,25,88,40,44,54,60,78,72,66,89,58,85,30,79,65,35,79,79,57,70,60,40,40,40,70,76,76,88,30,41,52,73,60
jonathan-isaac,Jonathan Isaac,Orlando Magic,PF|C,Defensive Demon,https://www.2kratings.com/wp-content/uploads/Jonathan-Isaac-2K-Photo-1280x720.jpg,https://www.2kratings.com/jonathan-isaac,https://www.2kratings.com/wp-content/uploads/Orlando-Magic-Secondary-Logo.svg,72,82,230,80,57,91,89,80,74,30,70,66,68,60,68,80,65,83,44,30,67,54,52,78,29,80,44,45,44,35,73,66,70,60,86,70,59,80
ariel-hukporti,Ariel Hukporti,Philadelphia 76ers,C|PF,Shot-Erasing Putback Pro,https://www.2kratings.com/wp-content/uploads/Ariel-Hukporti-2K-Photo-1280x720.jpg,https://www.2kratings.com/ariel-hukporti,https://www.2kratings.com/wp-content/uploads/Philadelphia-76ers-Secondary-Logo.svg,72,84,246,37,45,90,41,45,75,65,75,58,81,79,75,57,95,74,57,45,87,43,44,40,36,37,52,50,54,75,47,40,80,75,38,78,47,68
micah-potter,Micah Potter,Portland Trail Blazers,C|PF,Glass-Cleaning Stretch,https://www.2kratings.com/wp-content/uploads/Micah-Potter-2K-Photo-1280x720.jpg,https://www.2kratings.com/micah-potter,https://www.2kratings.com/wp-content/uploads/Portland-Trail-Blazers-Secondary-Logo.svg,72,81,248,43,42,55,95,45,75,50,65,59,80,88,76,59,85,59,70,70,57,54,55,57,42,37,63,63,63,80,43,32,80,75,38,76,83,60
dante-exum,Dante Exum,Free Agency,SG|SF,2-Way Iso Sniper,https://www.2kratings.com/wp-content/uploads/Dante-Exum-2K-Rating.png,https://www.2kratings.com/dante-exum,https://www.2kratings.com/wp-content/uploads/free-agency.svg,72,77,214,79,75,51,83,75,47,52,60,75,56,74,85,78,75,27,73,50,30,73,73,78,72,78,40,55,28,60,79,79,80,25,63,48,80,77
amir-coffey,Amir Coffey,Free Agency,SF|SG,Mid-Paint Creator,https://www.2kratings.com/wp-content/uploads/Amir-Coffey-2K-Photo-1280x720.jpg,https://www.2kratings.com/amir-coffey,https://www.2kratings.com/wp-content/uploads/free-agency.svg,72,79,210,75,75,51,74,50,46,49,75,84,79,79,81,68,70,47,94,50,41,72,74,64,34,64,54,53,38,50,75,75,80,25,36,52,74,75
eric-gordon,Eric Gordon,Free Agency,SG|SF,Perimeter Shot Hunter,https://www.2kratings.com/wp-content/uploads/Eric-Gordon-2K-Rating.png,https://www.2kratings.com/eric-gordon,https://www.2kratings.com/wp-content/uploads/free-agency.svg,72,75,215,79,79,56,77,50,39,60,70,75,72,75,94,73,85,42,80,40,30,69,73,68,43,73,50,63,35,50,79,78,92,30,46,60,83,82
dalano-banton,Dalano Banton,Free Agency,PG|SG,Sniping Layup Bully,https://www.2kratings.com/wp-content/uploads/Dalano-Banton-2K-Photo-1280x720.jpg,https://www.2kratings.com/dalano-banton,https://www.2kratings.com/wp-content/uploads/free-agency.svg,72,80,203,76,76,67,56,60,51,79,65,84,78,71,80,60,75,40,71,60,40,78,79,62,70,68,48,45,30,65,76,72,80,30,59,66,77,75
monte-morris,Monte Morris,Free Agency,PG,Point-Fading Wizard,https://www.2kratings.com/wp-content/uploads/Monte-Morris-2K-Photo-1280x720.jpg,https://www.2kratings.com/monte-morris,https://www.2kratings.com/wp-content/uploads/free-agency.svg,72,74,183,83,80,40,83,35,49,37,50,79,73,85,80,52,80,44,89,35,32,85,85,55,67,62,32,45,28,60,83,83,85,25,43,41,72,72
mason-plumlee,Mason Plumlee,Free Agency,C,Break-Starting Finisher,https://www.2kratings.com/wp-content/uploads/Mason-Plumlee-2K-Photo-1280x720.jpg,https://www.2kratings.com/mason-plumlee,https://www.2kratings.com/wp-content/uploads/free-agency.svg,72,84,254,48,37,75,85,60,89,40,80,81,69,65,81,72,92,74,60,40,71,75,72,68,66,46,70,70,75,30,57,50,78,85,40,80,58,75
kelly-olynyk,Kelly Olynyk,Free Agency,C|PF,Deep-Range Distributor,https://www.2kratings.com/wp-content/uploads/Kelly-Olynyk-2K-Photo-1280x720.jpg,https://www.2kratings.com/kelly-olynyk,https://www.2kratings.com/wp-content/uploads/free-agency.svg,72,84,240,35,42,60,93,65,71,49,60,76,73,71,78,66,90,70,70,50,66,70,76,45,70,50,79,79,79,35,31,25,89,70,53,70,74,55
aaron-holiday,Aaron Holiday,Free Agency,SG|PG,Playmaking 3PT Creator,https://www.2kratings.com/wp-content/uploads/Aaron-Holiday-2K-Photo-1280x720.jpg,https://www.2kratings.com/aaron-holiday,https://www.2kratings.com/wp-content/uploads/free-agency.svg,72,72,185,77,86,37,94,45,40,47,60,79,81,87,80,67,85,34,64,70,33,82,82,69,40,68,32,45,25,75,76,76,85,25,46,49,82,56
anthony-gill,Anthony Gill,Free Agency,PF|C,Faceup Masher,https://www.2kratings.com/wp-content/uploads/Anthony-Gill-2K-Photo-1280x720.jpg,https://www.2kratings.com/anthony-gill,https://www.2kratings.com/wp-content/uploads/free-agency.svg,72,79,230,67,54,60,98,50,55,40,75,76,76,77,74,50,88,66,72,70,59,38,55,58,42,60,69,69,69,60,69,53,80,75,46,76,75,79
seth-curry,Seth Curry,Free Agency,SG|PG,Crafty Sharpshooter,https://www.2kratings.com/wp-content/uploads/Seth-Curry-2K-Photo-1280x720.jpg,https://www.2kratings.com/seth-curry,https://www.2kratings.com/wp-content/uploads/free-agency.svg,72,73,185,78,78,42,70,35,48,35,36,85,61,80,69,54,80,25,95,70,37,75,75,55,37,57,30,35,27,60,78,77,89,25,40,41,89,68
maxi-kleber,Maxi Kleber,Free Agency,C|PF,2-Way Facilitator,https://www.2kratings.com/wp-content/uploads/Maxi-Kleber-2K-Photo-1280x720.jpg,https://www.2kratings.com/maxi-kleber,https://www.2kratings.com/wp-content/uploads/free-agency.svg,72,82,240,77,64,63,86,75,54,40,75,73,67,58,80,75,80,80,70,35,67,70,68,75,35,77,64,67,67,50,45,45,85,75,33,79,67,56
aj-lawson,A.J. Lawson,Free Agency,SF|SG,Crafty Diming Sniper,https://www.2kratings.com/wp-content/uploads/AJ-Lawson-2K-Photo-1280x720.jpg,https://www.2kratings.com/aj-lawson,https://www.2kratings.com/wp-content/uploads/free-agency.svg,72,78,179,79,69,53,75,50,68,54,75,80,84,66,75,60,80,48,68,65,46,69,64,65,34,60,55,52,52,75,74,69,85,45,41,49,81,80
gabe-vincent,Gabe Vincent,Free Agency,PG|SG,PlayShot Point,https://www.2kratings.com/wp-content/uploads/Gabe-Vincent-2K-Photo-1280x720.jpg,https://www.2kratings.com/gabe-vincent,https://www.2kratings.com/wp-content/uploads/free-agency.svg,72,74,200,73,82,32,63,45,36,37,45,80,71,95,90,60,69,37,70,60,34,78,79,57,41,60,26,32,26,70,73,70,85,25,43,49,76,66
keaton-wallace,Keaton Wallace,Free Agency,PG|SG,Iso-Sniping Ball Hawk,https://www.2kratings.com/wp-content/uploads/Keaton-Wallace-2K-Photo-1280x720.jpg,https://www.2kratings.com/keaton-wallace,https://www.2kratings.com/wp-content/uploads/free-agency.svg,72,75,185,79,72,47,84,70,55,40,50,77,79,83,85,70,70,44,69,65,26,70,74,68,72,70,29,30,32,70,80,76,88,25,76,49,81,72
karim-lopez,Karim Lopez,Memphis Grizzlies,SF|PF,Middy Bully,https://www.2kratings.com/wp-content/uploads/Karim-Lopez-2K-Photo-1280x720.jpg,https://www.2kratings.com/karim-lopez,https://www.2kratings.com/wp-content/uploads/Memphis-Grizzlies-Secondary-Logo.svg,72,81,222,64,69,55,77,50,66,41,75,74,83,73,95,62,90,66,74,40,42,67,69,60,59,64,66,67,67,60,71,67,85,50,41,69,73,83
lonnie-walker-iv,Lonnie Walker IV,Denver Nuggets,SG|SF,Middy Ace,https://www.2kratings.com/wp-content/uploads/Lonnie-Walker-IV-2K-Photo-1280x720.jpg,https://www.2kratings.com/lonnie-walker-iv,https://www.2kratings.com/wp-content/uploads/Denver-Nuggets-Secondary-Logo.svg,72,76,204,89,78,51,76,35,65,67,75,82,82,76,75,62,65,55,85,45,33,70,67,65,67,74,48,53,48,65,89,77,85,40,38,64,77,83
cameron-carr,Cameron Carr,Los Angeles Lakers,SG|SF,Wing-Running High Flyer,https://www.2kratings.com/wp-content/uploads/Cameron-Carr-2K-Photo-1280x720.jpg,https://www.2kratings.com/cameron-carr,https://www.2kratings.com/wp-content/uploads/Los-Angeles-Lakers-Secondary-Logo.svg,72,77,190,86,78,52,70,50,52,50,85,76,83,80,71,60,83,44,79,50,31,64,66,62,48,64,38,47,36,60,87,80,85,35,44,45,80,97
nate-ament,Nate Ament,Milwaukee Bucks,SF|PF,Perimeter Shot Hunter,https://www.2kratings.com/wp-content/uploads/Nate-Ament-2K-Photo-1280x720.jpg,https://www.2kratings.com/nate-ament,https://www.2kratings.com/wp-content/uploads/Milwaukee-Bucks-Secondary-Logo.svg,72,82,207,73,75,41,73,45,50,62,70,73,80,79,75,60,50,49,76,40,46,67,69,57,51,60,52,59,51,60,77,71,85,45,47,49,76,79
kyle-lowry,Kyle Lowry,Free Agency,PG|SG,Pesky Perimeter Lock,https://www.2kratings.com/wp-content/uploads/Kyle-Lowry-2K-Photo-1280x720.jpg,https://www.2kratings.com/kyle-lowry,https://www.2kratings.com/wp-content/uploads/free-agency.svg,72,72,196,84,79,56,67,80,48,40,25,68,79,82,95,80,97,60,77,40,34,75,80,80,67,80,40,44,38,60,84,84,96,25,76,67,75,72
dwight-powell,Dwight Powell,Dallas Mavericks,C,Post-Scoring Stretch,https://www.2kratings.com/wp-content/uploads/Dwight-Powell-2K-Photo-1280x720.jpg,https://www.2kratings.com/dwight-powell,https://www.2kratings.com/wp-content/uploads/Dallas-Mavericks-Secondary-Logo.svg,72,82,240,58,60,60,96,65,69,43,65,71,74,69,70,68,75,74,69,30,74,55,64,74,36,45,79,79,77,30,71,44,90,75,49,80,75,67
ryan-nembhard,Ryan Nembhard,Denver Nuggets,PG,PlayShot Point,https://www.2kratings.com/wp-content/uploads/Ryan-Nembhard-2K-Rating.png,https://www.2kratings.com/ryan-nembhard,https://www.2kratings.com/wp-content/uploads/Denver-Nuggets-Secondary-Logo.svg,72,71,180,79,86,30,82,45,50,35,30,78,87,77,85,57,85,31,79,60,30,89,89,75,81,66,30,30,35,55,80,80,85,25,36,37,80,68
kj-simpson,K.J. Simpson,Free Agency,PG,Shifty Thief,https://www.2kratings.com/wp-content/uploads/KJ-Simpson-2K-Photo-1280x720.jpg,https://www.2kratings.com/kj-simpson,https://www.2kratings.com/wp-content/uploads/free-agency.svg,72,74,189,83,87,25,76,40,57,50,50,78,84,81,80,59,80,42,53,65,38,78,78,59,71,64,37,40,28,75,76,76,85,25,86,52,74,82
ron-harper-jr,Ron Harper Jr.,Boston Celtics,SF|SG,Perimeter Shot Hunter,https://www.2kratings.com/wp-content/uploads/Ron-Harper-Jr-2K-Photo-1280x720.jpg,https://www.2kratings.com/ron-harper-jr,https://www.2kratings.com/wp-content/uploads/Boston-Celtics-Secondary-Logo.svg,71,77,233,69,72,47,70,55,48,57,70,72,83,79,85,60,75,42,72,70,57,59,68,52,33,60,30,45,44,70,69,63,80,40,43,47,78,70
pat-connaughton,Pat Connaughton,Charlotte Hornets,SG|SF,High Flyer,https://www.2kratings.com/wp-content/uploads/Pat-Connaughton-2K-Photo-1280x720.jpg,https://www.2kratings.com/pat-connaughton,https://www.2kratings.com/wp-content/uploads/Charlotte-Hornets-Secondary-Logo.svg,71,77,209,78,78,57,90,65,63,66,86,78,73,65,90,70,80,35,69,35,45,69,78,71,49,73,30,34,35,60,77,65,80,30,32,45,79,95
liam-mcneeley,Liam McNeeley,Charlotte Hornets,SF|SG,Playmaking 3PT Creator,https://www.2kratings.com/wp-content/uploads/Liam-McNeeley-2K-Photo-1280x720.jpg,https://www.2kratings.com/liam-mcneeley,https://www.2kratings.com/wp-content/uploads/Charlotte-Hornets-Secondary-Logo.svg,71,79,210,73,69,37,56,40,66,58,60,67,79,82,85,58,80,51,70,60,42,68,68,57,51,62,39,39,38,60,81,70,84,40,47,54,83,72
naeqwan-tomlin,Nae’Qwan Tomlin,Cleveland Cavaliers,PF|C,2-Way Rim-Rocking Eraser,https://www.2kratings.com/wp-content/uploads/NaeQwan-Tomlin-2K-Photo-1280x720.jpg,https://www.2kratings.com/naeqwan-tomlin,https://www.2kratings.com/wp-content/uploads/Cleveland-Cavaliers-Secondary-Logo.svg,71,80,210,70,72,75,75,60,50,55,80,77,86,75,80,67,80,64,72,65,67,67,70,62,33,70,57,62,57,50,75,65,80,60,56,69,64,80
tyrese-proctor,Tyrese Proctor,Cleveland Cavaliers,SG|PG,Combo Guard,https://www.2kratings.com/wp-content/uploads/Tyrese-Proctor-2K-Photo-1280x720.jpg,https://www.2kratings.com/tyrese-proctor,https://www.2kratings.com/wp-content/uploads/Cleveland-Cavaliers-Secondary-Logo.svg,71,76,185,81,80,27,70,45,51,37,65,76,80,89,90,54,85,42,79,70,34,79,77,57,54,60,52,49,49,60,82,82,85,35,48,51,79,77
moussa-cisse,Moussa Cisse,Dallas Mavericks,C,Shot-Erasing Putback Pro,https://www.2kratings.com/wp-content/uploads/Moussa-Cisse-2K-Photo-1280x720.jpg,https://www.2kratings.com/moussa-cisse,https://www.2kratings.com/wp-content/uploads/Dallas-Mavericks-Secondary-Logo.svg,71,83,220,57,40,96,81,60,83,40,80,63,85,44,75,78,90,75,44,25,94,40,40,40,27,44,50,47,57,40,59,40,80,80,42,70,25,79
zeke-nnaji,Zeke Nnaji,Denver Nuggets,C|PF,Athlete,https://www.2kratings.com/wp-content/uploads/Zeke-Nnaji-2K-Photo-1280x720.jpg,https://www.2kratings.com/zeke-nnaji,https://www.2kratings.com/wp-content/uploads/Denver-Nuggets-Secondary-Logo.svg,71,81,240,77,37,73,73,50,67,69,70,75,83,77,77,57,89,72,76,45,55,33,42,42,30,54,67,67,69,45,77,52,80,80,42,70,72,82
daron-holmes,DaRon Holmes II,Denver Nuggets,C|PF,Rim-Running Stretch,https://www.2kratings.com/wp-content/uploads/DaRon-Holmes-II-2K-Photo-1280x720.jpg,https://www.2kratings.com/daron-holmes,https://www.2kratings.com/wp-content/uploads/Denver-Nuggets-Secondary-Logo.svg,71,82,225,69,60,62,77,55,55,50,75,68,73,70,80,72,80,76,76,65,42,49,50,62,42,63,68,67,68,55,75,59,88,75,29,67,78,64
thomas-sorber,Thomas Sorber,Oklahoma City Thunder,C|PF,Showmaker,https://www.2kratings.com/wp-content/uploads/Thomas-Sorber-2K-Photo-1280x720.jpg,https://www.2kratings.com/thomas-sorber,https://www.2kratings.com/wp-content/uploads/Oklahoma-City-Thunder-Secondary-Logo.svg,71,81,255,66,66,75,75,60,69,44,75,70,43,72,85,62,90,69,70,45,68,69,72,62,48,58,68,68,68,50,59,52,85,75,62,72,60,74
jabari-walker,Jabari Walker,Philadelphia 76ers,PF|SF,Faceup Rim Rocker,https://www.2kratings.com/wp-content/uploads/Jabari-Walker-2K-Photo-1280x720.jpg,https://www.2kratings.com/jabari-walker,https://www.2kratings.com/wp-content/uploads/Philadelphia-76ers-Secondary-Logo.svg,71,79,237,75,60,56,60,60,69,40,75,71,85,75,80,67,70,68,70,40,69,52,54,65,31,60,65,65,65,60,75,71,80,45,43,70,76,79
daeqwon-plowden,Daeqwon Plowden,Sacramento Kings,SF|SG,High-Flying Slasher,https://www.2kratings.com/wp-content/uploads/Daeqwon-Plowden-2K-Photo-1280x720.jpg,https://www.2kratings.com/daeqwon-plowden,https://www.2kratings.com/wp-content/uploads/Sacramento-Kings-Secondary-Logo.svg,71,76,216,82,67,37,85,50,47,37,80,78,79,85,80,65,75,46,68,50,45,60,62,62,31,66,47,44,47,50,83,76,80,40,41,62,78,83
jordan-mclaughlin,Jordan McLaughlin,San Antonio Spurs,PG,Iso-Sniping Ball Hawk,https://www.2kratings.com/wp-content/uploads/Jordan-McLaughlin-2K-Photo-1280x720.jpg,https://www.2kratings.com/jordan-mclaughlin,https://www.2kratings.com/wp-content/uploads/San-Antonio-Spurs-Secondary-Logo.svg,71,71,185,74,84,25,69,60,46,49,65,84,74,75,70,52,70,25,74,55,35,83,80,74,62,73,25,25,25,85,72,70,80,25,86,52,80,74
chaney-johnson,Chaney Johnson,Brooklyn Nets,SF|PF,2-Way High Flyer,https://www.2kratings.com/wp-content/uploads/Chaney-Johnson-2K-Photo-1280x720.jpg,https://www.2kratings.com/chaney-johnson,https://www.2kratings.com/wp-content/uploads/Brooklyn-Nets-Secondary-Logo.svg,71,79,295,79,65,62,86,60,63,37,85,75,85,79,70,66,90,69,70,40,69,57,55,65,66,73,47,48,48,50,79,69,80,65,70,60,72,85
jalen-slawson,Jalen Slawson,Indiana Pacers,SF|PF,Bouncy Chaos Creator,https://www.2kratings.com/wp-content/uploads/Jalen-Slawson-2K-Photo-1280x720.jpg,https://www.2kratings.com/jalen-slawson,https://www.2kratings.com/wp-content/uploads/Indiana-Pacers-Secondary-Logo.svg,71,79,215,67,66,79,73,60,76,49,80,70,79,77,70,65,64,65,73,60,37,58,49,67,64,59,49,48,45,60,68,65,85,65,80,62,76,72
jamaree-bouyea,Jamaree Bouyea,Phoenix Suns,PG|SG,Chaos-Creating Burner,https://www.2kratings.com/wp-content/uploads/Jamaree-Bouyea-2K-Photo-1280x720.jpg,https://www.2kratings.com/jamaree-bouyea,https://www.2kratings.com/wp-content/uploads/Phoenix-Suns-Secondary-Logo.svg,71,74,180,83,76,66,85,50,52,60,45,79,73,71,75,65,85,42,67,75,40,75,70,67,65,68,31,35,27,65,83,83,85,25,73,41,72,70
haywood-highsmith,Haywood Highsmith,Phoenix Suns,SF|PF,3 & D Wing,https://www.2kratings.com/wp-content/uploads/Haywood-Highsmith-2K-Photo-1280x720.jpg,https://www.2kratings.com/haywood-highsmith,https://www.2kratings.com/wp-content/uploads/Phoenix-Suns-Secondary-Logo.svg,71,77,220,81,70,61,86,70,52,40,45,78,60,75,70,78,65,70,70,50,45,55,55,77,35,79,46,54,47,55,70,64,80,35,59,50,81,79
trayce-jackson-davis,Trayce Jackson-Davis,Toronto Raptors,C|PF,Rim-Running Hammer,https://www.2kratings.com/wp-content/uploads/Trayce-Jackson-Davis-2K-Photo-1280x720.jpg,https://www.2kratings.com/trayce-jackson-davis,https://www.2kratings.com/wp-content/uploads/Toronto-Raptors-Secondary-Logo.svg,71,81,245,74,66,83,61,50,73,40,85,73,86,51,75,57,85,63,70,25,83,62,64,55,43,58,60,60,60,50,79,69,85,80,41,69,44,88
blake-hinson,Blake Hinson,Utah Jazz,PF|SF,Skilled Stretch,https://www.2kratings.com/wp-content/uploads/Blake-Hinson-2K-Photo-1280x720.jpg,https://www.2kratings.com/blake-hinson,https://www.2kratings.com/wp-content/uploads/Utah-Jazz-2K-Roster-Secondary-Logo.svg,71,80,230,63,69,37,70,35,46,54,55,70,79,69,85,47,70,51,75,70,45,62,69,45,30,57,57,58,57,70,59,54,88,40,28,50,80,70
lj-cryer,L.J. Cryer,Golden State Warriors,PG,Perimeter Shot Hunter,https://www.2kratings.com/wp-content/uploads/LJ-Cryer-2K-Photo-1280x720.jpg,https://www.2kratings.com/lj-cryer,https://www.2kratings.com/wp-content/uploads/Golden-State-Warriors-Secondary-Logo.svg,71,73,202,82,79,25,86,45,48,57,30,70,77,85,95,57,78,25,79,75,33,77,77,57,36,57,25,32,25,60,84,84,80,25,28,32,81,70
charles-bassey,Charles Bassey,Golden State Warriors,C,Glass Guardian,https://www.2kratings.com/wp-content/uploads/Charles-Bassey-2K-Photo-1280x720.jpg,https://www.2kratings.com/charles-bassey,https://www.2kratings.com/wp-content/uploads/Golden-State-Warriors-Secondary-Logo.svg,71,82,230,67,42,90,92,60,89,40,75,70,75,64,70,68,85,77,69,30,90,35,48,50,34,57,50,50,50,25,67,54,80,75,46,78,62,82
larry-nance-jr,Larry Nance Jr.,Indiana Pacers,C|PF,Rim-Rocking Bandit,https://www.2kratings.com/wp-content/uploads/Larry-Nance-Jr-2K-Photo-1280x720.jpg,https://www.2kratings.com/larry-nance-jr,https://www.2kratings.com/wp-content/uploads/Indiana-Pacers-Secondary-Logo.svg,71,78,245,61,64,74,93,60,70,50,80,72,67,70,78,78,85,74,74,40,52,69,70,76,44,61,59,54,58,50,65,49,80,75,76,69,71,86
kevon-looney,Kevon Looney,Los Angeles Lakers,C,Board-Hunting Stretch,https://www.2kratings.com/wp-content/uploads/Kevon-Looney-2K-Photo-1280x720.jpg,https://www.2kratings.com/kevon-looney,https://www.2kratings.com/wp-content/uploads/Los-Angeles-Lakers-Secondary-Logo.svg,71,81,222,69,61,70,74,65,77,38,70,70,77,55,66,74,96,72,44,30,94,55,66,64,55,46,62,52,55,30,58,48,85,75,59,79,69,63
branden-carlson,Branden Carlson,Portland Trail Blazers,C,Shot-Erasing Stretch,https://www.2kratings.com/wp-content/uploads/Branden-Carlson-2K-Photo-1280x720.jpg,https://www.2kratings.com/branden-carlson,https://www.2kratings.com/wp-content/uploads/Portland-Trail-Blazers-Secondary-Logo.svg,71,84,220,30,37,82,82,35,72,68,60,46,75,71,85,57,70,52,72,65,54,47,47,39,36,30,65,65,64,75,35,27,85,65,36,66,78,57
jonathan-mogbo,Jonathan Mogbo,Sacramento Kings,PF|C,Rim-Running Cleaner,https://www.2kratings.com/wp-content/uploads/Jonathan-Mogbo-2K-Photo-1280x720.jpg,https://www.2kratings.com/jonathan-mogbo,https://www.2kratings.com/wp-content/uploads/Sacramento-Kings-Secondary-Logo.svg,71,81,225,79,70,66,89,60,78,55,80,80,82,70,64,67,85,64,53,30,69,66,67,68,52,64,50,50,50,45,87,69,88,60,56,68,70,75
pete-nance,Pete Nance,Milwaukee Bucks,PF|C,Faceup Masher,https://www.2kratings.com/wp-content/uploads/Pete-Nance-2K-Photo-1280x720.jpg,https://www.2kratings.com/pete-nance,https://www.2kratings.com/wp-content/uploads/Milwaukee-Bucks-Secondary-Logo.svg,71,81,225,57,52,58,89,40,64,40,75,73,84,76,70,60,85,60,70,70,46,47,50,60,35,48,60,54,70,65,63,49,85,75,36,69,83,75
jeremiah-robinson-earl,Jeremiah Robinson-Earl,Free Agency,PF|C,Mid-Paint Pro,https://www.2kratings.com/wp-content/uploads/Jeremiah-Robinson-Earl-2K-Photo-1280x720.jpg,https://www.2kratings.com/jeremiah-robinson-earl,https://www.2kratings.com/wp-content/uploads/free-agency.svg,71,80,240,62,69,25,82,45,75,50,75,79,83,84,70,66,85,66,88,40,71,65,66,52,32,40,66,65,64,60,62,55,80,75,42,60,69,69
cody-martin,Cody Martin,Free Agency,SF|SG,Ball-Hawking Crafty Dimer,https://www.2kratings.com/wp-content/uploads/Cody-Martin-2K-Photo-1280x720.jpg,https://www.2kratings.com/cody-martin,https://www.2kratings.com/wp-content/uploads/free-agency.svg,71,78,205,72,73,66,79,60,65,79,75,85,70,70,75,69,90,48,72,40,50,74,78,69,50,69,55,59,59,50,68,68,90,25,73,58,71,75
dario-saric,Dario Šarić,Free Agency,PF|C,2-Way Post Facilitator,https://www.2kratings.com/wp-content/uploads/Dario-Saric-2K-Rating.png,https://www.2kratings.com/dario-saric,https://www.2kratings.com/wp-content/uploads/free-agency.svg,71,82,225,69,69,25,82,75,76,50,70,74,78,83,92,80,86,80,71,40,62,75,84,55,38,66,81,79,81,25,63,57,82,45,63,65,70,60
garrison-mathews,Garrison Mathews,Free Agency,SG|SF,Iso Savant,https://www.2kratings.com/wp-content/uploads/Garrison-Mathews-2K-Photo-1280x720.jpg,https://www.2kratings.com/garrison-mathews,https://www.2kratings.com/wp-content/uploads/free-agency.svg,71,78,215,60,76,51,74,45,43,54,55,79,79,82,95,58,88,42,81,50,31,71,82,52,34,59,48,47,36,95,50,47,89,45,40,52,82,65
chris-boucher,Chris Boucher,Free Agency,PF|C,Middy Rim Wrecker,https://www.2kratings.com/wp-content/uploads/Chris-Boucher-2K-Photo-1280x720.jpg,https://www.2kratings.com/chris-boucher,https://www.2kratings.com/wp-content/uploads/free-agency.svg,71,81,200,55,41,72,90,60,76,50,80,74,72,78,85,78,80,76,81,30,67,33,59,50,30,37,72,64,72,45,57,25,89,85,43,76,77,74
james-wiseman,James Wiseman,Free Agency,C,Rim-Rocking Cleaner,https://www.2kratings.com/wp-content/uploads/James-Wiseman-2K-Photo-1280x720.jpg,https://www.2kratings.com/james-wiseman,https://www.2kratings.com/wp-content/uploads/free-agency.svg,71,83,240,51,66,71,94,60,84,40,75,70,77,70,85,70,85,74,67,40,75,54,64,54,33,50,58,58,67,55,67,54,77,75,31,70,57,68
markelle-fultz,Markelle Fultz,Free Agency,PG|SG,Bouncy 2-Way,https://www.2kratings.com/wp-content/uploads/Markelle-Fultz-2K-Photo-1280x720.jpg,https://www.2kratings.com/markelle-fultz,https://www.2kratings.com/wp-content/uploads/free-agency.svg,71,76,209,79,76,40,81,40,44,79,75,81,75,78,81,72,75,50,69,40,44,74,74,69,66,75,69,48,42,50,79,77,92,30,86,56,67,75
omer-yurtseven,Omer Yurtseven,Free Agency,C,Mid-Paint Board Crasher,https://www.2kratings.com/wp-content/uploads/Omer-Yurtseven-1280x720.jpg,https://www.2kratings.com/omer-yurtseven,https://www.2kratings.com/wp-content/uploads/free-agency.svg,71,83,275,52,60,47,93,40,71,47,65,65,76,68,82,62,80,62,69,75,88,50,52,58,40,49,65,64,66,40,53,37,85,70,36,70,61,70
jalen-wilson,Jalen Wilson,Atlanta Hawks,PF|SF,Rim-Running Stretch,https://www.2kratings.com/wp-content/uploads/Jalen-Wilson-2K-Photo-1280x720.jpg,https://www.2kratings.com/jalen-wilson,https://www.2kratings.com/wp-content/uploads/Atlanta-Hawks-Secondary-Logo.svg,71,78,220,79,68,32,80,40,58,59,75,76,89,73,90,50,84,35,79,65,34,64,63,52,33,57,55,54,55,70,82,73,80,30,40,59,79,75
jett-howard,Jett Howard,Dallas Mavericks,SG|SF,Playmaking 3PT Creator,https://www.2kratings.com/wp-content/uploads/Jett-Howard-2K-Photo-1280x720.jpg,https://www.2kratings.com/jett-howard,https://www.2kratings.com/wp-content/uploads/Dallas-Mavericks-Secondary-Logo.svg,71,80,215,69,73,53,81,45,51,47,65,73,82,95,85,72,80,55,68,50,43,69,65,52,38,67,54,54,50,70,69,66,90,35,33,58,81,72
oscar-tshiebwe,Oscar Tshiebwe,Houston Rockets,C|PF,Tip-In Rim Runner,https://www.2kratings.com/wp-content/uploads/Oscar-Tshiebwe-2K-Photo-1280x720.jpg,https://www.2kratings.com/oscar-tshiebwe,https://www.2kratings.com/wp-content/uploads/Houston-Rockets-Secondary-Logo.svg,71,80,255,67,40,45,97,55,80,37,75,79,79,57,95,69,90,69,69,40,96,42,55,40,40,48,48,48,54,30,75,39,80,75,53,73,37,75
julian-phillips,Julian Phillips,Houston Rockets,SF|PF,High-Flying Sniper,https://www.2kratings.com/wp-content/uploads/Julian-Phillips-2K-Photo-1280x720.jpg,https://www.2kratings.com/julian-phillips,https://www.2kratings.com/wp-content/uploads/Houston-Rockets-Secondary-Logo.svg,71,78,198,78,66,55,81,65,41,55,80,70,86,77,80,67,85,55,68,50,63,60,57,68,29,68,55,57,54,70,73,67,85,45,46,40,75,80
christian-koloko,Christian Koloko,New Orleans Pelicans,C,Disruptive Rim Rocker,https://www.2kratings.com/wp-content/uploads/Christian-Koloko-2K-Photo-1280x720.jpg,https://www.2kratings.com/christian-koloko,https://www.2kratings.com/wp-content/uploads/New-Orleans-Pelicans-Secondary-Logo.svg,71,83,230,72,42,92,64,75,60,50,75,64,83,63,70,75,80,75,60,35,67,37,52,50,31,37,51,50,54,65,72,44,80,75,66,65,29,75
jeenathan-williams,Nate Williams,Free Agency,SF|SG,Perimeter Shot Hunter,https://www.2kratings.com/wp-content/uploads/Nate-Williams-2K-Photo-1280x720.jpg,https://www.2kratings.com/jeenathan-williams,https://www.2kratings.com/wp-content/uploads/free-agency.svg,71,77,205,68,71,25,64,40,38,40,70,72,79,85,80,50,65,40,79,70,66,65,66,47,34,52,48,45,37,60,68,65,95,40,41,52,81,70
sharife-cooper,Sharife Cooper,Free Agency,PG,Athletic Pull-Up Pro,https://www.2kratings.com/wp-content/uploads/Sharife-Cooper-2K-Photo-1280x720.jpg,https://www.2kratings.com/sharife-cooper,https://www.2kratings.com/wp-content/uploads/free-agency.svg,71,72,176,88,86,40,77,50,54,72,40,79,84,82,81,64,78,25,94,50,37,75,79,52,72,70,25,32,25,40,88,88,80,25,36,39,79,80
blake-wesley,Blake Wesley,Free Agency,PG|SG,High-Flying Bandit,https://www.2kratings.com/wp-content/uploads/Blake-Wesley-2K-Photo-1280x720.jpg,https://www.2kratings.com/blake-wesley,https://www.2kratings.com/wp-content/uploads/free-agency.svg,71,76,190,78,83,40,71,60,48,59,86,80,71,56,80,60,75,49,42,55,36,78,79,79,70,73,50,57,54,55,78,77,92,40,86,40,70,84
tyrese-martin,Tyrese Martin,Free Agency,SG|PG,Playmaking 3PT Creator,https://www.2kratings.com/wp-content/uploads/Tyrese-Martin-2K-Photo-1280x720.jpg,https://www.2kratings.com/tyrese-martin,https://www.2kratings.com/wp-content/uploads/free-agency.svg,71,78,215,72,77,37,68,55,55,59,60,69,82,68,69,60,65,54,76,60,49,75,75,40,63,66,59,60,56,80,70,63,85,40,46,59,75,70
nick-smith-jr,Nick Smith Jr.,Free Agency,PG|SG,Blow-By Finisher,https://www.2kratings.com/wp-content/uploads/Nick-Smith-Jr-2K-Photo-1280x720.jpg,https://www.2kratings.com/nick-smith-jr,https://www.2kratings.com/wp-content/uploads/free-agency.svg,71,74,185,84,79,42,96,40,41,41,80,82,86,91,80,57,75,33,70,65,29,70,72,50,42,63,38,39,37,60,84,84,89,40,43,48,81,86
lindy-waters-iii,Lindy Waters III,Free Agency,SG|SF,Sharpshooter,https://www.2kratings.com/wp-content/uploads/Lindy-Waters-III-2K-Photo-1280x720.jpg,https://www.2kratings.com/lindy-waters-iii,https://www.2kratings.com/wp-content/uploads/free-agency.svg,71,77,210,69,69,55,90,40,60,65,65,70,72,80,70,62,70,53,85,75,37,69,67,62,37,67,34,54,28,65,60,50,83,25,46,33,77,67
tony-bradley-jr,Tony Bradley,Free Agency,C,Post-Scoring Putback Pro,https://www.2kratings.com/wp-content/uploads/Tony-Bradley-2K-Photo-1280x720.jpg,https://www.2kratings.com/tony-bradley-jr,https://www.2kratings.com/wp-content/uploads/free-agency.svg,71,82,248,54,44,55,84,55,67,65,60,77,77,74,85,70,90,72,66,50,89,44,58,58,33,35,79,62,72,40,51,33,80,75,33,82,26,51
jeff-green,Jeff Green,Free Agency,PF|C,Skilled Stretch,https://www.2kratings.com/wp-content/uploads/Jeff-Green-2K-Photo-2K-Photo-1280x720.jpg,https://www.2kratings.com/jeff-green,https://www.2kratings.com/wp-content/uploads/free-agency.svg,71,80,235,75,74,62,88,60,49,51,70,79,75,82,85,68,85,69,75,50,41,65,64,54,33,70,72,68,70,40,63,50,89,65,32,70,76,84
killian-hayes,Killian Hayes,Free Agency,PG|SG,Defensive Playmaker,https://www.2kratings.com/wp-content/uploads/Killian-Hayes-2K-Photo-1280x720.jpg,https://www.2kratings.com/killian-hayes,https://www.2kratings.com/wp-content/uploads/free-agency.svg,71,77,195,79,83,51,65,65,64,40,60,74,83,70,85,69,85,49,65,50,30,82,84,70,74,73,60,55,35,70,79,75,89,25,53,56,72,70
isaiah-livers,Isaiah Livers,Free Agency,SF|PF,Perimeter Shot Hunter,https://www.2kratings.com/wp-content/uploads/Isaiah-Livers-2K-Photo-1280x720.jpg,https://www.2kratings.com/isaiah-livers,https://www.2kratings.com/wp-content/uploads/free-agency.svg,71,78,232,74,70,40,78,55,46,44,65,76,68,82,80,60,66,37,86,50,40,68,65,60,32,65,35,32,26,70,73,70,85,25,42,55,77,71
jeremy-sochan,Jeremy Sochan,Portland Trail Blazers,PF|C,2-Way Crafty Playmaker,https://www.2kratings.com/wp-content/uploads/Jeremy-Sochan-2K-Photo-1280x720.jpg,https://www.2kratings.com/jeremy-sochan,https://www.2kratings.com/wp-content/uploads/Portland-Trail-Blazers-Secondary-Logo.svg,71,80,230,74,79,52,92,65,63,79,80,83,82,71,70,69,85,65,45,40,67,79,82,68,52,74,53,52,48,50,70,65,90,60,40,60,70,74
trey-jemison,Trey Jemison III,Toronto Raptors,C,Ball-Snatching Rim Rocker,https://www.2kratings.com/wp-content/uploads/Trey-Jemison-III-2K-Photo-1280x720.jpg,https://www.2kratings.com/trey-jemison,https://www.2kratings.com/wp-content/uploads/Toronto-Raptors-Secondary-Logo.svg,71,82,260,52,40,76,83,65,65,40,75,60,79,39,80,70,90,71,50,50,78,44,45,50,35,37,65,54,67,70,55,44,90,75,66,76,29,72
labaron-philon-jr,Labaron Philon Jr.,Philadelphia 76ers,PG|SG,Open-Lane Burner,https://www.2kratings.com/wp-content/uploads/Labaron-Philon-Jr-2K-Photo-1280x720.jpg,https://www.2kratings.com/labaron-philon-jr,https://www.2kratings.com/wp-content/uploads/Philadelphia-76ers-Secondary-Logo.svg,71,76,185,86,86,30,77,40,49,60,60,77,80,80,81,65,75,42,73,50,36,79,79,64,77,67,69,48,42,50,87,87,85,30,59,47,80,71
zuby-ejiofor,Zuby Ejiofor,Atlanta Hawks,C|PF,Rim-Running Hammer,https://www.2kratings.com/wp-content/uploads/Zuby-Ejiofor-1280x720.jpg,https://www.2kratings.com/zuby-ejiofor,https://www.2kratings.com/wp-content/uploads/Atlanta-Hawks-Secondary-Logo.svg,71,81,245,60,66,79,72,65,66,52,80,73,84,72,85,67,90,72,64,30,72,62,66,54,44,67,62,62,62,50,80,67,80,50,57,79,62,82
chris-cenac-jr,Chris Cenac Jr.,Boston Celtics,C|PF,Yamming Force of Nature,https://www.2kratings.com/wp-content/uploads/Chris-Cenac-Jr-1280x720.jpg,https://www.2kratings.com/chris-cenac-jr,https://www.2kratings.com/wp-content/uploads/Boston-Celtics-Secondary-Logo.svg,71,83,240,69,52,62,70,50,74,37,80,64,80,62,80,70,80,70,74,30,70,50,57,49,37,62,60,55,62,50,73,59,82,85,44,68,62,86
hannes-steinbach,Hannes Steinbach,Charlotte Hornets,C|PF,Board-Hunting Stretch,https://www.2kratings.com/wp-content/uploads/Hannes-Steinbach-1280x720.jpg,https://www.2kratings.com/hannes-steinbach,https://www.2kratings.com/wp-content/uploads/Charlotte-Hornets-Secondary-Logo.svg,71,83,248,45,44,62,80,50,80,42,65,65,80,76,95,67,75,67,70,40,78,60,60,57,37,45,70,62,71,50,62,52,85,75,44,76,70,72
dailyn-swain,Dailyn Swain,Chicago Bulls,SF|SG,2-Way Burner,https://www.2kratings.com/wp-content/uploads/Dailyn-Swain-1280x720.jpg,https://www.2kratings.com/dailyn-swain,https://www.2kratings.com/wp-content/uploads/Chicago-Bulls-Secondary-Logo.svg,71,80,225,85,70,30,75,65,60,44,75,75,80,81,75,70,80,58,70,30,47,67,68,57,50,77,49,49,49,45,80,76,88,55,60,54,72,75
tarik-biberovic,Tarik Biberovic,Dallas Mavericks,SF|SG,Perimeter Shot Hunter,https://www.2kratings.com/wp-content/uploads/Tarik-Biberovic-2K-Photo-1280x720.jpg,https://www.2kratings.com/tarik-biberovic,https://www.2kratings.com/wp-content/uploads/Dallas-Mavericks-Secondary-Logo.svg,71,79,218,67,69,25,76,40,46,52,65,70,80,91,80,60,70,49,78,60,37,54,55,47,42,61,44,60,55,60,68,67,85,30,40,38,85,54
alpha-diallo,Alpha Diallo,Denver Nuggets,SF|SG,Clamping Dimer,https://www.2kratings.com/wp-content/uploads/Alpha-Diallo-2K-Photo-1280x720.jpg,https://www.2kratings.com/alpha-diallo,https://www.2kratings.com/wp-content/uploads/Denver-Nuggets-Secondary-Logo.svg,71,79,210,81,70,40,73,75,44,45,70,73,72,76,75,78,80,68,74,40,38,70,71,74,42,78,47,47,50,47,75,70,80,40,74,59,74,75
ebuka-okorie,Ebuka Okorie,Detroit Pistons,PG|SG,Open-Lane Burner,https://www.2kratings.com/wp-content/uploads/Ebuka-Okorie-2K-Photo-1280x720.jpg,https://www.2kratings.com/ebuka-okorie,https://www.2kratings.com/wp-content/uploads/Detroit-Pistons-Secondary-Logo.svg,71,74,185,86,86,29,75,35,51,67,45,76,80,83,80,57,75,34,77,50,31,75,75,61,70,67,27,38,25,65,86,86,88,25,70,54,77,81
georges-niang,Georges Niang,Golden State Warriors,PF,Stretch Four,https://www.2kratings.com/wp-content/uploads/Georges-Niang-2K-Photo-1280x720.jpg,https://www.2kratings.com/georges-niang,https://www.2kratings.com/wp-content/uploads/Golden-State-Warriors-Secondary-Logo.svg,71,79,230,55,67,42,95,35,62,40,50,77,84,80,74,62,80,60,79,45,40,65,70,60,37,55,70,71,70,70,44,44,88,25,35,60,82,72
koa-peat,Koa Peat,Phoenix Suns,PF|SF,Rim-Running Levitator,https://www.2kratings.com/wp-content/uploads/Koa-Peat-2K-Photo-1280x720.jpg,https://www.2kratings.com/koa-peat,https://www.2kratings.com/wp-content/uploads/Phoenix-Suns-Secondary-Logo.svg,71,80,235,74,66,47,80,50,53,44,80,80,80,62,85,62,90,66,62,50,42,66,68,55,39,62,73,69,73,50,84,69,90,80,42,79,60,88
alex-karaban,Alex Karaban,Sacramento Kings,PF|SF,2-Way Stretch,https://www.2kratings.com/wp-content/uploads/Alex-Karaban-2K-Photo-1280x720.jpg,https://www.2kratings.com/alex-karaban,https://www.2kratings.com/wp-content/uploads/Sacramento-Kings-Secondary-Logo.svg,71,80,230,66,61,48,70,45,51,45,65,66,80,85,85,60,85,58,72,50,41,60,69,57,47,62,54,56,50,65,71,62,85,45,38,60,84,69
tarris-reed-jr,Tarris Reed Jr.,San Antonio Spurs,C,Board-Hunting Rim Runner,https://www.2kratings.com/wp-content/uploads/Tarris-Reed-Jr-2K-Photo-1280x720.jpg,https://www.2kratings.com/tarris-reed-jr,https://www.2kratings.com/wp-content/uploads/San-Antonio-Spurs-Secondary-Logo.svg,71,83,265,61,57,75,79,50,80,40,75,76,80,62,70,72,85,71,67,30,81,60,62,55,47,61,54,50,57,50,75,58,80,70,51,79,30,76
andre-jackson-jr,Andre Jackson Jr.,Toronto Raptors,SF|SG,Wing-Running High Flyer,https://www.2kratings.com/wp-content/uploads/Andre-Jackson-Jr-2K-Photo-1280x720.jpg,https://www.2kratings.com/andre-jackson-jr,https://www.2kratings.com/wp-content/uploads/Toronto-Raptors-Secondary-Logo.svg,71,78,209,82,65,40,70,70,53,37,87,67,80,70,80,75,80,53,68,40,65,65,60,74,59,75,40,40,40,60,84,74,90,40,70,50,79,87
allen-graves,Allen Graves,Toronto Raptors,PF|C,Diming Stretch,https://www.2kratings.com/wp-content/uploads/Allen-Graves-2K-Photo-1280x720.jpg,https://www.2kratings.com/allen-graves,https://www.2kratings.com/wp-content/uploads/Toronto-Raptors-Secondary-Logo.svg,71,81,225,68,63,40,79,45,51,44,75,72,80,75,95,51,90,48,79,50,38,69,70,50,57,57,49,62,72,50,68,68,85,50,49,62,79,68
dalen-terry,Dalen Terry,Golden State Warriors,SG|SF,Ball-Hawking Showmaker,https://www.2kratings.com/wp-content/uploads/Dalen-Terry-2K-Photo-1280x720.jpg,https://www.2kratings.com/dalen-terry,https://www.2kratings.com/wp-content/uploads/Golden-State-Warriors-Secondary-Logo.svg,71,78,195,76,80,67,62,65,56,54,80,76,83,55,85,69,85,43,72,55,48,76,78,70,62,69,42,46,40,60,76,74,85,25,76,58,79,69
micah-peavy,Micah Peavy,Memphis Grizzlies,SF|SG,Showmaker,https://www.2kratings.com/wp-content/uploads/Micah-Peavy-2K-Photo-1280x720.jpg,https://www.2kratings.com/micah-peavy,https://www.2kratings.com/wp-content/uploads/Memphis-Grizzlies-Secondary-Logo.svg,71,79,215,82,76,47,59,50,47,42,80,76,85,71,85,70,75,59,75,50,53,75,75,55,38,71,47,51,52,60,85,70,85,40,66,53,69,78
jordan-hawkins,Jordan Hawkins,Free Agency,SG|PG,Playmaking 3PT Creator,https://www.2kratings.com/wp-content/uploads/Jordan-Hawkins-2K-Photo-1280x720.jpg,https://www.2kratings.com/jordan-hawkins,https://www.2kratings.com/wp-content/uploads/free-agency.svg,71,77,190,72,74,53,53,50,50,55,60,75,85,80,80,67,80,45,71,60,38,70,71,64,33,65,44,48,37,60,70,68,89,25,35,48,79,67
gary-harris,Gary Harris,Free Agency,SG|SF,3 & D Dimer,https://www.2kratings.com/wp-content/uploads/Gary-Harris-2K-Rating.png,https://www.2kratings.com/gary-harris,https://www.2kratings.com/wp-content/uploads/free-agency.svg,71,76,210,80,76,50,85,80,46,60,50,78,72,79,75,80,80,68,79,35,38,75,75,55,37,80,47,51,28,50,75,70,85,40,59,53,82,78
adou-thiero,Adou Thiero,Los Angeles Lakers,SF|PF,Wing-Running High Flyer,https://www.2kratings.com/wp-content/uploads/Adou-Thiero-2K-Photo-1280x720.jpg,https://www.2kratings.com/adou-thiero,https://www.2kratings.com/wp-content/uploads/Los-Angeles-Lakers-Secondary-Logo.svg,70,79,220,85,69,55,75,50,57,65,88,74,66,69,70,64,70,57,64,25,64,47,47,60,32,67,40,40,40,35,87,71,80,50,72,69,71,92
bronny-james,Bronny James Jr.,Los Angeles Lakers,PG|SG,Athletic High Flyer,https://www.2kratings.com/wp-content/uploads/Bronny-James-Jr-2K-Photo-1280x720.jpg,https://www.2kratings.com/bronny-james,https://www.2kratings.com/wp-content/uploads/Los-Angeles-Lakers-Secondary-Logo.svg,70,74,210,87,70,44,64,65,50,47,80,72,82,73,85,70,90,47,72,50,33,67,65,60,41,72,30,37,37,60,87,83,90,35,57,60,79,90
isaac-jones,Isaac Jones,Detroit Pistons,PF|C,Shot-Erasing Rim Wrecker,https://www.2kratings.com/wp-content/uploads/Isaac-Jones-2K-Photo-1280x720.jpg,https://www.2kratings.com/isaac-jones,https://www.2kratings.com/wp-content/uploads/Detroit-Pistons-Secondary-Logo.svg,70,80,245,67,58,81,78,45,64,44,75,70,83,62,95,58,90,60,64,40,67,44,44,55,28,59,60,60,60,60,70,60,85,75,28,70,49,74
cam-christie,Cam Christie,Los Angeles Clippers,SG|SF,Pull-Up Pro,https://www.2kratings.com/wp-content/uploads/Cam-Christie-2K-Photo-1280x720.jpg,https://www.2kratings.com/cam-christie,https://www.2kratings.com/wp-content/uploads/Los-Angeles-Clippers-Primary-Logo.svg,70,78,190,82,70,40,63,45,65,40,75,65,83,76,90,58,70,47,79,40,44,68,68,57,37,62,40,40,40,60,87,78,86,40,41,42,70,77
keshad-johnson,Keshad Johnson,Miami Heat,PF|SF,Rim-Running Hammer,https://www.2kratings.com/wp-content/uploads/Keshad-Johnson-2K-Photo-1280x720.jpg,https://www.2kratings.com/keshad-johnson,https://www.2kratings.com/wp-content/uploads/Miami-Heat-Secondary-Logo.svg,70,78,230,80,65,70,75,40,66,40,86,72,80,68,80,57,90,52,70,65,68,57,55,52,37,60,59,59,59,60,92,70,88,50,46,65,71,89
colin-castleton,Colin Castleton,Orlando Magic,PF|C,Board-Crashing Stretch,https://www.2kratings.com/wp-content/uploads/Colin-Castleton-2K-Photo-1280x720.jpg,https://www.2kratings.com/colin-castleton,https://www.2kratings.com/wp-content/uploads/Orlando-Magic-Secondary-Logo.svg,70,82,250,54,57,65,78,50,69,38,65,64,82,83,80,62,85,62,70,45,80,50,60,54,37,32,67,67,67,50,58,33,80,65,37,63,69,63
yang-hansen,Yang Hansen,Portland Trail Blazers,C,Rim-Wrecking Dimer,https://www.2kratings.com/wp-content/uploads/Yang-Hansen-2K-Photo-1280x720.jpg,https://www.2kratings.com/yang-hansen,https://www.2kratings.com/wp-content/uploads/Portland-Trail-Blazers-Secondary-Logo.svg,70,85,270,37,32,66,62,45,67,50,70,58,85,82,68,67,75,69,66,50,52,67,69,61,48,40,70,68,70,70,47,32,85,75,36,69,63,55
david-jones-garcia,David Jones-Garcia,San Antonio Spurs,SG|PG,Dunk & Dish Sniper,https://www.2kratings.com/wp-content/uploads/David-Jones-Garcia-2K-Photo-1280x720.jpg,https://www.2kratings.com/david-jones-garcia,https://www.2kratings.com/wp-content/uploads/San-Antonio-Spurs-Secondary-Logo.svg,70,76,210,76,60,52,76,50,59,44,75,72,80,78,70,67,75,48,70,35,54,74,74,62,74,65,39,42,38,70,73,66,80,50,64,59,76,78
alijah-martin,Alijah Martin,Toronto Raptors,SG|PG,Wing-Running Bandit,https://www.2kratings.com/wp-content/uploads/Alijah-Martin-2K-Photo-1280x720.jpg,https://www.2kratings.com/alijah-martin,https://www.2kratings.com/wp-content/uploads/Toronto-Raptors-Secondary-Logo.svg,70,74,210,88,73,56,77,70,44,59,85,76,84,76,80,70,85,48,76,35,62,67,67,69,52,74,37,37,35,40,88,78,85,25,86,57,75,85
pj-hall,P.J. Hall,Charlotte Hornets,C|PF,Board-Crashing Stretch,https://www.2kratings.com/wp-content/uploads/PJ-Hall-2K-Photo-1280x720.jpg,https://www.2kratings.com/pj-hall,https://www.2kratings.com/wp-content/uploads/Charlotte-Hornets-Secondary-Logo.svg,70,80,245,52,60,60,60,40,77,69,75,67,81,79,70,55,80,55,73,65,89,48,52,57,37,47,60,60,60,50,73,59,87,75,50,70,74,82
john-poulakidas,John Poulakidas,Dallas Mavericks,SG|SF,Crafty Sharpshooter,https://www.2kratings.com/wp-content/uploads/John-Poulakidas-2K-Photo-1280x720.jpg,https://www.2kratings.com/john-poulakidas,https://www.2kratings.com/wp-content/uploads/Dallas-Mavericks-Secondary-Logo.svg,70,78,205,57,59,25,67,55,56,57,60,67,85,73,70,75,65,37,75,75,41,54,54,50,31,54,44,45,42,75,62,57,85,50,42,53,80,63
cormac-ryan,Cormac Ryan,Milwaukee Bucks,SG|SF,Diming Sharpshooter,https://www.2kratings.com/wp-content/uploads/Cormac-Ryan-2K-Photo-1280x720.jpg,https://www.2kratings.com/cormac-ryan,https://www.2kratings.com/wp-content/uploads/Milwaukee-Bucks-Secondary-Logo.svg,70,77,195,67,68,57,74,40,34,62,60,74,78,88,82,65,66,40,79,60,40,69,69,60,37,66,41,45,44,70,68,62,85,35,53,57,84,75
mohamed-bamba,Mohamed Bamba,Utah Jazz,C,Rim-Reaping Stretch,https://www.2kratings.com/wp-content/uploads/Mo-Bamba-2K-Photo-1280x720.jpg,https://www.2kratings.com/mohamed-bamba,https://www.2kratings.com/wp-content/uploads/Utah-Jazz-2K-Roster-Secondary-Logo.svg,70,84,231,51,46,94,83,60,87,45,70,60,77,68,80,77,75,75,65,35,66,35,51,64,32,48,69,64,69,35,62,32,78,75,41,68,74,75
elijah-harkless,Elijah Harkless,Detroit Pistons,PG|SG,2-Way Burner,https://www.2kratings.com/wp-content/uploads/Elijah-Harkless-2K-Photo-1280x720.jpg,https://www.2kratings.com/elijah-harkless,https://www.2kratings.com/wp-content/uploads/Detroit-Pistons-Secondary-Logo.svg,70,75,195,85,76,47,74,70,57,57,50,74,82,75,75,70,85,42,74,70,48,74,72,72,62,76,31,38,28,55,80,80,85,25,80,57,75,75
johnny-juzang,Johnny Juzang,Free Agency,SG|SF,Sharpshooter,https://www.2kratings.com/wp-content/uploads/Johnny-Juzang-2K-Photo-1280x720.jpg,https://www.2kratings.com/johnny-juzang,https://www.2kratings.com/wp-content/uploads/free-agency.svg,70,77,226,70,72,40,89,50,54,44,75,71,84,83,85,52,75,50,89,50,43,59,62,50,34,58,64,59,55,55,70,66,85,35,42,55,80,72
orlando-robinson,Orlando Robinson,Free Agency,C,Board-Crashing Stretch,https://www.2kratings.com/wp-content/uploads/Orlando-Robinson-2K-Photo-1280x720.jpg,https://www.2kratings.com/orlando-robinson,https://www.2kratings.com/wp-content/uploads/free-agency.svg,70,82,235,49,40,61,75,60,71,38,60,70,82,80,85,60,90,62,69,35,80,52,54,54,55,36,59,58,59,60,49,35,80,70,38,70,76,64
colby-jones,Colby Jones,Free Agency,SG|PG,Stat Defender,https://www.2kratings.com/wp-content/uploads/Colby-Jones-2K-Photo-1280x720.jpg,https://www.2kratings.com/colby-jones,https://www.2kratings.com/wp-content/uploads/free-agency.svg,70,78,195,75,68,70,88,50,55,44,75,75,83,67,75,54,85,49,71,50,47,67,70,47,41,71,39,40,38,70,74,68,90,25,86,48,72,72
tosan-evbuomwan,Tosan Evbuomwan,Free Agency,SF|PF,Point Forward,https://www.2kratings.com/wp-content/uploads/Tosan-Evbuomwan-2K-Photo-1280x720.jpg,https://www.2kratings.com/tosan-evbuomwan,https://www.2kratings.com/wp-content/uploads/free-agency.svg,70,80,217,60,75,53,85,50,64,35,65,76,85,76,69,47,95,57,72,50,52,69,69,55,37,57,58,52,52,60,64,60,88,40,40,58,72,68
dariq-whitehead,Dariq Whitehead,Free Agency,SG|SF,Hash-Sinking Slasher,https://www.2kratings.com/wp-content/uploads/Dariq-Whitehead-2K-Photo-1280x720.jpg,https://www.2kratings.com/dariq-whitehead,https://www.2kratings.com/wp-content/uploads/free-agency.svg,70,78,220,79,78,37,77,45,56,37,80,70,79,79,80,67,70,40,76,40,34,67,66,67,35,65,47,51,44,60,79,76,90,50,38,52,80,82
drew-timme,Drew Timme,Free Agency,C|PF,Stretch Five,https://www.2kratings.com/wp-content/uploads/Drew-Timme-2K-Photo-1280x720.jpg,https://www.2kratings.com/drew-timme,https://www.2kratings.com/wp-content/uploads/free-agency.svg,70,82,235,40,52,45,86,30,60,40,65,68,84,79,80,58,75,57,75,60,57,58,70,47,47,40,68,67,68,60,48,40,80,70,46,68,75,66
xavier-tillman,Xavier Tillman Sr.,Free Agency,C|PF,2-Way Crafty Layup Pro,https://www.2kratings.com/wp-content/uploads/Xavier-Tillman-Sr-2K-Photo-1280x720.jpg,https://www.2kratings.com/xavier-tillman,https://www.2kratings.com/wp-content/uploads/free-agency.svg,70,80,245,67,61,57,86,65,72,46,65,73,79,45,95,75,85,74,68,45,51,62,68,74,29,66,70,70,70,40,46,37,82,75,49,79,62,69
mac-mcclung,Mac McClung,Free Agency,SG|PG,Showmaker,https://www.2kratings.com/wp-content/uploads/Mac-McClung-2K-Photo-1280x720.jpg,https://www.2kratings.com/mac-mcclung,https://www.2kratings.com/wp-content/uploads/free-agency.svg,70,74,185,70,69,42,78,40,67,39,94,78,78,64,85,50,80,40,64,65,29,75,68,58,75,67,43,45,44,60,79,78,84,35,52,48,75,82
patrick-baldwin-jr,Patrick Baldwin Jr.,Free Agency,PF|SF,Glass-Cleaning Stretch,https://www.2kratings.com/wp-content/uploads/Patrick-Baldwin-Jr-2K-Photo-1280x720.jpg,https://www.2kratings.com/patrick-baldwin-jr,https://www.2kratings.com/wp-content/uploads/free-agency.svg,70,81,220,64,58,65,70,40,84,52,70,74,82,74,80,55,70,56,72,55,42,55,60,54,34,59,52,52,54,70,57,55,85,55,49,69,77,62
david-roddy,David Roddy,Free Agency,PF|SF,3-Level Glass Cleaner,https://www.2kratings.com/wp-content/uploads/David-Roddy-2K-Photo-1280x720.jpg,https://www.2kratings.com/david-roddy,https://www.2kratings.com/wp-content/uploads/free-agency.svg,70,76,255,74,66,53,84,55,73,59,60,77,85,82,81,69,85,64,72,30,41,62,60,62,44,65,62,62,62,60,75,54,88,50,42,73,80,66
doug-mcdermott,Doug McDermott,Free Agency,SF|PF,Crafty Sharpshooter,https://www.2kratings.com/wp-content/uploads/Doug-McDermott-2K-Photo-1280x720.jpg,https://www.2kratings.com/doug-mcdermott,https://www.2kratings.com/wp-content/uploads/free-agency.svg,70,79,225,60,67,45,85,40,43,60,65,79,75,76,75,63,67,52,78,50,34,65,65,50,31,58,62,66,60,50,59,47,81,50,31,60,84,67
garrett-temple,Garrett Temple,Free Agency,SG|SF,Defensive Playmaker,https://www.2kratings.com/wp-content/uploads/Garrett-Temple-2K-Photo-1280x720.jpg,https://www.2kratings.com/garrett-temple,https://www.2kratings.com/wp-content/uploads/free-agency.svg,70,77,195,76,75,47,82,70,51,40,30,70,70,79,85,77,79,46,55,40,58,75,74,74,47,78,46,55,37,70,57,57,85,25,59,44,72,69
ej-liddell,E.J. Liddell,Free Agency,PF|SF,Apex-Erasing Middy Ace,https://www.2kratings.com/wp-content/uploads/EJ-Liddell-2K-Photo-1280x720.jpg,https://www.2kratings.com/ej-liddell,https://www.2kratings.com/wp-content/uploads/free-agency.svg,70,78,240,73,60,75,89,50,72,37,60,75,84,76,85,62,65,65,79,45,49,59,58,54,42,54,68,71,66,40,73,59,80,55,33,65,70,89
antonio-reeves,Antonio Reeves,Free Agency,SG|SF,Crafty Sniper,https://www.2kratings.com/wp-content/uploads/Antonio-Reeves-2K-Photo-1280x720.jpg,https://www.2kratings.com/antonio-reeves,https://www.2kratings.com/wp-content/uploads/free-agency.svg,70,77,205,78,70,40,89,40,41,40,70,80,85,84,80,52,70,32,75,60,40,62,62,48,36,60,39,36,39,60,83,73,85,30,42,39,82,75
bismack-biyombo,Bismack Biyombo,Free Agency,C,Rim Protector,https://www.2kratings.com/wp-content/uploads/Bismack-Biyombo-2K-Photo-1280x720.jpg,https://www.2kratings.com/bismack-biyombo,https://www.2kratings.com/wp-content/uploads/free-agency.svg,70,80,255,55,35,82,92,70,81,39,68,60,77,51,75,85,95,82,62,30,65,25,74,54,35,50,54,45,48,40,48,25,79,80,46,80,25,63
wendell-moore,Wendell Moore Jr.,Free Agency,SF|SG,High-Flying Sniper,https://www.2kratings.com/wp-content/uploads/Wendell-Moore-Jr-2K-Photo-1280x720.jpg,https://www.2kratings.com/wendell-moore,https://www.2kratings.com/wp-content/uploads/free-agency.svg,70,77,215,74,67,51,77,60,63,32,80,71,82,81,72,70,90,56,72,50,58,57,54,72,43,72,44,47,44,70,70,68,85,50,59,58,76,83
henri-veesaar,Henri Veesaar,Atlanta Hawks,C|PF,3-Level Glass Cleaner,https://www.2kratings.com/wp-content/uploads/Henri-Veesaar-1280x720.jpg,https://www.2kratings.com/henri-veesaar,https://www.2kratings.com/wp-content/uploads/Atlanta-Hawks-Secondary-Logo.svg,70,84,225,57,59,72,74,45,80,37,75,70,82,62,78,57,95,63,74,45,67,58,59,50,42,40,67,67,67,50,66,62,88,75,40,68,76,79
joshua-jefferson,Joshua Jefferson,Brooklyn Nets,PF|SF,2-Way Stretch Dimer,https://www.2kratings.com/wp-content/uploads/Joshua-Jefferson-1280x720.jpg,https://www.2kratings.com/joshua-jefferson,https://www.2kratings.com/wp-content/uploads/Brooklyn-Nets-Secondary-Logo.svg,70,81,240,69,69,42,71,50,60,59,70,71,80,70,90,68,85,68,68,40,50,69,70,62,62,69,67,67,66,60,60,57,80,55,67,66,72,67
christian-anderson,Christian Anderson,Charlotte Hornets,PG,Shifty Sniper,https://www.2kratings.com/wp-content/uploads/Christian-Anderson-1280x720.jpg,https://www.2kratings.com/christian-anderson,https://www.2kratings.com/wp-content/uploads/Charlotte-Hornets-Secondary-Logo.svg,70,75,178,85,86,30,74,40,41,40,45,72,79,81,81,58,85,37,77,50,31,77,79,57,79,60,37,37,33,50,85,85,85,25,64,41,82,79
meleek-thomas,Meleek Thomas,Cleveland Cavaliers,SG|PG,Perimeter Shot Hunter,https://www.2kratings.com/wp-content/uploads/Meleek-Thomas-2K-Photo-1280x720.jpg,https://www.2kratings.com/meleek-thomas,https://www.2kratings.com/wp-content/uploads/Cleveland-Cavaliers-Secondary-Logo.svg,70,77,185,77,71,31,69,45,47,39,60,70,80,84,85,59,85,39,78,50,32,69,70,63,61,64,32,32,30,60,79,77,88,25,64,32,82,77
bruce-thornton,Bruce Thornton,Houston Rockets,PG|SG,Perimeter Shot Hunter,https://www.2kratings.com/wp-content/uploads/Bruce-Thornton-2K-Photo-1280x720.jpg,https://www.2kratings.com/bruce-thornton,https://www.2kratings.com/wp-content/uploads/Houston-Rockets-Secondary-Logo.svg,70,74,223,77,86,30,79,35,42,50,40,79,82,83,73,60,70,37,83,50,32,77,78,57,60,60,25,37,25,50,77,77,82,25,63,59,82,75
braden-smith,Braden Smith,Indiana Pacers,PG,Diming Sharpshooter,https://www.2kratings.com/wp-content/uploads/Braden-Smith-2K-Photo-1280x720.jpg,https://www.2kratings.com/braden-smith,https://www.2kratings.com/wp-content/uploads/Indiana-Pacers-Secondary-Logo.svg,70,72,170,73,79,27,69,40,41,40,40,70,83,83,79,57,75,37,81,50,31,86,86,54,85,62,38,30,30,60,73,73,85,25,67,44,78,72
isaiah-evans,Isaiah Evans,Minnesota Timberwolves,SG|SF,Perimeter Shot Hunter,https://www.2kratings.com/wp-content/uploads/Isaiah-Evans-2K-Photo-1280x720.jpg,https://www.2kratings.com/isaiah-evans,https://www.2kratings.com/wp-content/uploads/Minnesota-Timberwolves-Secondary-Logo.svg,70,78,180,76,71,37,70,45,40,37,70,70,84,86,76,60,80,48,74,50,32,66,67,57,40,66,41,45,43,60,82,74,88,45,41,55,81,71
caleb-houstan,Caleb Houstan,New Orleans Pelicans,SF|SG,2-Way Shot Hunter,https://www.2kratings.com/wp-content/uploads/Caleb-Houstan-2K-Photo-1280x720.jpg,https://www.2kratings.com/caleb-houstan,https://www.2kratings.com/wp-content/uploads/New-Orleans-Pelicans-Secondary-Logo.svg,70,80,205,82,70,40,74,80,44,44,25,70,85,84,80,78,70,47,76,45,36,62,65,68,30,80,32,32,32,50,78,72,86,25,40,40,81,72
kobe-bufkin,Kobe Bufkin,New Orleans Pelicans,SG|PG,Open-Lane Burner,https://www.2kratings.com/wp-content/uploads/Kobe-Bufkin-2K-Photo-1280x720.jpg,https://www.2kratings.com/kobe-bufkin,https://www.2kratings.com/wp-content/uploads/New-Orleans-Pelicans-Secondary-Logo.svg,70,76,195,86,87,56,80,40,61,40,75,80,73,72,90,54,80,48,79,45,46,72,73,52,67,64,43,44,42,50,86,86,95,30,38,40,70,80
bennett-stirtz,Bennett Stirtz,Oklahoma City Thunder,PG|SG,PlayShot Point,https://www.2kratings.com/wp-content/uploads/Bennett-Stirtz-2K-Photo-1280x720.jpg,https://www.2kratings.com/bennett-stirtz,https://www.2kratings.com/wp-content/uploads/Oklahoma-City-Thunder-Secondary-Logo.svg,70,76,190,70,86,30,70,40,40,44,45,70,80,85,80,51,70,34,80,55,34,84,84,57,90,60,37,37,38,50,70,68,85,40,56,46,81,69
jayden-quaintance,Jayden Quaintance,San Antonio Spurs,C|PF,Rim-Running Hammer,https://www.2kratings.com/wp-content/uploads/Jayden-Quaintance-2K-Photo-1280x720.jpg,https://www.2kratings.com/jayden-quaintance,https://www.2kratings.com/wp-content/uploads/San-Antonio-Spurs-Secondary-Logo.svg,70,82,255,79,64,82,69,60,69,47,85,69,80,45,80,71,80,71,48,25,65,57,55,67,42,67,59,47,50,50,78,65,85,70,59,65,38,88
taelon-peter,Taelon Peter,San Antonio Spurs,PG|SG,Bouncy Sharpshooter,https://www.2kratings.com/wp-content/uploads/Taelon-Peter-2K-Photo-1280x720.jpg,https://www.2kratings.com/taelon-peter,https://www.2kratings.com/wp-content/uploads/San-Antonio-Spurs-Secondary-Logo.svg,70,75,185,74,69,51,81,45,53,59,80,79,84,77,76,50,81,40,80,65,35,67,69,75,55,52,26,38,30,70,81,72,85,35,70,41,76,80
malachi-smith,Malachi Smith,Toronto Raptors,PG|SG,Sharpshooting Bandit,https://www.2kratings.com/wp-content/uploads/Malachi-Smith-2K-Photo-1280x720.jpg,https://www.2kratings.com/malachi-smith,https://www.2kratings.com/wp-content/uploads/Toronto-Raptors-Secondary-Logo.svg,70,76,205,69,75,45,78,45,48,44,55,70,80,78,84,62,69,45,77,60,46,76,76,63,66,60,48,47,47,75,76,75,84,25,83,52,80,65
malaki-branham,Malaki Branham,Orlando Magic,SG|PG,Bouncy Sniper,https://www.2kratings.com/wp-content/uploads/Malaki-Branham-2K-Photo-1280x720.jpg,https://www.2kratings.com/malaki-branham,https://www.2kratings.com/wp-content/uploads/Orlando-Magic-Secondary-Logo.svg,70,76,180,82,69,42,85,45,59,41,75,74,85,83,80,54,70,45,74,70,47,59,59,52,60,63,49,44,47,60,82,74,86,60,42,55,75,75
grant-nelson,Grant Nelson,Brooklyn Nets,PF|C,Rim-Rocking Stretch,https://www.2kratings.com/wp-content/uploads/Grant-Nelson-2K-Photo-1280x720.jpg,https://www.2kratings.com/grant-nelson,https://www.2kratings.com/wp-content/uploads/Brooklyn-Nets-Secondary-Logo.svg,70,84,215,52,58,62,74,40,65,74,70,69,83,73,70,50,75,59,70,60,60,57,58,45,30,40,64,64,64,70,58,54,80,60,45,59,69,72
aj-johnson,A.J. Johnson,New Orleans Pelicans,SG|PG,Above-the-Rim Slasher,https://www.2kratings.com/wp-content/uploads/AJ-Johnson-2K-Photo-1280x720.jpg,https://www.2kratings.com/aj-johnson,https://www.2kratings.com/wp-content/uploads/New-Orleans-Pelicans-Secondary-Logo.svg,70,77,160,79,86,37,52,30,53,44,80,73,80,83,80,48,75,49,74,60,38,70,72,47,67,56,30,30,30,60,83,79,80,30,37,39,68,76
taj-gibson,Taj Gibson,New Orleans Pelicans,C,Middy Board Crasher,https://www.2kratings.com/wp-content/uploads/Taj-Gibson-2K-Photo-1280x720.jpg,https://www.2kratings.com/taj-gibson,https://www.2kratings.com/wp-content/uploads/New-Orleans-Pelicans-Secondary-Logo.svg,70,81,232,57,35,60,77,50,70,37,65,65,69,71,77,67,85,69,82,30,84,33,54,57,32,58,75,75,75,50,49,32,75,75,59,83,50,58
bez-mbeng,Bez Mbeng,Miami Heat,SG|PG,2-Way Burner,https://www.2kratings.com/wp-content/uploads/Bez-Mbeng-2K-Photo-1280x720.jpg,https://www.2kratings.com/bez-mbeng,https://www.2kratings.com/wp-content/uploads/Miami-Heat-Secondary-Logo.svg,70,76,185,78,69,53,78,60,45,47,65,67,85,68,80,70,75,55,66,30,44,67,68,64,51,73,38,44,44,80,75,72,80,30,86,56,67,75
kevin-mccullar,Kevin McCullar Jr.,New York Knicks,SF|SG,2-Way Middy Crasher,https://www.2kratings.com/wp-content/uploads/Kevin-McCullar-2K-Photo-1280x720.jpg,https://www.2kratings.com/kevin-mccullar,https://www.2kratings.com/wp-content/uploads/New-York-Knicks-Secondary-Logo.svg,70,78,210,82,66,63,76,50,55,45,75,76,84,79,85,70,80,52,75,40,74,68,67,68,33,72,60,62,59,50,75,68,90,45,56,55,74,75
johni-broome,Johni Broome,Free Agency,PF|C,Shot-Axing Middy Maestro,https://www.2kratings.com/wp-content/uploads/Johni-Broome-2K-Photo-1280x720.jpg,https://www.2kratings.com/johni-broome,https://www.2kratings.com/wp-content/uploads/free-agency.svg,70,82,235,62,67,72,75,60,69,55,60,73,68,60,90,67,90,70,75,50,69,69,69,47,42,60,70,70,70,50,60,57,80,50,49,71,69,51
yuki-kawamura,Yuki Kawamura,Los Angeles Clippers,PG,Floor General,https://www.2kratings.com/wp-content/uploads/Yuki-Kawamura-2K-Rating.png,https://www.2kratings.com/yuki-kawamura,https://www.2kratings.com/wp-content/uploads/Los-Angeles-Clippers-Primary-Logo.svg,70,68,159,84,86,26,69,30,56,44,25,66,82,86,80,45,45,25,72,70,36,82,82,35,80,61,25,25,25,70,85,85,75,25,55,60,76,80
amari-williams,Amari Williams,Boston Celtics,C|PF,Showmaker,https://www.2kratings.com/wp-content/uploads/Amari-Williams-2K-Photo-1280x720.jpg,https://www.2kratings.com/amari-williams,https://www.2kratings.com/wp-content/uploads/Boston-Celtics-Secondary-Logo.svg,69,83,250,68,64,68,67,55,60,54,80,67,84,62,70,72,85,70,60,40,60,66,69,50,56,60,60,50,62,50,66,62,85,75,47,69,55,75
enrique-freeman,Enrique Freeman,Minnesota Timberwolves,PF|C,2-Way Rim Rocker,https://www.2kratings.com/wp-content/uploads/Enrique-Freeman-2K-Photo-1280x720.jpg,https://www.2kratings.com/enrique-freeman,https://www.2kratings.com/wp-content/uploads/Minnesota-Timberwolves-Secondary-Logo.svg,69,81,220,74,62,56,74,50,57,40,80,74,84,67,80,68,95,66,66,30,40,59,60,63,32,66,62,61,61,35,74,59,88,60,35,60,66,81
pacome-dadiet,Pacome Dadiet,New York Knicks,SF|PF,Perimeter Shot Hunter,https://www.2kratings.com/wp-content/uploads/Pacome-Dadiet-2K-Photo-1280x720.jpg,https://www.2kratings.com/pacome-dadiet,https://www.2kratings.com/wp-content/uploads/New-York-Knicks-Secondary-Logo.svg,69,81,210,76,75,50,70,50,71,37,75,72,81,75,90,65,80,50,76,40,25,57,58,52,34,69,46,46,44,50,78,70,85,40,50,50,75,65
brooks-barnhizer,Brooks Barnhizer,Oklahoma City Thunder,SF|SG,Physical Middy Maestro,https://www.2kratings.com/wp-content/uploads/Brooks-Barnhizer-2K-Photo-1280x720.jpg,https://www.2kratings.com/brooks-barnhizer,https://www.2kratings.com/wp-content/uploads/Oklahoma-City-Thunder-Secondary-Logo.svg,69,77,230,79,69,50,74,65,60,45,70,70,85,76,70,70,80,59,79,40,42,70,70,65,59,70,40,48,48,50,70,67,85,40,70,67,72,77
malevy-leons,Malevy Leons,Golden State Warriors,PF|C,Edge Enforcer,https://www.2kratings.com/wp-content/uploads/Malevy-Leons-2K-Photo-1280x720.jpg,https://www.2kratings.com/malevy-leons,https://www.2kratings.com/wp-content/uploads/Golden-State-Warriors-Secondary-Logo.svg,69,81,210,75,47,73,64,60,48,40,65,60,78,79,80,70,85,72,68,40,82,57,52,65,32,72,59,59,59,40,52,47,85,65,67,55,74,60
rayj-dennis,RayJ Dennis,Atlanta Hawks,PG|SG,Perimeter Shot Hunter,https://www.2kratings.com/wp-content/uploads/RayJ-Dennis-2K-Photo-1280x720.jpg,https://www.2kratings.com/rayj-dennis,https://www.2kratings.com/wp-content/uploads/Atlanta-Hawks-Secondary-Logo.svg,69,73,180,80,74,35,72,45,44,47,55,73,84,73,84,62,80,44,74,55,32,75,75,55,73,67,33,34,33,60,79,79,85,25,68,42,75,75
daquan-jeffries,DaQuan Jeffries,Free Agency,SF|SG,Sharpshooter,https://www.2kratings.com/wp-content/uploads/DaQuan-Jeffries-2K-Photo-1280x720.jpg,https://www.2kratings.com/daquan-jeffries,https://www.2kratings.com/wp-content/uploads/free-agency.svg,69,77,222,79,70,63,73,35,49,42,75,72,76,79,70,50,60,54,75,40,42,55,53,54,34,58,60,65,63,60,79,68,80,70,40,57,78,89
kennedy-chandler,Kennedy Chandler,Free Agency,PG,Open-Lane Burner,https://www.2kratings.com/wp-content/uploads/Kennedy-Chandler-2K-Photo-1280x720.jpg,https://www.2kratings.com/kennedy-chandler,https://www.2kratings.com/wp-content/uploads/free-agency.svg,69,71,170,75,86,45,66,65,48,55,65,75,85,68,81,68,85,27,71,65,33,78,82,70,74,68,31,54,38,50,85,85,90,26,41,28,73,82
drew-peterson,Drew Peterson,Free Agency,PF|SF,Diming Stretch,https://www.2kratings.com/wp-content/uploads/Drew-Peterson-2K-Photo-1280x720.jpg,https://www.2kratings.com/drew-peterson,https://www.2kratings.com/wp-content/uploads/free-agency.svg,69,81,205,58,68,42,70,40,66,45,65,73,73,75,70,45,85,52,74,50,52,69,68,50,38,43,46,47,45,75,59,58,85,60,40,62,79,68
stanley-umude,Stanley Umude,Free Agency,SF|SG,Playmaking 3PT Creator,https://www.2kratings.com/wp-content/uploads/Stanley-Umude-2K-Photo-1280x720.jpg,https://www.2kratings.com/stanley-umude,https://www.2kratings.com/wp-content/uploads/free-agency.svg,69,78,210,68,68,60,73,60,65,47,60,67,78,91,74,65,73,52,70,60,39,68,68,57,29,67,45,43,42,55,67,65,85,30,41,52,76,70
dejon-jarreau,DeJon Jarreau,Free Agency,SG|PG,3 & D Glass Cleaner,https://www.2kratings.com/wp-content/uploads/DeJon-Jarreau-1280x720.jpg,https://www.2kratings.com/dejon-jarreau,https://www.2kratings.com/wp-content/uploads/free-agency.svg,69,77,185,78,73,45,68,55,69,42,55,70,75,72,84,70,85,40,62,30,51,68,66,71,73,71,33,40,34,50,75,71,80,40,73,45,74,75
luke-travers,Luke Travers,Free Agency,SF|PF,Perimeter Shot Hunter,https://www.2kratings.com/wp-content/uploads/Luke-Travers-2K-Photo-1280x720.jpg,https://www.2kratings.com/luke-travers,https://www.2kratings.com/wp-content/uploads/free-agency.svg,69,79,207,66,71,56,70,50,33,54,65,70,84,68,90,52,84,52,72,50,37,64,63,45,31,62,30,34,35,60,68,65,80,30,36,48,74,75
bobi-klintman,Bobi Klintman,Free Agency,PF|SF,Faceup Rim Rocker,https://www.2kratings.com/wp-content/uploads/Bobi-Klintman-2K-Photo-1280x720.jpg,https://www.2kratings.com/bobi-klintman,https://www.2kratings.com/wp-content/uploads/free-agency.svg,69,81,225,68,70,57,68,55,51,47,75,69,74,80,80,60,75,57,70,50,41,68,68,62,43,64,50,50,49,60,75,68,90,65,62,55,74,72
jules-bernard,Jules Bernard,Free Agency,SG,Crafty Sharpshooter,https://www.2kratings.com/wp-content/uploads/Jules-Bernard-2K-Rating.png,https://www.2kratings.com/jules-bernard,https://www.2kratings.com/wp-content/uploads/free-agency.svg,69,78,210,64,70,37,69,45,54,60,60,75,84,78,69,68,65,54,75,65,60,65,62,40,61,64,48,45,30,65,63,60,85,40,36,48,76,70
trentyn-flowers,Trentyn Flowers,Free Agency,SF|SG,High-Flying Slasher,https://www.2kratings.com/wp-content/uploads/Trentyn-Flowers-2K-Photo-1280x720.jpg,https://www.2kratings.com/trentyn-flowers,https://www.2kratings.com/wp-content/uploads/free-agency.svg,69,81,185,75,69,37,62,45,54,42,85,62,80,64,80,54,70,52,71,35,48,57,60,52,44,62,49,52,47,50,83,75,85,70,57,42,75,92
skal-labissiere,Skal Labissiere,Free Agency,C|PF,Glass-Cleaning Stretch,https://www.2kratings.com/wp-content/uploads/Skal-Labissiere-2K-Photo-1280x720.jpg,https://www.2kratings.com/skal-labissiere,https://www.2kratings.com/wp-content/uploads/free-agency.svg,69,82,235,63,57,60,79,50,78,40,60,62,73,70,76,70,75,73,78,40,69,37,55,38,34,54,65,65,65,50,67,57,80,75,54,65,73,77
andersson-garcia,Andersson Garcia,Free Agency,PF|SF,2-Way Rim-Rocking Stretch,https://www.2kratings.com/wp-content/uploads/Andersson-Garcia-1280x720.jpg,https://www.2kratings.com/andersson-garcia,https://www.2kratings.com/wp-content/uploads/free-agency.svg,69,79,220,66,63,60,71,50,68,54,75,70,84,69,70,60,80,66,69,30,67,57,60,57,32,66,55,58,57,50,63,58,85,70,73,70,71,79
alondes-williams,Alondes Williams,Free Agency,PG|SG,Hash-Sinking Slasher,https://www.2kratings.com/wp-content/uploads/Alondes-Williams-2K-Photo-1280x720.jpg,https://www.2kratings.com/alondes-williams,https://www.2kratings.com/wp-content/uploads/free-agency.svg,69,76,210,84,77,55,79,50,55,50,70,79,76,70,80,52,80,44,72,65,52,65,68,50,64,60,49,48,44,65,84,77,88,40,35,57,76,78
john-tonje,John Tonje,Portland Trail Blazers,SF|SG,Crafty Sharpshooter,https://www.2kratings.com/wp-content/uploads/John-Tonje-2K-Photo-1280x720.jpg,https://www.2kratings.com/john-tonje,https://www.2kratings.com/wp-content/uploads/Portland-Trail-Blazers-Secondary-Logo.svg,69,76,218,74,70,40,80,50,54,44,70,78,83,87,85,52,75,50,80,40,43,58,58,50,37,62,40,40,40,50,74,67,85,35,42,55,80,79
harrison-ingram,Harrison Ingram,Utah Jazz,SF|SG,Open-Lane Burner,https://www.2kratings.com/wp-content/uploads/Harrison-Ingram-2K-Photo-1280x720.jpg,https://www.2kratings.com/harrison-ingram,https://www.2kratings.com/wp-content/uploads/Utah-Jazz-2K-Roster-Secondary-Logo.svg,69,77,230,75,70,39,73,55,60,42,75,73,83,62,80,69,75,60,73,30,59,62,62,60,41,62,57,58,59,50,82,75,88,45,49,64,74,82
tyty-washington,TyTy Washington Jr.,Free Agency,PG|SG,Above-the-Rim Slasher,https://www.2kratings.com/wp-content/uploads/TyTy-Washington-2K-Photo-1280x720.jpg,https://www.2kratings.com/tyty-washington,https://www.2kratings.com/wp-content/uploads/free-agency.svg,69,75,195,80,86,37,78,40,52,50,75,76,83,75,80,62,85,55,77,60,27,68,69,70,60,66,26,38,25,65,80,80,95,25,49,54,70,79
thanasis-antetokounmpo,Thanasis Antetokounmpo,Free Agency,PF|C,Blow-By Finisher,https://www.2kratings.com/wp-content/uploads/Thanasis-Antetokounmpo-2K-Photo-1280x720.jpg,https://www.2kratings.com/thanasis-antetokounmpo,https://www.2kratings.com/wp-content/uploads/free-agency.svg,69,79,219,75,69,51,71,40,61,69,85,80,72,63,64,54,90,42,66,40,64,54,75,50,38,59,60,50,53,60,77,69,80,40,33,66,66,82
tyler-smith,Tyler Smith,Free Agency,C|PF,Rim-Rocking Stretch,https://www.2kratings.com/wp-content/uploads/Tyler-Smith-2K-Photo-1280x720.jpg,https://www.2kratings.com/tyler-smith,https://www.2kratings.com/wp-content/uploads/free-agency.svg,69,81,224,69,57,59,72,35,73,44,80,64,83,73,70,52,75,53,75,50,76,39,58,47,32,52,64,64,64,60,72,67,85,80,35,65,73,84
adama-bal,Adama Bal,Free Agency,SG|PG,Shifty Sniper,https://www.2kratings.com/wp-content/uploads/Adama-Bal-2K-Photo-1280x720.jpg,https://www.2kratings.com/adama-bal,https://www.2kratings.com/wp-content/uploads/free-agency.svg,69,79,190,70,76,25,72,40,43,49,70,68,85,75,95,60,85,47,71,45,35,69,69,55,40,63,47,48,47,60,76,73,85,40,42,49,76,73
jd-davison,JD Davison,Free Agency,PG|SG,High-Flying Slasher,https://www.2kratings.com/wp-content/uploads/JD-Davison-2K-Photo-1280x720.jpg,https://www.2kratings.com/jd-davison,https://www.2kratings.com/wp-content/uploads/free-agency.svg,69,73,195,85,86,61,70,45,55,40,85,72,82,73,80,55,45,25,73,50,36,72,75,54,72,56,38,31,30,50,85,84,88,25,69,54,71,84
tyler-bilodeau,Tyler Bilodeau,Brooklyn Nets,PF|C,Diming Stretch,https://www.2kratings.com/wp-content/uploads/Tyler-Bilodeau-1280x720.jpg,https://www.2kratings.com/tyler-bilodeau,https://www.2kratings.com/wp-content/uploads/Brooklyn-Nets-Secondary-Logo.svg,69,81,235,59,63,34,78,40,51,40,65,71,84,84,85,50,90,59,77,45,44,64,66,60,41,59,62,64,60,65,60,57,88,50,37,59,82,62
sergio-de-larrea,Sergio De Larrea,Dallas Mavericks,SG|PG,Playmaking 3PT Creator,https://www.2kratings.com/wp-content/uploads/Sergio-De-Larrea-2K-Photo-1280x720.jpg,https://www.2kratings.com/sergio-de-larrea,https://www.2kratings.com/wp-content/uploads/Dallas-Mavericks-Secondary-Logo.svg,69,77,175,70,73,37,71,45,54,49,60,73,80,83,90,58,85,47,69,45,44,68,72,57,57,60,55,57,54,60,71,70,89,35,38,57,81,70
tobi-lawal,Tobi Lawal,Dallas Mavericks,PF|SF,Rim-Wrecking Slasher,https://www.2kratings.com/wp-content/uploads/Tobi-Lawal-2K-Photo-1280x720.jpg,https://www.2kratings.com/tobi-lawal,https://www.2kratings.com/wp-content/uploads/Dallas-Mavericks-Secondary-Logo.svg,69,80,215,83,60,59,70,40,66,40,93,71,80,44,75,64,75,64,62,30,60,60,63,47,37,66,51,50,53,35,84,79,90,80,40,54,68,99
trevon-brazile,Trevon Brazile,Denver Nuggets,PF|C,Rim-Running Hammer,https://www.2kratings.com/wp-content/uploads/Trevon-Brazile-2K-Photo-1280x720.jpg,https://www.2kratings.com/trevon-brazile,https://www.2kratings.com/wp-content/uploads/Denver-Nuggets-Secondary-Logo.svg,69,82,230,69,62,66,64,45,58,50,80,72,83,70,75,66,80,66,61,40,47,67,67,56,45,63,59,54,58,50,83,66,80,75,60,69,70,90
ugonna-onyenso,Ugonna Onyenso,Detroit Pistons,C,Shot-Erasing Rim Wrecker,https://www.2kratings.com/wp-content/uploads/Ugonna-Onyenso-2K-Photo-1280x720.jpg,https://www.2kratings.com/ugonna-onyenso,https://www.2kratings.com/wp-content/uploads/Detroit-Pistons-Secondary-Logo.svg,69,84,245,54,42,84,70,60,66,30,75,67,80,73,70,70,80,73,60,25,62,54,57,58,30,44,50,40,50,50,67,44,80,80,43,73,50,71
baba-miller,Baba Miller,Los Angeles Clippers,PF|SF,Glass-Cleaning Cutter,https://www.2kratings.com/wp-content/uploads/Baba-Miller-2K-Photo-1280x720.jpg,https://www.2kratings.com/baba-miller,https://www.2kratings.com/wp-content/uploads/Los-Angeles-Clippers-Primary-Logo.svg,69,83,225,66,68,56,70,50,74,67,75,78,80,65,85,62,75,66,62,35,57,61,60,57,40,66,54,52,54,50,71,64,89,50,49,58,52,81
ryan-conwell,Ryan Conwell,Miami Heat,SG|SF,Sharpshooter,https://www.2kratings.com/wp-content/uploads/Ryan-Conwell-2K-Photo-1280x720.jpg,https://www.2kratings.com/ryan-conwell,https://www.2kratings.com/wp-content/uploads/Miami-Heat-Secondary-Logo.svg,69,76,215,76,69,30,74,40,49,42,50,74,85,83,85,58,80,45,78,50,37,67,68,57,42,64,38,38,37,60,78,73,95,30,40,40,80,82
bogoljub-markovic,Bogoljub Markovic,Milwaukee Bucks,PF|C,Post-Scoring Stretch,https://www.2kratings.com/wp-content/uploads/Bogoljub-Markovic-2K-Photo-1280x720.jpg,https://www.2kratings.com/bogoljub-markovic,https://www.2kratings.com/wp-content/uploads/Milwaukee-Bucks-Secondary-Logo.svg,69,83,195,55,55,52,74,40,65,50,65,64,80,76,76,58,85,57,74,50,60,54,54,54,53,40,68,68,68,50,56,53,85,65,47,68,78,54
otega-oweh,Otega Oweh,Oklahoma City Thunder,SG|SF,Blow-By Finisher,https://www.2kratings.com/wp-content/uploads/Otega-Oweh-2K-Photo-1280x720.jpg,https://www.2kratings.com/otega-oweh,https://www.2kratings.com/wp-content/uploads/Oklahoma-City-Thunder-Secondary-Logo.svg,69,76,220,79,70,37,75,50,44,40,80,78,80,73,78,67,85,57,72,50,41,60,67,64,32,69,52,52,52,50,83,76,89,65,67,60,72,79
izaiyah-nelson,Izaiyah Nelson,Orlando Magic,C|PF,Rim-Running Hammer,https://www.2kratings.com/wp-content/uploads/Izaiyah-Nelson-2K-Photo-1280x720.jpg,https://www.2kratings.com/izaiyah-nelson,https://www.2kratings.com/wp-content/uploads/Orlando-Magic-Secondary-Logo.svg,69,81,218,70,52,75,70,50,73,34,85,71,80,73,70,70,85,73,63,25,80,57,58,55,40,69,47,44,47,40,80,69,85,80,59,68,48,82
jakobi-gillespie,Ja’Kobi Gillespie,San Antonio Spurs,PG|SG,Iso-Sniping Ball Hawk,https://www.2kratings.com/wp-content/uploads/JaKobi-Gillespie-2K-Photo-1280x720.jpg,https://www.2kratings.com/jakobi-gillespie,https://www.2kratings.com/wp-content/uploads/San-Antonio-Spurs-Secondary-Logo.svg,69,73,188,85,79,25,73,50,40,41,30,73,80,81,80,62,75,43,76,50,29,71,72,67,70,69,30,39,37,50,85,85,89,25,78,48,77,81
maliq-brown,Maliq Brown,San Antonio Spurs,PF|C,Athletic Ball Hawk,https://www.2kratings.com/wp-content/uploads/Maliq-Brown-2K-Photo-1280x720.jpg,https://www.2kratings.com/maliq-brown,https://www.2kratings.com/wp-content/uploads/San-Antonio-Spurs-Secondary-Logo.svg,69,81,217,82,60,67,70,70,58,54,75,70,80,50,75,74,85,74,56,30,47,52,57,75,44,74,47,47,47,40,86,61,80,55,75,65,55,76
jaden-bradley,Jaden Bradley,Toronto Raptors,PG|SG,Shifty Sniper,https://www.2kratings.com/wp-content/uploads/Jaden-Bradley-2K-Photo-1280x720.jpg,https://www.2kratings.com/jaden-bradley,https://www.2kratings.com/wp-content/uploads/Toronto-Raptors-Secondary-Logo.svg,69,75,205,87,75,27,64,55,41,40,35,70,80,81,80,67,85,34,69,45,30,74,75,60,70,70,30,31,30,60,80,76,88,25,67,59,75,78
felix-okpara,Felix Okpara,Washington Wizards,C,Rim-Running Hammer,https://www.2kratings.com/wp-content/uploads/Felix-Okpara-2K-Photo-1280x720.jpg,https://www.2kratings.com/felix-okpara,https://www.2kratings.com/wp-content/uploads/Washington-Wizards-Secondary-Logo.svg,69,83,243,75,54,75,70,50,59,37,80,72,80,64,70,70,85,70,57,30,69,47,47,47,29,66,52,42,52,40,82,67,84,80,40,70,52,76
lucas-williamson,Lucas Williamson,Free Agency,SG|PG,Ball-Hawking PlaySHot,https://www.2kratings.com/wp-content/uploads/Lucas-Williamson-2K-Rating.png,https://www.2kratings.com/lucas-williamson,https://www.2kratings.com/wp-content/uploads/free-agency.svg,69,76,205,75,71,30,71,45,48,44,65,70,79,71,80,52,70,54,70,55,34,67,68,62,41,67,44,44,44,70,70,69,80,25,67,56,73,68
dillon-jones,Dillon Jones,Free Agency,PF|C,2-Way Facilitator,https://www.2kratings.com/wp-content/uploads/Dillon-Jones-2K-Photo-1280x720.jpg,https://www.2kratings.com/dillon-jones,https://www.2kratings.com/wp-content/uploads/free-agency.svg,69,77,235,82,70,42,63,55,67,55,65,72,80,55,89,69,80,67,70,35,58,68,69,57,53,69,50,50,50,50,75,67,85,35,42,70,57,71
chris-manon,Chris Mañon,Los Angeles Lakers,SG|SF,High-Flying Bandit,https://www.2kratings.com/wp-content/uploads/Chris-Manon-2K-Photo-1280x720.jpg,https://www.2kratings.com/chris-manon,https://www.2kratings.com/wp-content/uploads/Los-Angeles-Lakers-Secondary-Logo.svg,68,76,209,84,68,55,71,60,47,40,85,74,83,74,70,65,95,50,68,30,40,69,65,77,54,70,44,44,42,50,83,70,80,30,79,58,69,88
chaz-lanier,Chaz Lanier,Detroit Pistons,SG|SF,Open-Lane Burner,https://www.2kratings.com/wp-content/uploads/Chaz-Lanier-2K-Photo-1280x720.jpg,https://www.2kratings.com/chaz-lanier,https://www.2kratings.com/wp-content/uploads/Detroit-Pistons-Secondary-Logo.svg,68,75,206,79,72,28,78,45,41,40,60,78,84,76,80,51,80,40,77,50,52,62,57,44,33,52,44,48,37,50,85,79,92,25,52,48,75,88
tolu-smith,Tolu Smith,Detroit Pistons,C|PF,Board-Hunting Post Pro,https://www.2kratings.com/wp-content/uploads/Tolu-Smith-2K-Photo-1280x720.jpg,https://www.2kratings.com/tolu-smith,https://www.2kratings.com/wp-content/uploads/Detroit-Pistons-Secondary-Logo.svg,68,83,245,44,34,62,70,40,70,40,70,63,84,68,80,65,65,60,49,45,70,45,42,55,36,34,70,68,70,50,52,48,80,70,40,80,37,65
vladislav-goldin,Vladislav Goldin,Miami Heat,C,Stretch Riser,https://www.2kratings.com/wp-content/uploads/Vladislav-Goldin-2K-Photo-1280x720.jpg,https://www.2kratings.com/vladislav-goldin,https://www.2kratings.com/wp-content/uploads/Miami-Heat-Secondary-Logo.svg,68,84,255,30,44,67,70,50,65,63,65,58,83,73,75,66,80,66,68,50,69,59,59,45,37,45,67,67,67,50,33,30,80,75,35,70,66,50
rocco-zikarsky,Rocco Zikarsky,Minnesota Timberwolves,C,Shot-Erasing Putback Pro,https://www.2kratings.com/wp-content/uploads/Rocco-Zikarsky-2K-Photo-1280x720.jpg,https://www.2kratings.com/rocco-zikarsky,https://www.2kratings.com/wp-content/uploads/Minnesota-Timberwolves-Secondary-Logo.svg,68,87,227,30,37,74,70,50,70,54,65,56,83,62,66,62,70,68,50,50,70,50,50,44,30,52,60,48,67,60,48,29,80,75,48,73,39,54
cj-huntley,CJ Huntley,Phoenix Suns,PF|C,Versatile Finisher,https://www.2kratings.com/wp-content/uploads/CJ-Huntley-2K-Photo-1280x720.jpg,https://www.2kratings.com/cj-huntley,https://www.2kratings.com/wp-content/uploads/Phoenix-Suns-Secondary-Logo.svg,68,81,190,57,48,59,74,45,70,45,80,78,83,69,80,60,80,63,73,40,69,48,58,47,34,51,60,60,60,50,59,47,80,75,42,50,72,80
chucky-hepburn,Chucky Hepburn,Toronto Raptors,PG,Pressure Cooker,https://www.2kratings.com/wp-content/uploads/Chucky-Hepburn-2K-Photo-1280x720.jpg,https://www.2kratings.com/chucky-hepburn,https://www.2kratings.com/wp-content/uploads/Toronto-Raptors-Secondary-Logo.svg,68,72,190,90,76,32,70,70,43,74,40,72,78,81,70,78,87,30,71,40,36,77,76,78,73,79,30,30,28,30,76,76,85,25,84,43,73,62
keshon-gilbert,Keshon Gilbert,Atlanta Hawks,SG|SF,Defensive Playmaker,https://www.2kratings.com/wp-content/uploads/Keshon-Gilbert-2K-Photo-1280x720.jpg,https://www.2kratings.com/keshon-gilbert,https://www.2kratings.com/wp-content/uploads/Atlanta-Hawks-Secondary-Logo.svg,68,76,200,83,74,34,76,65,43,40,60,76,84,75,80,70,76,34,73,35,38,70,70,72,67,76,30,34,32,60,77,73,85,25,67,60,73,71
tristan-enaruna,Tristan Enaruna,Cleveland Cavaliers,SF|SG,Above-the-Rim Slasher,https://www.2kratings.com/wp-content/uploads/Tristan-Enaruna-2K-Photo-1280x720.jpg,https://www.2kratings.com/tristan-enaruna,https://www.2kratings.com/wp-content/uploads/Cleveland-Cavaliers-Secondary-Logo.svg,68,78,220,80,70,47,70,65,54,39,80,70,84,75,80,68,65,30,72,35,52,68,67,67,44,70,50,47,44,40,84,75,85,25,57,67,72,80
riley-minix,Riley Minix,Cleveland Cavaliers,PF|SF,Ball-Hawking Stretch,https://www.2kratings.com/wp-content/uploads/Riley-Minix-2K-Photo-1280x720.jpg,https://www.2kratings.com/riley-minix,https://www.2kratings.com/wp-content/uploads/Cleveland-Cavaliers-Secondary-Logo.svg,68,79,230,60,55,47,69,50,62,40,60,62,83,83,70,57,80,55,71,40,60,54,54,60,30,59,54,54,54,50,60,55,80,45,62,58,76,70
zyon-pullin,Zyon Pullin,Minnesota Timberwolves,PG|SG,Shifty Sniper,https://www.2kratings.com/wp-content/uploads/Zyon-Pullin-2K-Photo-1280x720.jpg,https://www.2kratings.com/zyon-pullin,https://www.2kratings.com/wp-content/uploads/Minnesota-Timberwolves-Secondary-Logo.svg,68,76,206,79,76,32,72,40,44,49,45,70,79,75,85,57,75,49,74,50,36,73,73,55,65,63,37,37,35,60,79,78,88,25,49,48,75,66
alex-morales,Alex Morales,Orlando Magic,SG|SF,3 & D Two Guard,https://www.2kratings.com/wp-content/uploads/Alex-Morales-2K-Photo-1280x720.jpg,https://www.2kratings.com/alex-morales,https://www.2kratings.com/wp-content/uploads/Orlando-Magic-Secondary-Logo.svg,68,78,210,75,75,32,70,50,64,78,75,70,76,75,80,70,75,64,69,50,57,69,70,70,44,73,52,52,52,50,72,67,85,45,74,60,76,72
chris-youngblood,Chris Youngblood,Portland Trail Blazers,SG|SF,Gritty Sharpshooter,https://www.2kratings.com/wp-content/uploads/Chris-Youngblood-2K-Photo-1280x720.jpg,https://www.2kratings.com/chris-youngblood,https://www.2kratings.com/wp-content/uploads/Portland-Trail-Blazers-Secondary-Logo.svg,68,76,221,73,68,32,67,45,65,65,60,69,84,80,85,60,80,42,74,45,42,57,58,40,30,64,35,38,35,70,72,63,80,40,47,52,78,70
jayson-kent,Jayson Kent,Portland Trail Blazers,SF|SG,High-Flying Sniper,https://www.2kratings.com/wp-content/uploads/Jayson-Kent-2K-Photo-1280x720.jpg,https://www.2kratings.com/jayson-kent,https://www.2kratings.com/wp-content/uploads/Portland-Trail-Blazers-Secondary-Logo.svg,68,80,215,69,66,30,74,35,38,42,80,70,83,85,78,54,70,40,72,35,30,59,59,45,32,56,39,48,44,55,79,69,80,50,43,55,80,80
koby-brea,Koby Brea,Phoenix Suns,SG|SF,Diming Sharpshooter,https://www.2kratings.com/wp-content/uploads/Kobe-Brea-2K-Photo-1280x720.jpg,https://www.2kratings.com/koby-brea,https://www.2kratings.com/wp-content/uploads/Phoenix-Suns-Secondary-Logo.svg,68,77,215,66,67,45,72,50,57,30,60,71,82,89,85,59,88,48,74,50,41,68,66,55,37,59,40,41,40,60,68,62,85,40,42,51,82,64
trey-alexander,Trey Alexander,Utah Jazz,PG|S,Perimeter Shot Hunter,https://www.2kratings.com/wp-content/uploads/Trey-Alexander-2K-Photo-1280x720.jpg,https://www.2kratings.com/trey-alexander,https://www.2kratings.com/wp-content/uploads/Utah-Jazz-2K-Roster-Secondary-Logo.svg,68,77,185,75,73,30,73,30,46,55,30,73,84,82,74,52,75,30,81,50,34,70,70,47,54,59,31,42,28,60,78,74,80,25,41,34,70,67
tamar-bates,Tamar Bates,Utah Jazz,SG|SF,Perimeter Shot Hunter,https://www.2kratings.com/wp-content/uploads/Tamar-Bates-2K-Photo-1280x720.jpg,https://www.2kratings.com/tamar-bates,https://www.2kratings.com/wp-content/uploads/Utah-Jazz-2K-Roster-Secondary-Logo.svg,68,77,195,73,70,30,76,50,47,40,65,70,64,92,80,57,70,44,77,50,45,54,57,55,32,60,47,38,37,50,70,64,85,40,57,54,80,75
jahmyl-telfort,Jahmyl Telfort,Free Agency,SF|PF,Crafty Sharpshooter,https://www.2kratings.com/wp-content/uploads/Jahmyl-Telfort-2K-Photo-1280x720.jpg,https://www.2kratings.com/jahmyl-telfort,https://www.2kratings.com/wp-content/uploads/free-agency.svg,68,79,295,69,66,37,73,45,57,46,70,73,83,77,70,60,60,54,72,40,47,58,57,57,52,60,59,59,59,50,63,58,75,55,50,62,73,72
kevon-harris,Kevon Harris,Free Agency,SG|SF,Inside-Out Scorer,https://www.2kratings.com/wp-content/uploads/Kevon-Harris-2K-Photo-1280x720.jpg,https://www.2kratings.com/kevon-harris,https://www.2kratings.com/wp-content/uploads/free-agency.svg,68,77,216,71,69,51,75,45,51,49,75,75,77,76,79,45,84,60,72,60,59,64,65,60,29,62,45,56,33,40,71,69,85,40,53,58,80,78
nfaly-dante,N’Faly Dante,Free Agency,C|PF,Rim-Running Slammer,https://www.2kratings.com/wp-content/uploads/NFaly-Dante-2K-Photo-1280x720.jpg,https://www.2kratings.com/nfaly-dante,https://www.2kratings.com/wp-content/uploads/free-agency.svg,68,83,230,48,32,69,65,50,69,40,80,66,73,61,78,70,95,70,36,30,67,25,40,60,31,48,55,52,55,50,73,57,70,80,37,70,25,70
jackson-rowe,Jackson Rowe,Free Agency,PF|SF,Rim-Rocking Stretch,https://www.2kratings.com/wp-content/uploads/Jackson-Rowe-2K-Photo-1280x720.jpg,https://www.2kratings.com/jackson-rowe,https://www.2kratings.com/wp-content/uploads/free-agency.svg,68,79,210,63,54,50,70,40,57,50,70,67,76,71,74,54,79,54,69,50,64,59,60,54,50,52,57,57,54,65,66,59,80,60,54,70,74,74
kyle-mangas,Kyle Mangas,Free Agency,SG|PG,Diming Sharpshooter,https://www.2kratings.com/wp-content/uploads/Kyle-Mangas-2K-Rating.png,https://www.2kratings.com/kyle-mangas,https://www.2kratings.com/wp-content/uploads/free-agency.svg,68,76,200,69,70,40,72,50,55,40,45,71,78,76,75,55,65,27,76,50,49,72,72,67,60,60,25,40,25,70,70,68,84,25,67,54,80,70
lawson-lovering,Lawson Lovering,Free Agency,C,Glass-Cleaning Post Creator,https://www.2kratings.com/wp-content/uploads/Lawson-Lovering-2K-Photo-1280x720.jpg,https://www.2kratings.com/lawson-lovering,https://www.2kratings.com/wp-content/uploads/free-agency.svg,68,85,245,40,62,60,78,55,75,49,65,58,83,44,80,70,75,69,47,30,70,50,47,57,35,40,72,71,72,50,47,37,80,65,49,73,33,52
payton-sandfort,Payton Sandfort,Free Agency,SF|SG,Crafty Sharpshooter,https://www.2kratings.com/wp-content/uploads/Payton-Sandfort-2K-Photo-1280x720.jpg,https://www.2kratings.com/payton-sandfort,https://www.2kratings.com/wp-content/uploads/free-agency.svg,68,79,215,65,58,37,72,40,44,37,55,72,84,87,95,55,70,42,78,40,39,57,55,50,32,59,40,40,40,60,59,54,85,40,37,50,80,60
tyreke-key,Tyreke Key,Free Agency,PG|SG,Crafty Sharpshooter,https://www.2kratings.com/wp-content/uploads/Tyreke-Key-2K-Rating.png,https://www.2kratings.com/tyreke-key,https://www.2kratings.com/wp-content/uploads/free-agency.svg,68,74,207,73,73,30,81,45,44,40,40,78,77,86,70,64,70,30,82,50,37,70,70,68,47,65,25,37,25,70,73,73,83,25,50,50,80,67
malik-williams,Malik Williams,Free Agency,C|PF,Board-Hunting Stretch,https://www.2kratings.com/wp-content/uploads/Malik-Williams-2K-Rating.png,https://www.2kratings.com/malik-williams,https://www.2kratings.com/wp-content/uploads/free-agency.svg,68,83,250,54,37,72,70,45,78,41,65,68,77,65,80,65,65,67,70,40,85,45,42,55,27,40,56,56,55,50,54,48,80,70,42,67,71,65
darius-brown,Darius Brown II,Free Agency,PG|SG,Diming Sharpshooter,https://www.2kratings.com/wp-content/uploads/Darius-Brown-2K-Photo-1280x720.jpg,https://www.2kratings.com/darius-brown,https://www.2kratings.com/wp-content/uploads/free-agency.svg,68,74,210,79,74,47,77,40,49,44,40,74,78,81,80,54,65,47,80,35,27,82,82,65,82,66,44,32,29,50,79,77,80,25,33,42,79,72
javonte-cooke,Javonte Cooke,Free Agency,SF|SG,Perimeter Shot Hunter,https://www.2kratings.com/wp-content/uploads/Javonte-Cooke-2K-Photo-1280x720.jpg,https://www.2kratings.com/javonte-cooke,https://www.2kratings.com/wp-content/uploads/free-agency.svg,68,78,185,73,71,35,75,35,61,40,70,74,78,71,78,52,70,50,74,40,38,65,67,50,57,60,51,48,44,60,70,66,80,40,47,54,75,75
gabe-mcglothan,Gabe McGlothan,Free Agency,PF,2-Way Rim-Rocking Stretch,https://www.2kratings.com/wp-content/uploads/Gabe-McGlothan-2K-Rating.png,https://www.2kratings.com/gabe-mcglothan,https://www.2kratings.com/wp-content/uploads/free-agency.svg,68,79,235,66,68,50,69,55,64,44,75,67,78,84,75,69,90,67,66,30,62,52,54,67,34,67,62,62,62,50,66,57,88,60,50,67,74,75
kadary-richmond,Kadary Richmond,Free Agency,SG|PG,Ball-Hawking Burner,https://www.2kratings.com/wp-content/uploads/Kadary-Richmond-2K-Photo-1280x720.jpg,https://www.2kratings.com/kadary-richmond,https://www.2kratings.com/wp-content/uploads/free-agency.svg,68,78,205,79,70,30,70,50,59,54,70,74,84,77,69,67,75,47,69,35,44,69,68,78,57,69,32,34,27,60,79,77,85,25,79,67,68,80
buddy-boeheim,Buddy Boeheim,Free Agency,SG|SF,Perimeter Shot Hunter,https://www.2kratings.com/wp-content/uploads/Buddy-Boeheim-2K-Photo-1280x720.jpg,https://www.2kratings.com/buddy-boeheim,https://www.2kratings.com/wp-content/uploads/free-agency.svg,68,78,205,59,68,45,68,45,48,40,60,70,78,84,80,52,80,42,77,50,44,62,62,55,31,59,48,47,44,70,57,57,80,45,43,44,78,70
max-shulga,Max Shulga,Free Agency,PG|SG,Sharpshooting Bandit,https://www.2kratings.com/wp-content/uploads/Max-Shulga-2K-Photo-1280x720.jpg,https://www.2kratings.com/max-shulga,https://www.2kratings.com/wp-content/uploads/free-agency.svg,68,76,210,72,75,28,74,50,47,55,45,74,83,78,80,57,60,42,77,50,41,75,75,54,54,60,48,44,30,50,75,74,80,30,75,52,80,67
josh-oduro,Josh Oduro,Free Agency,PF|C,Mid-Post Pro,https://www.2kratings.com/wp-content/uploads/Josh-Oduro-2K-Photo-1280x720.jpg,https://www.2kratings.com/josh-oduro,https://www.2kratings.com/wp-content/uploads/free-agency.svg,68,81,240,58,62,52,74,40,70,50,65,55,84,69,64,62,90,66,70,45,59,62,67,55,47,58,69,68,66,60,57,50,78,65,52,66,66,65
hayden-gray,Hayden Gray,Free Agency,SG|PG,Ball-Hawking Connector,https://www.2kratings.com/wp-content/uploads/Hayden-Gray-2K-Photo-1280x720.jpg,https://www.2kratings.com/hayden-gray,https://www.2kratings.com/wp-content/uploads/free-agency.svg,68,76,190,78,74,40,73,55,44,42,55,70,83,74,85,68,85,50,72,35,34,74,75,65,69,70,57,57,55,50,69,68,85,55,79,62,74,68
olivier-sarr,Olivier Sarr,Free Agency,C,Shot-Axing Middy Dunker,https://www.2kratings.com/wp-content/uploads/Olivier-Sarr-2K-Photo-1280x720.jpg,https://www.2kratings.com/olivier-sarr,https://www.2kratings.com/wp-content/uploads/free-agency.svg,68,82,240,63,52,80,68,35,70,40,75,60,77,79,70,59,80,58,74,35,75,50,55,48,29,40,64,62,64,55,65,49,85,75,30,66,69,74
isaiah-stevens,Isaiah Stevens,Free Agency,PG|SG,Open-Lane Burner,https://www.2kratings.com/wp-content/uploads/Isaiah-Stevens-2K-Photo-1280x720.jpg,https://www.2kratings.com/isaiah-stevens,https://www.2kratings.com/wp-content/uploads/free-agency.svg,68,71,185,87,79,25,70,40,39,45,35,72,82,84,70,52,76,44,74,40,30,78,78,50,78,58,30,31,25,60,88,88,80,25,36,48,74,72
emanuel-miller,Emanuel Miller,Free Agency,SF|SG,Wing-Running High Flyer,https://www.2kratings.com/wp-content/uploads/Emanuel-Miller-2K-Photo-1280x720.jpg,https://www.2kratings.com/emanuel-miller,https://www.2kratings.com/wp-content/uploads/free-agency.svg,68,77,215,79,60,47,67,40,60,40,80,70,81,75,80,50,80,55,70,35,49,56,57,47,44,58,57,55,45,50,82,67,85,45,50,60,74,84
norchad-omier,Norchad Omier,Free Agency,PF|C,Rim-Rocking Board Hunter,https://www.2kratings.com/wp-content/uploads/Norchad-Omier-2K-Photo-1280x720.jpg,https://www.2kratings.com/norchad-omier,https://www.2kratings.com/wp-content/uploads/free-agency.svg,68,79,248,66,54,44,71,40,75,44,75,70,83,75,74,62,80,67,70,40,75,44,55,54,30,63,57,52,54,50,71,53,80,60,60,70,71,70
trevon-scott,Trevon Scott,Free Agency,PF|SF,Crafty Stretch,https://www.2kratings.com/wp-content/uploads/Trevon-Scott-2K-Photo-1280x720.jpg,https://www.2kratings.com/trevon-scott,https://www.2kratings.com/wp-content/uploads/free-agency.svg,68,80,225,52,68,41,69,40,69,50,70,75,76,71,70,52,75,64,71,40,68,61,64,44,41,54,49,51,42,60,62,54,85,40,30,60,73,72
mouhamadou-gueye,Mouhamadou Gueye,Free Agency,C|PF,Shot-Erasing Putback Pro,https://www.2kratings.com/wp-content/uploads/Mouhamadou-Gueye-2K-Rating.png,https://www.2kratings.com/mouhamadou-gueye,https://www.2kratings.com/wp-content/uploads/free-agency.svg,68,81,210,59,57,85,64,35,67,44,70,65,77,55,78,54,80,60,62,30,74,47,50,52,30,55,54,52,54,40,57,47,80,70,40,65,60,75
dillon-mitchell,Dillon Mitchell,Boston Celtics,PF|SF,Rim-Running Hammer,https://www.2kratings.com/wp-content/uploads/Dillon-Mitchell-1280x720.jpg,https://www.2kratings.com/dillon-mitchell,https://www.2kratings.com/wp-content/uploads/Boston-Celtics-Secondary-Logo.svg,68,80,202,83,66,56,71,60,68,40,85,71,78,49,80,67,85,68,44,25,62,67,67,60,52,71,50,50,52,40,80,65,75,75,60,66,40,82
kylan-boswell,Kylan Boswell,Charlotte Hornets,PG,2-Way Bruising Burner,https://www.2kratings.com/wp-content/uploads/Kylan-Boswell-1280x720.jpg,https://www.2kratings.com/kylan-boswell,https://www.2kratings.com/wp-content/uploads/Charlotte-Hornets-Secondary-Logo.svg,68,74,200,83,79,50,70,60,47,40,40,70,81,78,80,70,76,34,75,40,33,75,70,57,56,74,30,34,32,60,79,79,85,25,62,60,74,78
michael-ajayi,Michael Ajayi,Charlotte Hornets,PF,Board-Hunting Lob Threat,https://www.2kratings.com/wp-content/uploads/Michael-Ajayi-1280x720.jpg,https://www.2kratings.com/michael-ajayi,https://www.2kratings.com/wp-content/uploads/Charlotte-Hornets-Secondary-Logo.svg,68,79,235,73,62,54,70,50,80,47,75,70,83,65,81,60,80,62,67,30,76,62,60,45,50,62,52,52,54,45,71,52,85,70,62,65,66,71
tobe-awaka,Tobe Awaka,Chicago Bulls,PF,Possession Extender,https://www.2kratings.com/wp-content/uploads/Tobe-Awaka-1280x720.jpg,https://www.2kratings.com/tobe-awaka,https://www.2kratings.com/wp-content/uploads/Chicago-Bulls-Secondary-Logo.svg,68,80,250,66,50,45,71,40,66,40,70,67,90,64,70,67,85,64,63,25,80,52,52,52,29,54,47,40,59,50,80,54,80,70,38,70,59,87
jaylin-sellers,Jaylin Sellers,Chicago Bulls,SG,Ball-Hawking Bomber,https://www.2kratings.com/wp-content/uploads/Jaylin-Sellers-1280x720.jpg,https://www.2kratings.com/jaylin-sellers,https://www.2kratings.com/wp-content/uploads/Chicago-Bulls-Secondary-Logo.svg,68,77,205,85,69,53,71,40,65,74,70,71,81,86,75,60,80,40,77,40,56,64,65,78,37,65,38,29,31,50,71,67,85,45,80,52,79,72
ernest-udeh-jr,Ernest Udeh Jr.,Cleveland Cavaliers,C,Yamming Force of Nature,https://www.2kratings.com/wp-content/uploads/Ernest-Udeh-Jr-2K-Photo-1280x720.jpg,https://www.2kratings.com/ernest-udeh-jr,https://www.2kratings.com/wp-content/uploads/Cleveland-Cavaliers-Secondary-Logo.svg,68,83,266,70,35,70,67,60,72,40,75,70,83,51,35,74,75,74,44,25,71,25,34,54,29,60,48,45,44,50,70,44,79,85,25,80,26,78
bryce-hopkins,Bryce Hopkins,Denver Nuggets,PF|SF,2-Way Rim-Rocking Stretch,https://www.2kratings.com/wp-content/uploads/Bryce-Hopkins-2K-Photo-1280x720.jpg,https://www.2kratings.com/bryce-hopkins,https://www.2kratings.com/wp-content/uploads/Denver-Nuggets-Secondary-Logo.svg,68,79,219,70,67,37,71,45,60,45,75,72,83,71,80,58,85,68,67,40,57,60,66,67,46,68,54,54,54,50,74,66,87,60,60,69,74,75
isaiah-crawford,Isaiah Crawford,Houston Rockets,SF|SG,Crafty Sharpshooter,https://www.2kratings.com/wp-content/uploads/Isaiah-Crawford-2K-Photo-1280x720.jpg,https://www.2kratings.com/isaiah-crawford,https://www.2kratings.com/wp-content/uploads/Houston-Rockets-Secondary-Logo.svg,68,78,220,61,57,44,71,40,59,45,65,70,83,73,80,52,75,55,74,50,54,48,47,57,37,57,57,57,57,50,61,57,90,50,45,59,76,74
sean-pedulla,Sean Pedulla,Houston Rockets,PG,PlayShot Point,https://www.2kratings.com/wp-content/uploads/Sean-Pedulla-2K-Photo-1280x720.jpg,https://www.2kratings.com/sean-pedulla,https://www.2kratings.com/wp-content/uploads/Houston-Rockets-Secondary-Logo.svg,68,73,195,74,76,30,72,35,49,37,50,76,83,82,80,62,80,44,75,50,32,77,77,55,72,63,32,45,28,60,75,75,85,25,54,41,77,72
quadir-copeland,Quadir Copeland,Houston Rockets,PG,Ball-Hawking 3PT Dimer,https://www.2kratings.com/wp-content/uploads/Quadir-Copeland-2K-Photo-1280x720.jpg,https://www.2kratings.com/quadir-copeland,https://www.2kratings.com/wp-content/uploads/Houston-Rockets-Secondary-Logo.svg,68,78,220,76,71,34,70,60,49,79,70,70,80,77,80,68,75,49,72,40,33,70,71,62,63,69,48,45,45,50,72,70,80,30,72,56,74,75
nick-martinelli,Nick Martinelli,Los Angeles Clippers,SF|PF,Sharpshooter,https://www.2kratings.com/wp-content/uploads/Nick-Martinelli-2K-Photo-1280x720.jpg,https://www.2kratings.com/nick-martinelli,https://www.2kratings.com/wp-content/uploads/Los-Angeles-Clippers-Primary-Logo.svg,68,79,225,47,60,42,80,35,54,40,60,70,80,81,75,52,70,52,80,50,52,58,59,47,41,52,55,62,57,60,50,44,80,40,35,55,80,67
arthur-kaluma,Arthur Kaluma,Los Angeles Lakers,SF,2-Way Skilled Stretch,https://www.2kratings.com/wp-content/uploads/Arthur-Kaluma-2K-Photo-1280x720.jpg,https://www.2kratings.com/arthur-kaluma,https://www.2kratings.com/wp-content/uploads/Los-Angeles-Lakers-Secondary-Logo.svg,68,79,225,70,70,45,75,50,53,55,75,75,86,80,80,57,80,64,72,45,52,64,67,52,33,70,50,50,52,50,77,69,80,60,56,69,75,75
ak-okereke,AK Okereke,Los Angeles Lakers,PF,2-Way Stretch,https://www.2kratings.com/wp-content/uploads/AK-Okereke-2K-Photo-1280x720.jpg,https://www.2kratings.com/ak-okereke,https://www.2kratings.com/wp-content/uploads/Los-Angeles-Lakers-Secondary-Logo.svg,68,79,245,63,62,51,70,45,52,47,65,70,80,77,80,60,80,59,72,45,50,57,58,57,49,63,62,62,62,50,63,59,85,45,36,73,73,68
tre-donaldson,Tre Donaldson,Miami Heat,PG,Perimeter Shot Hunter,https://www.2kratings.com/wp-content/uploads/Tre-Donaldson-2K-Photo-1280x720.jpg,https://www.2kratings.com/tre-donaldson,https://www.2kratings.com/wp-content/uploads/Miami-Heat-Secondary-Logo.svg,68,75,195,82,77,37,71,60,52,46,60,71,83,73,95,65,85,44,76,50,33,75,75,68,67,70,36,32,30,50,80,80,95,25,66,54,76,70
jaron-pierre-jr,Jaron Pierre Jr.,New Orleans Pelicans,SG|SG,Bouncy Sharpshooter,https://www.2kratings.com/wp-content/uploads/Jaron-Pierre-Jr-2K-Photo-1280x720.jpg,https://www.2kratings.com/jaron-pierre-jr,https://www.2kratings.com/wp-content/uploads/New-Orleans-Pelicans-Secondary-Logo.svg,68,77,185,74,70,42,73,40,36,37,70,73,83,78,85,56,80,44,78,50,33,62,60,50,35,61,42,52,28,50,76,70,80,35,40,57,77,72
malik-dia,Malik Dia,New Orleans Pelicans,PF,Popper,https://www.2kratings.com/wp-content/uploads/Malik-Dia-2K-Photo-1280x720.jpg,https://www.2kratings.com/malik-dia,https://www.2kratings.com/wp-content/uploads/New-Orleans-Pelicans-Secondary-Logo.svg,68,81,250,60,57,45,74,45,64,66,70,70,77,68,75,52,70,64,69,45,52,59,57,50,34,52,66,67,66,50,60,57,85,65,36,79,69,70
josh-dix,Josh Dix,Oklahoma City Thunder,SG,Sharpshooter,https://www.2kratings.com/wp-content/uploads/Josh-Dix-2K-Photo-1-1280x720.jpg,https://www.2kratings.com/josh-dix,https://www.2kratings.com/wp-content/uploads/Oklahoma-City-Thunder-Secondary-Logo.svg,68,78,210,66,67,37,73,40,52,50,65,70,77,85,85,57,67,44,77,40,33,44,70,52,60,63,50,55,50,60,66,65,85,50,40,60,77,68
emanuel-sharp,Emanuel Sharp,Sacramento Kings,SG|PG,Playmaking 3PT Creator,https://www.2kratings.com/wp-content/uploads/Emanuel-Sharp-2K-Photo-1280x720.jpg,https://www.2kratings.com/emanuel-sharp,https://www.2kratings.com/wp-content/uploads/Sacramento-Kings-Secondary-Logo.svg,68,75,208,80,69,27,63,45,44,40,50,70,81,89,76,62,81,40,70,50,30,66,66,50,36,62,26,38,30,65,78,72,85,35,60,49,82,68
trevor-keels,Trevor Keels,Free Agency,SG,Combo Guard,https://www.2kratings.com/wp-content/uploads/Trevor-Keels-2K-Photo-1280x720.jpg,https://www.2kratings.com/trevor-keels,https://www.2kratings.com/wp-content/uploads/free-agency.svg,68,76,221,74,78,51,71,50,47,50,70,70,79,84,72,55,94,37,68,50,44,74,77,54,72,60,44,38,40,70,74,74,85,50,52,60,71,68
tristen-newton,Tristen Newton,Free Agency,SG|PG,Combo Guard,https://www.2kratings.com/wp-content/uploads/Tristen-Newton-2K-Photo-1280x720.jpg,https://www.2kratings.com/tristen-newton,https://www.2kratings.com/wp-content/uploads/free-agency.svg,68,77,190,81,79,42,70,45,58,50,50,71,83,81,80,60,85,49,69,40,52,75,74,50,69,64,40,42,40,50,76,76,88,30,58,49,73,68
curtis-jones,Curtis Jones,Free Agency,SG|PG,Perimeter Shot Hunter,https://www.2kratings.com/wp-content/uploads/Curtis-Jones-2K-Photo-1280x720.jpg,https://www.2kratings.com/curtis-jones,https://www.2kratings.com/wp-content/uploads/free-agency.svg,68,75,195,75,68,70,88,50,55,44,75,75,83,67,75,54,85,49,71,50,47,67,70,47,41,71,39,40,38,70,74,68,90,25,86,48,72,72
khalifa-diop,Khalifa Diop,Cleveland Cavaliers,C|PF,Power Dunker,https://www.2kratings.com/wp-content/uploads/Khalifa-Diop-2K-Photo-1280x720.jpg,https://www.2kratings.com/khalifa-diop,https://www.2kratings.com/wp-content/uploads/Cleveland-Cavaliers-Secondary-Logo.svg,68,83,231,54,47,60,70,45,66,47,75,60,80,63,68,62,80,66,59,40,70,39,49,52,27,50,66,52,66,50,61,47,82,80,52,84,40,75
graham-ike,Graham Ike,Golden State Warriors,PF|C,Popper,https://www.2kratings.com/wp-content/uploads/Graham-Ike-2K-Photo-1280x720.jpg,https://www.2kratings.com/graham-ike,https://www.2kratings.com/wp-content/uploads/Golden-State-Warriors-Secondary-Logo.svg,68,81,250,54,59,47,75,40,67,40,70,67,80,80,80,59,85,60,74,40,67,60,61,52,49,54,67,66,67,50,54,47,80,65,44,79,73,68
rafael-castro,Rafael Castro,Free Agency,PF|C,Rim-Wrecking Cleaner,https://www.2kratings.com/wp-content/uploads/Rafael-Castro-2K-Photo-1-1280x720.jpg,https://www.2kratings.com/rafael-castro,https://www.2kratings.com/wp-content/uploads/free-agency.svg,68,83,220,59,54,67,74,40,74,44,75,67,78,66,84,60,80,64,66,30,66,59,62,40,34,59,53,51,53,50,71,52,80,75,41,66,44,79
adam-flagler,Adam Flagler,Sacramento Kings,PG|SG,Perimeter Shot Hunter,https://www.2kratings.com/wp-content/uploads/Adam-Flagler-2K-Photo-1280x720.jpg,https://www.2kratings.com/adam-flagler,https://www.2kratings.com/wp-content/uploads/Sacramento-Kings-Secondary-Logo.svg,67,75,180,70,69,30,77,40,37,32,45,70,78,81,85,52,75,42,77,50,32,66,62,50,40,57,40,44,42,65,72,70,84,40,45,47,70,70
jamarion-sharp,Jamarion Sharp,Free Agency,C,Rim Tyrant,https://www.2kratings.com/wp-content/uploads/Jamarion-Sharp-2K-Photo-1280x720.jpg,https://www.2kratings.com/jamarion-sharp,https://www.2kratings.com/wp-content/uploads/free-agency.svg,67,89,235,30,27,82,69,50,70,70,65,50,65,41,40,70,70,70,30,35,67,35,35,34,30,30,54,45,60,70,25,25,75,75,42,64,25,30
russell-westbrook,Russell Westbrook,Free Agency,PG|SG,Blow-By Finisher,https://www.2kratings.com/wp-content/uploads/Russell-Westbrook-2K-Photo-1280x720.jpg,https://www.2kratings.com/russell-westbrook,https://www.2kratings.com/wp-content/uploads/free-agency.svg,80,76,200,89,86,37,93,70,67,60,80,88,78,69,85,70,95,42,70,90,48,80,82,55,79,74,80,66,45,50,89,89,92,30,66,75,78,92
