id,slug,name,species_id,is_default,generation,legendary,mythical,types,abilities,height_dm,weight_hg,hp,atk,def,spa,spd,spe,bst
1,bulbasaur,Bulbasaur,1,True,generation-i,False,False,grass|poison,overgrow|chlorophyll,7,69,45,49,49,65,65,45,318
2,ivysaur,Ivysaur,2,True,generation-i,False,False,grass|poison,overgrow|chlorophyll,10,130,60,62,63,80,80,60,405
3,venusaur,Venusaur,3,True,generation-i,False,False,grass|poison,overgrow|chlorophyll,20,1000,80,82,83,100,100,80,525
4,charmander,Charmander,4,True,generation-i,False,False,fire,blaze|solar-power,6,85,39,52,43,60,50,65,309
5,charmeleon,Charmeleon,5,True,generation-i,False,False,fire,blaze|solar-power,11,190,58,64,58,80,65,80,405
6,charizard,Charizard,6,True,generation-i,False,False,fire|flying,blaze|solar-power,17,905,78,84,78,109,85,100,534
7,squirtle,Squirtle,7,True,generation-i,False,False,water,torrent|rain-dish,5,90,44,48,65,50,64,43,314
8,wartortle,Wartortle,8,True,generation-i,False,False,water,torrent|rain-dish,10,225,59,63,80,65,80,58,405
9,blastoise,Blastoise,9,True,generation-i,False,False,water,torrent|rain-dish,16,855,79,83,100,85,105,78,530
10,caterpie,Caterpie,10,True,generation-i,False,False,bug,shield-dust|run-away,3,29,45,30,35,20,20,45,195
11,metapod,Metapod,11,True,generation-i,False,False,bug,shed-skin,7,99,50,20,55,25,25,30,205
12,butterfree,Butterfree,12,True,generation-i,False,False,bug|flying,compound-eyes|tinted-lens,11,320,60,45,50,90,80,70,395
13,weedle,Weedle,13,True,generation-i,False,False,bug|poison,shield-dust|run-away,3,32,40,35,30,20,20,50,195
14,kakuna,Kakuna,14,True,generation-i,False,False,bug|poison,shed-skin,6,100,45,25,50,25,25,35,205
15,beedrill,Beedrill,15,True,generation-i,False,False,bug|poison,swarm|sniper,10,295,65,90,40,45,80,75,395
16,pidgey,Pidgey,16,True,generation-i,False,False,normal|flying,keen-eye|tangled-feet|big-pecks,3,18,40,45,40,35,35,56,251
17,pidgeotto,Pidgeotto,17,True,generation-i,False,False,normal|flying,keen-eye|tangled-feet|big-pecks,11,300,63,60,55,50,50,71,349
18,pidgeot,Pidgeot,18,True,generation-i,False,False,normal|flying,keen-eye|tangled-feet|big-pecks,15,395,83,80,75,70,70,101,479
19,rattata,Rattata,19,True,generation-i,False,False,normal,run-away|guts|hustle,3,35,30,56,35,25,35,72,253
20,raticate,Raticate,20,True,generation-i,False,False,normal,run-away|guts|hustle,7,185,55,81,60,50,70,97,413
21,spearow,Spearow,21,True,generation-i,False,False,normal|flying,keen-eye|sniper,3,20,40,60,30,31,31,70,262
22,fearow,Fearow,22,True,generation-i,False,False,normal|flying,keen-eye|sniper,12,380,65,90,65,61,61,100,442
23,ekans,Ekans,23,True,generation-i,False,False,poison,intimidate|shed-skin|unnerve,20,69,35,60,44,40,54,55,288
24,arbok,Arbok,24,True,generation-i,False,False,poison,intimidate|shed-skin|unnerve,35,650,60,95,69,65,79,80,448
25,pikachu,Pikachu,25,True,generation-i,False,False,electric,static|lightning-rod,4,60,35,55,40,50,50,90,320
26,raichu,Raichu,26,True,generation-i,False,False,electric,static|lightning-rod,8,300,60,90,55,90,80,110,485
27,sandshrew,Sandshrew,27,True,generation-i,False,False,ground,sand-veil|sand-rush,6,120,50,75,85,20,30,40,300
28,sandslash,Sandslash,28,True,generation-i,False,False,ground,sand-veil|sand-rush,10,295,75,100,110,45,55,65,450
29,nidoran-f,Nidoran♀,29,True,generation-i,False,False,poison,poison-point|rivalry|hustle,4,70,55,47,52,40,40,41,275
30,nidorina,Nidorina,30,True,generation-i,False,False,poison,poison-point|rivalry|hustle,8,200,70,62,67,55,55,56,365
31,nidoqueen,Nidoqueen,31,True,generation-i,False,False,poison|ground,poison-point|rivalry|sheer-force,13,600,90,92,87,75,85,76,505
32,nidoran-m,Nidoran♂,32,True,generation-i,False,False,poison,poison-point|rivalry|hustle,5,90,46,57,40,40,40,50,273
33,nidorino,Nidorino,33,True,generation-i,False,False,poison,poison-point|rivalry|hustle,9,195,61,72,57,55,55,65,365
34,nidoking,Nidoking,34,True,generation-i,False,False,poison|ground,poison-point|rivalry|sheer-force,14,620,81,102,77,85,75,85,505
35,clefairy,Clefairy,35,True,generation-i,False,False,fairy,cute-charm|magic-guard|friend-guard,6,75,70,45,48,60,65,35,323
36,clefable,Clefable,36,True,generation-i,False,False,fairy,cute-charm|magic-guard|unaware,13,400,95,70,73,95,90,60,483
37,vulpix,Vulpix,37,True,generation-i,False,False,fire,flash-fire|drought,6,99,38,41,40,50,65,65,299
38,ninetales,Ninetales,38,True,generation-i,False,False,fire,flash-fire|drought,11,199,73,76,75,81,100,100,505
39,jigglypuff,Jigglypuff,39,True,generation-i,False,False,normal|fairy,cute-charm|competitive|friend-guard,5,55,115,45,20,45,25,20,270
40,wigglytuff,Wigglytuff,40,True,generation-i,False,False,normal|fairy,cute-charm|competitive|frisk,10,120,140,70,45,85,50,45,435
41,zubat,Zubat,41,True,generation-i,False,False,poison|flying,inner-focus|infiltrator,8,75,40,45,35,30,40,55,245
42,golbat,Golbat,42,True,generation-i,False,False,poison|flying,inner-focus|infiltrator,16,550,75,80,70,65,75,90,455
43,oddish,Oddish,43,True,generation-i,False,False,grass|poison,chlorophyll|run-away,5,54,45,50,55,75,65,30,320
44,gloom,Gloom,44,True,generation-i,False,False,grass|poison,chlorophyll|stench,8,86,60,65,70,85,75,40,395
45,vileplume,Vileplume,45,True,generation-i,False,False,grass|poison,chlorophyll|effect-spore,12,186,75,80,85,110,90,50,490
46,paras,Paras,46,True,generation-i,False,False,bug|grass,effect-spore|dry-skin|damp,3,54,35,70,55,45,55,25,285
47,parasect,Parasect,47,True,generation-i,False,False,bug|grass,effect-spore|dry-skin|damp,10,295,60,95,80,60,80,30,405
48,venonat,Venonat,48,True,generation-i,False,False,bug|poison,compound-eyes|tinted-lens|run-away,10,300,60,55,50,40,55,45,305
49,venomoth,Venomoth,49,True,generation-i,False,False,bug|poison,shield-dust|tinted-lens|wonder-skin,15,125,70,65,60,90,75,90,450
50,diglett,Diglett,50,True,generation-i,False,False,ground,sand-veil|arena-trap|sand-force,2,8,10,55,25,35,45,95,265
51,dugtrio,Dugtrio,51,True,generation-i,False,False,ground,sand-veil|arena-trap|sand-force,7,333,35,100,50,50,70,120,425
52,meowth,Meowth,52,True,generation-i,False,False,normal,pickup|technician|unnerve,4,42,40,45,35,40,40,90,290
53,persian,Persian,53,True,generation-i,False,False,normal,limber|technician|unnerve,10,320,65,70,60,65,65,115,440
54,psyduck,Psyduck,54,True,generation-i,False,False,water,damp|cloud-nine|swift-swim,8,196,50,52,48,65,50,55,320
55,golduck,Golduck,55,True,generation-i,False,False,water,damp|cloud-nine|swift-swim,17,766,80,82,78,95,80,85,500
56,mankey,Mankey,56,True,generation-i,False,False,fighting,vital-spirit|anger-point|defiant,5,280,40,80,35,35,45,70,305
57,primeape,Primeape,57,True,generation-i,False,False,fighting,vital-spirit|anger-point|defiant,10,320,65,105,60,60,70,95,455
58,growlithe,Growlithe,58,True,generation-i,False,False,fire,intimidate|flash-fire|justified,7,190,55,70,45,70,50,60,350
59,arcanine,Arcanine,59,True,generation-i,False,False,fire,intimidate|flash-fire|justified,19,1550,90,110,80,100,80,95,555
60,poliwag,Poliwag,60,True,generation-i,False,False,water,water-absorb|damp|swift-swim,6,124,40,50,40,40,40,90,300
61,poliwhirl,Poliwhirl,61,True,generation-i,False,False,water,water-absorb|damp|swift-swim,10,200,65,65,65,50,50,90,385
62,poliwrath,Poliwrath,62,True,generation-i,False,False,water|fighting,water-absorb|damp|swift-swim,13,540,90,95,95,70,90,70,510
63,abra,Abra,63,True,generation-i,False,False,psychic,synchronize|inner-focus|magic-guard,9,195,25,20,15,105,55,90,310
64,kadabra,Kadabra,64,True,generation-i,False,False,psychic,synchronize|inner-focus|magic-guard,13,565,40,35,30,120,70,105,400
65,alakazam,Alakazam,65,True,generation-i,False,False,psychic,synchronize|inner-focus|magic-guard,15,480,55,50,45,135,95,120,500
66,machop,Machop,66,True,generation-i,False,False,fighting,guts|no-guard|steadfast,8,195,70,80,50,35,35,35,305
67,machoke,Machoke,67,True,generation-i,False,False,fighting,guts|no-guard|steadfast,15,705,80,100,70,50,60,45,405
68,machamp,Machamp,68,True,generation-i,False,False,fighting,guts|no-guard|steadfast,16,1300,90,130,80,65,85,55,505
69,bellsprout,Bellsprout,69,True,generation-i,False,False,grass|poison,chlorophyll|gluttony,7,40,50,75,35,70,30,40,300
70,weepinbell,Weepinbell,70,True,generation-i,False,False,grass|poison,chlorophyll|gluttony,10,64,65,90,50,85,45,55,390
71,victreebel,Victreebel,71,True,generation-i,False,False,grass|poison,chlorophyll|gluttony,17,155,80,105,65,100,70,70,490
72,tentacool,Tentacool,72,True,generation-i,False,False,water|poison,clear-body|liquid-ooze|rain-dish,9,455,40,40,35,50,100,70,335
73,tentacruel,Tentacruel,73,True,generation-i,False,False,water|poison,clear-body|liquid-ooze|rain-dish,16,550,80,70,65,80,120,100,515
74,geodude,Geodude,74,True,generation-i,False,False,rock|ground,rock-head|sturdy|sand-veil,4,200,40,80,100,30,30,20,300
75,graveler,Graveler,75,True,generation-i,False,False,rock|ground,rock-head|sturdy|sand-veil,10,1050,55,95,115,45,45,35,390
76,golem,Golem,76,True,generation-i,False,False,rock|ground,rock-head|sturdy|sand-veil,14,3000,80,120,130,55,65,45,495
77,ponyta,Ponyta,77,True,generation-i,False,False,fire,run-away|flash-fire|flame-body,10,300,50,85,55,65,65,90,410
78,rapidash,Rapidash,78,True,generation-i,False,False,fire,run-away|flash-fire|flame-body,17,950,65,100,70,80,80,105,500
79,slowpoke,Slowpoke,79,True,generation-i,False,False,water|psychic,oblivious|own-tempo|regenerator,12,360,90,65,65,40,40,15,315
80,slowbro,Slowbro,80,True,generation-i,False,False,water|psychic,oblivious|own-tempo|regenerator,16,785,95,75,110,100,80,30,490
81,magnemite,Magnemite,81,True,generation-i,False,False,electric|steel,magnet-pull|sturdy|analytic,3,60,25,35,70,95,55,45,325
82,magneton,Magneton,82,True,generation-i,False,False,electric|steel,magnet-pull|sturdy|analytic,10,600,50,60,95,120,70,70,465
83,farfetchd,Farfetch’d,83,True,generation-i,False,False,normal|flying,keen-eye|inner-focus|defiant,8,150,52,90,55,58,62,60,377
84,doduo,Doduo,84,True,generation-i,False,False,normal|flying,run-away|early-bird|tangled-feet,14,392,35,85,45,35,35,75,310
85,dodrio,Dodrio,85,True,generation-i,False,False,normal|flying,run-away|early-bird|tangled-feet,18,852,60,110,70,60,60,110,470
86,seel,Seel,86,True,generation-i,False,False,water,thick-fat|hydration|ice-body,11,900,65,45,55,45,70,45,325
87,dewgong,Dewgong,87,True,generation-i,False,False,water|ice,thick-fat|hydration|ice-body,17,1200,90,70,80,70,95,70,475
88,grimer,Grimer,88,True,generation-i,False,False,poison,stench|sticky-hold|poison-touch,9,300,80,80,50,40,50,25,325
89,muk,Muk,89,True,generation-i,False,False,poison,stench|sticky-hold|poison-touch,12,300,105,105,75,65,100,50,500
90,shellder,Shellder,90,True,generation-i,False,False,water,shell-armor|skill-link|overcoat,3,40,30,65,100,45,25,40,305
91,cloyster,Cloyster,91,True,generation-i,False,False,water|ice,shell-armor|skill-link|overcoat,15,1325,50,95,180,85,45,70,525
92,gastly,Gastly,92,True,generation-i,False,False,ghost|poison,levitate,13,1,30,35,30,100,35,80,310
93,haunter,Haunter,93,True,generation-i,False,False,ghost|poison,levitate,16,1,45,50,45,115,55,95,405
94,gengar,Gengar,94,True,generation-i,False,False,ghost|poison,cursed-body,15,405,60,65,60,130,75,110,500
95,onix,Onix,95,True,generation-i,False,False,rock|ground,rock-head|sturdy|weak-armor,88,2100,35,45,160,30,45,70,385
96,drowzee,Drowzee,96,True,generation-i,False,False,psychic,insomnia|forewarn|inner-focus,10,324,60,48,45,43,90,42,328
97,hypno,Hypno,97,True,generation-i,False,False,psychic,insomnia|forewarn|inner-focus,16,756,85,73,70,73,115,67,483
98,krabby,Krabby,98,True,generation-i,False,False,water,hyper-cutter|shell-armor|sheer-force,4,65,30,105,90,25,25,50,325
99,kingler,Kingler,99,True,generation-i,False,False,water,hyper-cutter|shell-armor|sheer-force,13,600,55,130,115,50,50,75,475
100,voltorb,Voltorb,100,True,generation-i,False,False,electric,soundproof|static|aftermath,5,104,40,30,50,55,55,100,330
101,electrode,Electrode,101,True,generation-i,False,False,electric,soundproof|static|aftermath,12,666,60,50,70,80,80,150,490
102,exeggcute,Exeggcute,102,True,generation-i,False,False,grass|psychic,chlorophyll|harvest,4,25,60,40,80,60,45,40,325
103,exeggutor,Exeggutor,103,True,generation-i,False,False,grass|psychic,chlorophyll|harvest,20,1200,95,95,85,125,75,55,530
104,cubone,Cubone,104,True,generation-i,False,False,ground,rock-head|lightning-rod|battle-armor,4,65,50,50,95,40,50,35,320
105,marowak,Marowak,105,True,generation-i,False,False,ground,rock-head|lightning-rod|battle-armor,10,450,60,80,110,50,80,45,425
106,hitmonlee,Hitmonlee,106,True,generation-i,False,False,fighting,limber|reckless|unburden,15,498,50,120,53,35,110,87,455
107,hitmonchan,Hitmonchan,107,True,generation-i,False,False,fighting,keen-eye|iron-fist|inner-focus,14,502,50,105,79,35,110,76,455
108,lickitung,Lickitung,108,True,generation-i,False,False,normal,own-tempo|oblivious|cloud-nine,12,655,90,55,75,60,75,30,385
109,koffing,Koffing,109,True,generation-i,False,False,poison,levitate|neutralizing-gas|stench,6,10,40,65,95,60,45,35,340
110,weezing,Weezing,110,True,generation-i,False,False,poison,levitate|neutralizing-gas|stench,12,95,65,90,120,85,70,60,490
111,rhyhorn,Rhyhorn,111,True,generation-i,False,False,ground|rock,lightning-rod|rock-head|reckless,10,1150,80,85,95,30,30,25,345
112,rhydon,Rhydon,112,True,generation-i,False,False,ground|rock,lightning-rod|rock-head|reckless,19,1200,105,130,120,45,45,40,485
113,chansey,Chansey,113,True,generation-i,False,False,normal,natural-cure|serene-grace|healer,11,346,250,5,5,35,105,50,450
114,tangela,Tangela,114,True,generation-i,False,False,grass,chlorophyll|leaf-guard|regenerator,10,350,65,55,115,100,40,60,435
115,kangaskhan,Kangaskhan,115,True,generation-i,False,False,normal,early-bird|scrappy|inner-focus,22,800,105,95,80,40,80,90,490
116,horsea,Horsea,116,True,generation-i,False,False,water,swift-swim|sniper|damp,4,80,30,40,70,70,25,60,295
117,seadra,Seadra,117,True,generation-i,False,False,water,poison-point|sniper|damp,12,250,55,65,95,95,45,85,440
118,goldeen,Goldeen,118,True,generation-i,False,False,water,swift-swim|water-veil|lightning-rod,6,150,45,67,60,35,50,63,320
119,seaking,Seaking,119,True,generation-i,False,False,water,swift-swim|water-veil|lightning-rod,13,390,80,92,65,65,80,68,450
120,staryu,Staryu,120,True,generation-i,False,False,water,illuminate|natural-cure|analytic,8,345,30,45,55,70,55,85,340
121,starmie,Starmie,121,True,generation-i,False,False,water|psychic,illuminate|natural-cure|analytic,11,800,60,75,85,100,85,115,520
122,mr-mime,Mr. Mime,122,True,generation-i,False,False,psychic|fairy,soundproof|filter|technician,13,545,40,45,65,100,120,90,460
123,scyther,Scyther,123,True,generation-i,False,False,bug|flying,swarm|technician|steadfast,15,560,70,110,80,55,80,105,500
124,jynx,Jynx,124,True,generation-i,False,False,ice|psychic,oblivious|forewarn|dry-skin,14,406,65,50,35,115,95,95,455
125,electabuzz,Electabuzz,125,True,generation-i,False,False,electric,static|vital-spirit,11,300,65,83,57,95,85,105,490
126,magmar,Magmar,126,True,generation-i,False,False,fire,flame-body|vital-spirit,13,445,65,95,57,100,85,93,495
127,pinsir,Pinsir,127,True,generation-i,False,False,bug,hyper-cutter|mold-breaker|moxie,15,550,65,125,100,55,70,85,500
128,tauros,Tauros,128,True,generation-i,False,False,normal,intimidate|anger-point|sheer-force,14,884,75,100,95,40,70,110,490
129,magikarp,Magikarp,129,True,generation-i,False,False,water,swift-swim|rattled,9,100,20,10,55,15,20,80,200
130,gyarados,Gyarados,130,True,generation-i,False,False,water|flying,intimidate|moxie,65,2350,95,125,79,60,100,81,540
131,lapras,Lapras,131,True,generation-i,False,False,water|ice,water-absorb|shell-armor|hydration,25,2200,130,85,80,85,95,60,535
132,ditto,Ditto,132,True,generation-i,False,False,normal,limber|imposter,3,40,48,48,48,48,48,48,288
133,eevee,Eevee,133,True,generation-i,False,False,normal,run-away|adaptability|anticipation,3,65,55,55,50,45,65,55,325
134,vaporeon,Vaporeon,134,True,generation-i,False,False,water,water-absorb|hydration,10,290,130,65,60,110,95,65,525
135,jolteon,Jolteon,135,True,generation-i,False,False,electric,volt-absorb|quick-feet,8,245,65,65,60,110,95,130,525
136,flareon,Flareon,136,True,generation-i,False,False,fire,flash-fire|guts,9,250,65,130,60,95,110,65,525
137,porygon,Porygon,137,True,generation-i,False,False,normal,trace|download|analytic,8,365,65,60,70,85,75,40,395
138,omanyte,Omanyte,138,True,generation-i,False,False,rock|water,swift-swim|shell-armor|weak-armor,4,75,35,40,100,90,55,35,355
139,omastar,Omastar,139,True,generation-i,False,False,rock|water,swift-swim|shell-armor|weak-armor,10,350,70,60,125,115,70,55,495
140,kabuto,Kabuto,140,True,generation-i,False,False,rock|water,swift-swim|battle-armor|weak-armor,5,115,30,80,90,55,45,55,355
141,kabutops,Kabutops,141,True,generation-i,False,False,rock|water,swift-swim|battle-armor|weak-armor,13,405,60,115,105,65,70,80,495
142,aerodactyl,Aerodactyl,142,True,generation-i,False,False,rock|flying,rock-head|pressure|unnerve,18,590,80,105,65,60,75,130,515
143,snorlax,Snorlax,143,True,generation-i,False,False,normal,immunity|thick-fat|gluttony,21,4600,160,110,65,65,110,30,540
144,articuno,Articuno,144,True,generation-i,True,False,ice|flying,pressure|snow-cloak,17,554,90,85,100,95,125,85,580
145,zapdos,Zapdos,145,True,generation-i,True,False,electric|flying,pressure|static,16,526,90,90,85,125,90,100,580
146,moltres,Moltres,146,True,generation-i,True,False,fire|flying,pressure|flame-body,20,600,90,100,90,125,85,90,580
147,dratini,Dratini,147,True,generation-i,False,False,dragon,shed-skin|marvel-scale,18,33,41,64,45,50,50,50,300
148,dragonair,Dragonair,148,True,generation-i,False,False,dragon,shed-skin|marvel-scale,40,165,61,84,65,70,70,70,420
149,dragonite,Dragonite,149,True,generation-i,False,False,dragon|flying,inner-focus|multiscale,22,2100,91,134,95,100,100,80,600
150,mewtwo,Mewtwo,150,True,generation-i,True,False,psychic,pressure|unnerve,20,1220,106,110,90,154,90,130,680
151,mew,Mew,151,True,generation-i,False,True,psychic,synchronize,4,40,100,100,100,100,100,100,600
152,chikorita,Chikorita,152,True,generation-ii,False,False,grass,overgrow|leaf-guard,9,64,45,49,65,49,65,45,318
153,bayleef,Bayleef,153,True,generation-ii,False,False,grass,overgrow|leaf-guard,12,158,60,62,80,63,80,60,405
154,meganium,Meganium,154,True,generation-ii,False,False,grass,overgrow|leaf-guard,18,1005,80,82,100,83,100,80,525
155,cyndaquil,Cyndaquil,155,True,generation-ii,False,False,fire,blaze|flash-fire,5,79,39,52,43,60,50,65,309
156,quilava,Quilava,156,True,generation-ii,False,False,fire,blaze|flash-fire,9,190,58,64,58,80,65,80,405
157,typhlosion,Typhlosion,157,True,generation-ii,False,False,fire,blaze|flash-fire,17,795,78,84,78,109,85,100,534
158,totodile,Totodile,158,True,generation-ii,False,False,water,torrent|sheer-force,6,95,50,65,64,44,48,43,314
159,croconaw,Croconaw,159,True,generation-ii,False,False,water,torrent|sheer-force,11,250,65,80,80,59,63,58,405
160,feraligatr,Feraligatr,160,True,generation-ii,False,False,water,torrent|sheer-force,23,888,85,105,100,79,83,78,530
161,sentret,Sentret,161,True,generation-ii,False,False,normal,run-away|keen-eye|frisk,8,60,35,46,34,35,45,20,215
162,furret,Furret,162,True,generation-ii,False,False,normal,run-away|keen-eye|frisk,18,325,85,76,64,45,55,90,415
163,hoothoot,Hoothoot,163,True,generation-ii,False,False,normal|flying,insomnia|keen-eye|tinted-lens,7,212,60,30,30,36,56,50,262
164,noctowl,Noctowl,164,True,generation-ii,False,False,normal|flying,insomnia|keen-eye|tinted-lens,16,408,100,50,50,86,96,70,452
165,ledyba,Ledyba,165,True,generation-ii,False,False,bug|flying,swarm|early-bird|rattled,10,108,40,20,30,40,80,55,265
166,ledian,Ledian,166,True,generation-ii,False,False,bug|flying,swarm|early-bird|iron-fist,14,356,55,35,50,55,110,85,390
167,spinarak,Spinarak,167,True,generation-ii,False,False,bug|poison,swarm|insomnia|sniper,5,85,40,60,40,40,40,30,250
168,ariados,Ariados,168,True,generation-ii,False,False,bug|poison,swarm|insomnia|sniper,11,335,70,90,70,60,70,40,400
169,crobat,Crobat,169,True,generation-ii,False,False,poison|flying,inner-focus|infiltrator,18,750,85,90,80,70,80,130,535
170,chinchou,Chinchou,170,True,generation-ii,False,False,water|electric,volt-absorb|illuminate|water-absorb,5,120,75,38,38,56,56,67,330
171,lanturn,Lanturn,171,True,generation-ii,False,False,water|electric,volt-absorb|illuminate|water-absorb,12,225,125,58,58,76,76,67,460
172,pichu,Pichu,172,True,generation-ii,False,False,electric,static|lightning-rod,3,20,20,40,15,35,35,60,205
173,cleffa,Cleffa,173,True,generation-ii,False,False,fairy,cute-charm|magic-guard|friend-guard,3,30,50,25,28,45,55,15,218
174,igglybuff,Igglybuff,174,True,generation-ii,False,False,normal|fairy,cute-charm|competitive|friend-guard,3,10,90,30,15,40,20,15,210
175,togepi,Togepi,175,True,generation-ii,False,False,fairy,hustle|serene-grace|super-luck,3,15,35,20,65,40,65,20,245
176,togetic,Togetic,176,True,generation-ii,False,False,fairy|flying,hustle|serene-grace|super-luck,6,32,55,40,85,80,105,40,405
177,natu,Natu,177,True,generation-ii,False,False,psychic|flying,synchronize|early-bird|magic-bounce,2,20,40,50,45,70,45,70,320
178,xatu,Xatu,178,True,generation-ii,False,False,psychic|flying,synchronize|early-bird|magic-bounce,15,150,65,75,70,95,70,95,470
179,mareep,Mareep,179,True,generation-ii,False,False,electric,static|plus,6,78,55,40,40,65,45,35,280
180,flaaffy,Flaaffy,180,True,generation-ii,False,False,electric,static|plus,8,133,70,55,55,80,60,45,365
181,ampharos,Ampharos,181,True,generation-ii,False,False,electric,static|plus,14,615,90,75,85,115,90,55,510
182,bellossom,Bellossom,182,True,generation-ii,False,False,grass,chlorophyll|healer,4,58,75,80,95,90,100,50,490
183,marill,Marill,183,True,generation-ii,False,False,water|fairy,thick-fat|huge-power|sap-sipper,4,85,70,20,50,20,50,40,250
184,azumarill,Azumarill,184,True,generation-ii,False,False,water|fairy,thick-fat|huge-power|sap-sipper,8,285,100,50,80,60,80,50,420
185,sudowoodo,Sudowoodo,185,True,generation-ii,False,False,rock,sturdy|rock-head|rattled,12,380,70,100,115,30,65,30,410
186,politoed,Politoed,186,True,generation-ii,False,False,water,water-absorb|damp|drizzle,11,339,90,75,75,90,100,70,500
187,hoppip,Hoppip,187,True,generation-ii,False,False,grass|flying,chlorophyll|leaf-guard|infiltrator,4,5,35,35,40,35,55,50,250
188,skiploom,Skiploom,188,True,generation-ii,False,False,grass|flying,chlorophyll|leaf-guard|infiltrator,6,10,55,45,50,45,65,80,340
189,jumpluff,Jumpluff,189,True,generation-ii,False,False,grass|flying,chlorophyll|leaf-guard|infiltrator,8,30,75,55,70,55,95,110,460
190,aipom,Aipom,190,True,generation-ii,False,False,normal,run-away|pickup|skill-link,8,115,55,70,55,40,55,85,360
191,sunkern,Sunkern,191,True,generation-ii,False,False,grass,chlorophyll|solar-power|early-bird,3,18,30,30,30,30,30,30,180
192,sunflora,Sunflora,192,True,generation-ii,False,False,grass,chlorophyll|solar-power|early-bird,8,85,75,75,55,105,85,30,425
193,yanma,Yanma,193,True,generation-ii,False,False,bug|flying,speed-boost|compound-eyes|frisk,12,380,65,65,45,75,45,95,390
194,wooper,Wooper,194,True,generation-ii,False,False,water|ground,damp|water-absorb|unaware,4,85,55,45,45,25,25,15,210
195,quagsire,Quagsire,195,True,generation-ii,False,False,water|ground,damp|water-absorb|unaware,14,750,95,85,85,65,65,35,430
196,espeon,Espeon,196,True,generation-ii,False,False,psychic,synchronize|magic-bounce,9,265,65,65,60,130,95,110,525
197,umbreon,Umbreon,197,True,generation-ii,False,False,dark,synchronize|inner-focus,10,270,95,65,110,60,130,65,525
198,murkrow,Murkrow,198,True,generation-ii,False,False,dark|flying,insomnia|super-luck|prankster,5,21,60,85,42,85,42,91,405
199,slowking,Slowking,199,True,generation-ii,False,False,water|psychic,oblivious|own-tempo|regenerator,20,795,95,75,80,100,110,30,490
200,misdreavus,Misdreavus,200,True,generation-ii,False,False,ghost,levitate,7,10,60,60,60,85,85,85,435
201,unown,Unown,201,True,generation-ii,False,False,psychic,levitate,5,50,48,72,48,72,48,48,336
202,wobbuffet,Wobbuffet,202,True,generation-ii,False,False,psychic,shadow-tag|telepathy,13,285,190,33,58,33,58,33,405
203,girafarig,Girafarig,203,True,generation-ii,False,False,normal|psychic,inner-focus|early-bird|sap-sipper,15,415,70,80,65,90,65,85,455
204,pineco,Pineco,204,True,generation-ii,False,False,bug,sturdy|overcoat,6,72,50,65,90,35,35,15,290
205,forretress,Forretress,205,True,generation-ii,False,False,bug|steel,sturdy|overcoat,12,1258,75,90,140,60,60,40,465
206,dunsparce,Dunsparce,206,True,generation-ii,False,False,normal,serene-grace|run-away|rattled,15,140,100,70,70,65,65,45,415
207,gligar,Gligar,207,True,generation-ii,False,False,ground|flying,hyper-cutter|sand-veil|immunity,11,648,65,75,105,35,65,85,430
208,steelix,Steelix,208,True,generation-ii,False,False,steel|ground,rock-head|sturdy|sheer-force,92,4000,75,85,200,55,65,30,510
209,snubbull,Snubbull,209,True,generation-ii,False,False,fairy,intimidate|run-away|rattled,6,78,60,80,50,40,40,30,300
210,granbull,Granbull,210,True,generation-ii,False,False,fairy,intimidate|quick-feet|rattled,14,487,90,120,75,60,60,45,450
211,qwilfish,Qwilfish,211,True,generation-ii,False,False,water|poison,poison-point|swift-swim|intimidate,5,39,65,95,85,55,55,85,440
212,scizor,Scizor,212,True,generation-ii,False,False,bug|steel,swarm|technician|light-metal,18,1180,70,130,100,55,80,65,500
213,shuckle,Shuckle,213,True,generation-ii,False,False,bug|rock,sturdy|gluttony|contrary,6,205,20,10,230,10,230,5,505
214,heracross,Heracross,214,True,generation-ii,False,False,bug|fighting,swarm|guts|moxie,15,540,80,125,75,40,95,85,500
215,sneasel,Sneasel,215,True,generation-ii,False,False,dark|ice,inner-focus|keen-eye|pickpocket,9,280,55,95,55,35,75,115,430
216,teddiursa,Teddiursa,216,True,generation-ii,False,False,normal,pickup|quick-feet|honey-gather,6,88,60,80,50,50,50,40,330
217,ursaring,Ursaring,217,True,generation-ii,False,False,normal,guts|quick-feet|unnerve,18,1258,90,130,75,75,75,55,500
218,slugma,Slugma,218,True,generation-ii,False,False,fire,magma-armor|flame-body|weak-armor,7,350,40,40,40,70,40,20,250
219,magcargo,Magcargo,219,True,generation-ii,False,False,fire|rock,magma-armor|flame-body|weak-armor,8,550,60,50,120,90,80,30,430
220,swinub,Swinub,220,True,generation-ii,False,False,ice|ground,oblivious|snow-cloak|thick-fat,4,65,50,50,40,30,30,50,250
221,piloswine,Piloswine,221,True,generation-ii,False,False,ice|ground,oblivious|snow-cloak|thick-fat,11,558,100,100,80,60,60,50,450
222,corsola,Corsola,222,True,generation-ii,False,False,water|rock,hustle|natural-cure|regenerator,6,50,65,55,95,65,95,35,410
223,remoraid,Remoraid,223,True,generation-ii,False,False,water,hustle|sniper|moody,6,120,35,65,35,65,35,65,300
224,octillery,Octillery,224,True,generation-ii,False,False,water,suction-cups|sniper|moody,9,285,75,105,75,105,75,45,480
225,delibird,Delibird,225,True,generation-ii,False,False,ice|flying,vital-spirit|hustle|insomnia,9,160,45,55,45,65,45,75,330
226,mantine,Mantine,226,True,generation-ii,False,False,water|flying,swift-swim|water-absorb|water-veil,21,2200,85,40,70,80,140,70,485
227,skarmory,Skarmory,227,True,generation-ii,False,False,steel|flying,keen-eye|sturdy|weak-armor,17,505,65,80,140,40,70,70,465
228,houndour,Houndour,228,True,generation-ii,False,False,dark|fire,early-bird|flash-fire|unnerve,6,108,45,60,30,80,50,65,330
229,houndoom,Houndoom,229,True,generation-ii,False,False,dark|fire,early-bird|flash-fire|unnerve,14,350,75,90,50,110,80,95,500
230,kingdra,Kingdra,230,True,generation-ii,False,False,water|dragon,swift-swim|sniper|damp,18,1520,75,95,95,95,95,85,540
231,phanpy,Phanpy,231,True,generation-ii,False,False,ground,pickup|sand-veil,5,335,90,60,60,40,40,40,330
232,donphan,Donphan,232,True,generation-ii,False,False,ground,sturdy|sand-veil,11,1200,90,120,120,60,60,50,500
233,porygon2,Porygon2,233,True,generation-ii,False,False,normal,trace|download|analytic,6,325,85,80,90,105,95,60,515
234,stantler,Stantler,234,True,generation-ii,False,False,normal,intimidate|frisk|sap-sipper,14,712,73,95,62,85,65,85,465
235,smeargle,Smeargle,235,True,generation-ii,False,False,normal,own-tempo|technician|moody,12,580,55,20,35,20,45,75,250
236,tyrogue,Tyrogue,236,True,generation-ii,False,False,fighting,guts|steadfast|vital-spirit,7,210,35,35,35,35,35,35,210
237,hitmontop,Hitmontop,237,True,generation-ii,False,False,fighting,intimidate|technician|steadfast,14,480,50,95,95,35,110,70,455
238,smoochum,Smoochum,238,True,generation-ii,False,False,ice|psychic,oblivious|forewarn|hydration,4,60,45,30,15,85,65,65,305
239,elekid,Elekid,239,True,generation-ii,False,False,electric,static|vital-spirit,6,235,45,63,37,65,55,95,360
240,magby,Magby,240,True,generation-ii,False,False,fire,flame-body|vital-spirit,7,214,45,75,37,70,55,83,365
241,miltank,Miltank,241,True,generation-ii,False,False,normal,thick-fat|scrappy|sap-sipper,12,755,95,80,105,40,70,100,490
242,blissey,Blissey,242,True,generation-ii,False,False,normal,natural-cure|serene-grace|healer,15,468,255,10,10,75,135,55,540
243,raikou,Raikou,243,True,generation-ii,True,False,electric,pressure|inner-focus,19,1780,90,85,75,115,100,115,580
244,entei,Entei,244,True,generation-ii,True,False,fire,pressure|inner-focus,21,1980,115,115,85,90,75,100,580
245,suicune,Suicune,245,True,generation-ii,True,False,water,pressure|inner-focus,20,1870,100,75,115,90,115,85,580
246,larvitar,Larvitar,246,True,generation-ii,False,False,rock|ground,guts|sand-veil,6,720,50,64,50,45,50,41,300
247,pupitar,Pupitar,247,True,generation-ii,False,False,rock|ground,shed-skin,12,1520,70,84,70,65,70,51,410
248,tyranitar,Tyranitar,248,True,generation-ii,False,False,rock|dark,sand-stream|unnerve,20,2020,100,134,110,95,100,61,600
249,lugia,Lugia,249,True,generation-ii,True,False,psychic|flying,pressure|multiscale,52,2160,106,90,130,90,154,110,680
250,ho-oh,Ho-Oh,250,True,generation-ii,True,False,fire|flying,pressure|regenerator,38,1990,106,130,90,110,154,90,680
251,celebi,Celebi,251,True,generation-ii,False,True,psychic|grass,natural-cure,6,50,100,100,100,100,100,100,600
252,treecko,Treecko,252,True,generation-iii,False,False,grass,overgrow|unburden,5,50,40,45,35,65,55,70,310
253,grovyle,Grovyle,253,True,generation-iii,False,False,grass,overgrow|unburden,9,216,50,65,45,85,65,95,405
254,sceptile,Sceptile,254,True,generation-iii,False,False,grass,overgrow|unburden,17,522,70,85,65,105,85,120,530
255,torchic,Torchic,255,True,generation-iii,False,False,fire,blaze|speed-boost,4,25,45,60,40,70,50,45,310
256,combusken,Combusken,256,True,generation-iii,False,False,fire|fighting,blaze|speed-boost,9,195,60,85,60,85,60,55,405
257,blaziken,Blaziken,257,True,generation-iii,False,False,fire|fighting,blaze|speed-boost,19,520,80,120,70,110,70,80,530
258,mudkip,Mudkip,258,True,generation-iii,False,False,water,torrent|damp,4,76,50,70,50,50,50,40,310
259,marshtomp,Marshtomp,259,True,generation-iii,False,False,water|ground,torrent|damp,7,280,70,85,70,60,70,50,405
260,swampert,Swampert,260,True,generation-iii,False,False,water|ground,torrent|damp,15,819,100,110,90,85,90,60,535
261,poochyena,Poochyena,261,True,generation-iii,False,False,dark,run-away|quick-feet|rattled,5,136,35,55,35,30,30,35,220
262,mightyena,Mightyena,262,True,generation-iii,False,False,dark,intimidate|quick-feet|moxie,10,370,70,90,70,60,60,70,420
263,zigzagoon,Zigzagoon,263,True,generation-iii,False,False,normal,pickup|gluttony|quick-feet,4,175,38,30,41,30,41,60,240
264,linoone,Linoone,264,True,generation-iii,False,False,normal,pickup|gluttony|quick-feet,5,325,78,70,61,50,61,100,420
265,wurmple,Wurmple,265,True,generation-iii,False,False,bug,shield-dust|run-away,3,36,45,45,35,20,30,20,195
266,silcoon,Silcoon,266,True,generation-iii,False,False,bug,shed-skin,6,100,50,35,55,25,25,15,205
267,beautifly,Beautifly,267,True,generation-iii,False,False,bug|flying,swarm|rivalry,10,284,60,70,50,100,50,65,395
268,cascoon,Cascoon,268,True,generation-iii,False,False,bug,shed-skin,7,115,50,35,55,25,25,15,205
269,dustox,Dustox,269,True,generation-iii,False,False,bug|poison,shield-dust|compound-eyes,12,316,60,50,70,50,90,65,385
270,lotad,Lotad,270,True,generation-iii,False,False,water|grass,swift-swim|rain-dish|own-tempo,5,26,40,30,30,40,50,30,220
271,lombre,Lombre,271,True,generation-iii,False,False,water|grass,swift-swim|rain-dish|own-tempo,12,325,60,50,50,60,70,50,340
272,ludicolo,Ludicolo,272,True,generation-iii,False,False,water|grass,swift-swim|rain-dish|own-tempo,15,550,80,70,70,90,100,70,480
273,seedot,Seedot,273,True,generation-iii,False,False,grass,chlorophyll|early-bird|pickpocket,5,40,40,40,50,30,30,30,220
274,nuzleaf,Nuzleaf,274,True,generation-iii,False,False,grass|dark,chlorophyll|early-bird|pickpocket,10,280,70,70,40,60,40,60,340
275,shiftry,Shiftry,275,True,generation-iii,False,False,grass|dark,chlorophyll|wind-rider|pickpocket,13,596,90,100,60,90,60,80,480
276,taillow,Taillow,276,True,generation-iii,False,False,normal|flying,guts|scrappy,3,23,40,55,30,30,30,85,270
277,swellow,Swellow,277,True,generation-iii,False,False,normal|flying,guts|scrappy,7,198,60,85,60,75,50,125,455
278,wingull,Wingull,278,True,generation-iii,False,False,water|flying,keen-eye|hydration|rain-dish,6,95,40,30,30,55,30,85,270
279,pelipper,Pelipper,279,True,generation-iii,False,False,water|flying,keen-eye|drizzle|rain-dish,12,280,60,50,100,95,70,65,440
280,ralts,Ralts,280,True,generation-iii,False,False,psychic|fairy,synchronize|trace|telepathy,4,66,28,25,25,45,35,40,198
281,kirlia,Kirlia,281,True,generation-iii,False,False,psychic|fairy,synchronize|trace|telepathy,8,202,38,35,35,65,55,50,278
282,gardevoir,Gardevoir,282,True,generation-iii,False,False,psychic|fairy,synchronize|trace|telepathy,16,484,68,65,65,125,115,80,518
283,surskit,Surskit,283,True,generation-iii,False,False,bug|water,swift-swim|rain-dish,5,17,40,30,32,50,52,65,269
284,masquerain,Masquerain,284,True,generation-iii,False,False,bug|flying,intimidate|unnerve,8,36,70,60,62,100,82,80,454
285,shroomish,Shroomish,285,True,generation-iii,False,False,grass,effect-spore|poison-heal|quick-feet,4,45,60,40,60,40,60,35,295
286,breloom,Breloom,286,True,generation-iii,False,False,grass|fighting,effect-spore|poison-heal|technician,12,392,60,130,80,60,60,70,460
287,slakoth,Slakoth,287,True,generation-iii,False,False,normal,truant,8,240,60,60,60,35,35,30,280
288,vigoroth,Vigoroth,288,True,generation-iii,False,False,normal,vital-spirit,14,465,80,80,80,55,55,90,440
289,slaking,Slaking,289,True,generation-iii,False,False,normal,truant,20,1305,150,160,100,95,65,100,670
290,nincada,Nincada,290,True,generation-iii,False,False,bug|ground,compound-eyes|run-away,5,55,31,45,90,30,30,40,266
291,ninjask,Ninjask,291,True,generation-iii,False,False,bug|flying,speed-boost|infiltrator,8,120,61,90,45,50,50,160,456
292,shedinja,Shedinja,292,True,generation-iii,False,False,bug|ghost,wonder-guard,8,12,1,90,45,30,30,40,236
293,whismur,Whismur,293,True,generation-iii,False,False,normal,soundproof|rattled,6,163,64,51,23,51,23,28,240
294,loudred,Loudred,294,True,generation-iii,False,False,normal,soundproof|scrappy,10,405,84,71,43,71,43,48,360
295,exploud,Exploud,295,True,generation-iii,False,False,normal,soundproof|scrappy,15,840,104,91,63,91,73,68,490
296,makuhita,Makuhita,296,True,generation-iii,False,False,fighting,thick-fat|guts|sheer-force,10,864,72,60,30,20,30,25,237
297,hariyama,Hariyama,297,True,generation-iii,False,False,fighting,thick-fat|guts|sheer-force,23,2538,144,120,60,40,60,50,474
298,azurill,Azurill,298,True,generation-iii,False,False,normal|fairy,thick-fat|huge-power|sap-sipper,2,20,50,20,40,20,40,20,190
299,nosepass,Nosepass,299,True,generation-iii,False,False,rock,sturdy|magnet-pull|sand-force,10,970,30,45,135,45,90,30,375
300,skitty,Skitty,300,True,generation-iii,False,False,normal,cute-charm|normalize|wonder-skin,6,110,50,45,45,35,35,50,260
301,delcatty,Delcatty,301,True,generation-iii,False,False,normal,cute-charm|normalize|wonder-skin,11,326,70,65,65,55,55,90,400
302,sableye,Sableye,302,True,generation-iii,False,False,dark|ghost,keen-eye|stall|prankster,5,110,50,75,75,65,65,50,380
303,mawile,Mawile,303,True,generation-iii,False,False,steel|fairy,hyper-cutter|intimidate|sheer-force,6,115,50,85,85,55,55,50,380
304,aron,Aron,304,True,generation-iii,False,False,steel|rock,sturdy|rock-head|heavy-metal,4,600,50,70,100,40,40,30,330
305,lairon,Lairon,305,True,generation-iii,False,False,steel|rock,sturdy|rock-head|heavy-metal,9,1200,60,90,140,50,50,40,430
306,aggron,Aggron,306,True,generation-iii,False,False,steel|rock,sturdy|rock-head|heavy-metal,21,3600,70,110,180,60,60,50,530
307,meditite,Meditite,307,True,generation-iii,False,False,fighting|psychic,pure-power|telepathy,6,112,30,40,55,40,55,60,280
308,medicham,Medicham,308,True,generation-iii,False,False,fighting|psychic,pure-power|telepathy,13,315,60,60,75,60,75,80,410
309,electrike,Electrike,309,True,generation-iii,False,False,electric,static|lightning-rod|minus,6,152,40,45,40,65,40,65,295
310,manectric,Manectric,310,True,generation-iii,False,False,electric,static|lightning-rod|minus,15,402,70,75,60,105,60,105,475
311,plusle,Plusle,311,True,generation-iii,False,False,electric,plus|lightning-rod,4,42,60,50,40,85,75,95,405
312,minun,Minun,312,True,generation-iii,False,False,electric,minus|volt-absorb,4,42,60,40,50,75,85,95,405
313,volbeat,Volbeat,313,True,generation-iii,False,False,bug,illuminate|swarm|prankster,7,177,65,73,75,47,85,85,430
314,illumise,Illumise,314,True,generation-iii,False,False,bug,oblivious|tinted-lens|prankster,6,177,65,47,75,73,85,85,430
315,roselia,Roselia,315,True,generation-iii,False,False,grass|poison,natural-cure|poison-point|leaf-guard,3,20,50,60,45,100,80,65,400
316,gulpin,Gulpin,316,True,generation-iii,False,False,poison,liquid-ooze|sticky-hold|gluttony,4,103,70,43,53,43,53,40,302
317,swalot,Swalot,317,True,generation-iii,False,False,poison,liquid-ooze|sticky-hold|gluttony,17,800,100,73,83,73,83,55,467
318,carvanha,Carvanha,318,True,generation-iii,False,False,water|dark,rough-skin|speed-boost,8,208,45,90,20,65,20,65,305
319,sharpedo,Sharpedo,319,True,generation-iii,False,False,water|dark,rough-skin|speed-boost,18,888,70,120,40,95,40,95,460
320,wailmer,Wailmer,320,True,generation-iii,False,False,water,water-veil|oblivious|pressure,20,1300,130,70,35,70,35,60,400
321,wailord,Wailord,321,True,generation-iii,False,False,water,water-veil|oblivious|pressure,145,3980,170,90,45,90,45,60,500
322,numel,Numel,322,True,generation-iii,False,False,fire|ground,oblivious|simple|own-tempo,7,240,60,60,40,65,45,35,305
323,camerupt,Camerupt,323,True,generation-iii,False,False,fire|ground,magma-armor|solid-rock|anger-point,19,2200,70,100,70,105,75,40,460
324,torkoal,Torkoal,324,True,generation-iii,False,False,fire,white-smoke|drought|shell-armor,5,804,70,85,140,85,70,20,470
325,spoink,Spoink,325,True,generation-iii,False,False,psychic,thick-fat|own-tempo|gluttony,7,306,60,25,35,70,80,60,330
326,grumpig,Grumpig,326,True,generation-iii,False,False,psychic,thick-fat|own-tempo|gluttony,9,715,80,45,65,90,110,80,470
327,spinda,Spinda,327,True,generation-iii,False,False,normal,own-tempo|tangled-feet|contrary,11,50,60,60,60,60,60,60,360
328,trapinch,Trapinch,328,True,generation-iii,False,False,ground,hyper-cutter|arena-trap|sheer-force,7,150,45,100,45,45,45,10,290
329,vibrava,Vibrava,329,True,generation-iii,False,False,ground|dragon,levitate,11,153,50,70,50,50,50,70,340
330,flygon,Flygon,330,True,generation-iii,False,False,ground|dragon,levitate,20,820,80,100,80,80,80,100,520
331,cacnea,Cacnea,331,True,generation-iii,False,False,grass,sand-veil|water-absorb,4,513,50,85,40,85,40,35,335
332,cacturne,Cacturne,332,True,generation-iii,False,False,grass|dark,sand-veil|water-absorb,13,774,70,115,60,115,60,55,475
333,swablu,Swablu,333,True,generation-iii,False,False,normal|flying,natural-cure|cloud-nine,4,12,45,40,60,40,75,50,310
334,altaria,Altaria,334,True,generation-iii,False,False,dragon|flying,natural-cure|cloud-nine,11,206,75,70,90,70,105,80,490
335,zangoose,Zangoose,335,True,generation-iii,False,False,normal,immunity|toxic-boost,13,403,73,115,60,60,60,90,458
336,seviper,Seviper,336,True,generation-iii,False,False,poison,shed-skin|infiltrator,27,525,73,100,60,100,60,65,458
337,lunatone,Lunatone,337,True,generation-iii,False,False,rock|psychic,levitate,10,1680,90,55,65,95,85,70,460
338,solrock,Solrock,338,True,generation-iii,False,False,rock|psychic,levitate,12,1540,90,95,85,55,65,70,460
339,barboach,Barboach,339,True,generation-iii,False,False,water|ground,oblivious|anticipation|hydration,4,19,50,48,43,46,41,60,288
340,whiscash,Whiscash,340,True,generation-iii,False,False,water|ground,oblivious|anticipation|hydration,9,236,110,78,73,76,71,60,468
341,corphish,Corphish,341,True,generation-iii,False,False,water,hyper-cutter|shell-armor|adaptability,6,115,43,80,65,50,35,35,308
342,crawdaunt,Crawdaunt,342,True,generation-iii,False,False,water|dark,hyper-cutter|shell-armor|adaptability,11,328,63,120,85,90,55,55,468
343,baltoy,Baltoy,343,True,generation-iii,False,False,ground|psychic,levitate,5,215,40,40,55,40,70,55,300
344,claydol,Claydol,344,True,generation-iii,False,False,ground|psychic,levitate,15,1080,60,70,105,70,120,75,500
345,lileep,Lileep,345,True,generation-iii,False,False,rock|grass,suction-cups|storm-drain,10,238,66,41,77,61,87,23,355
346,cradily,Cradily,346,True,generation-iii,False,False,rock|grass,suction-cups|storm-drain,15,604,86,81,97,81,107,43,495
347,anorith,Anorith,347,True,generation-iii,False,False,rock|bug,battle-armor|swift-swim,7,125,45,95,50,40,50,75,355
348,armaldo,Armaldo,348,True,generation-iii,False,False,rock|bug,battle-armor|swift-swim,15,682,75,125,100,70,80,45,495
349,feebas,Feebas,349,True,generation-iii,False,False,water,swift-swim|oblivious|adaptability,6,74,20,15,20,10,55,80,200
350,milotic,Milotic,350,True,generation-iii,False,False,water,marvel-scale|competitive|cute-charm,62,1620,95,60,79,100,125,81,540
351,castform,Castform,351,True,generation-iii,False,False,normal,forecast,3,8,70,70,70,70,70,70,420
352,kecleon,Kecleon,352,True,generation-iii,False,False,normal,color-change|protean,10,220,60,90,70,60,120,40,440
353,shuppet,Shuppet,353,True,generation-iii,False,False,ghost,insomnia|frisk|cursed-body,6,23,44,75,35,63,33,45,295
354,banette,Banette,354,True,generation-iii,False,False,ghost,insomnia|frisk|cursed-body,11,125,64,115,65,83,63,65,455
355,duskull,Duskull,355,True,generation-iii,False,False,ghost,levitate|frisk,8,150,20,40,90,30,90,25,295
356,dusclops,Dusclops,356,True,generation-iii,False,False,ghost,pressure|frisk,16,306,40,70,130,60,130,25,455
357,tropius,Tropius,357,True,generation-iii,False,False,grass|flying,chlorophyll|solar-power|harvest,20,1000,99,68,83,72,87,51,460
358,chimecho,Chimecho,358,True,generation-iii,False,False,psychic,levitate,6,10,75,50,80,95,90,65,455
359,absol,Absol,359,True,generation-iii,False,False,dark,pressure|super-luck|justified,12,470,65,130,60,75,60,75,465
360,wynaut,Wynaut,360,True,generation-iii,False,False,psychic,shadow-tag|telepathy,6,140,95,23,48,23,48,23,260
361,snorunt,Snorunt,361,True,generation-iii,False,False,ice,inner-focus|ice-body|moody,7,168,50,50,50,50,50,50,300
362,glalie,Glalie,362,True,generation-iii,False,False,ice,inner-focus|ice-body|moody,15,2565,80,80,80,80,80,80,480
363,spheal,Spheal,363,True,generation-iii,False,False,ice|water,thick-fat|ice-body|oblivious,8,395,70,40,50,55,50,25,290
364,sealeo,Sealeo,364,True,generation-iii,False,False,ice|water,thick-fat|ice-body|oblivious,11,876,90,60,70,75,70,45,410
365,walrein,Walrein,365,True,generation-iii,False,False,ice|water,thick-fat|ice-body|oblivious,14,1506,110,80,90,95,90,65,530
366,clamperl,Clamperl,366,True,generation-iii,False,False,water,shell-armor|rattled,4,525,35,64,85,74,55,32,345
367,huntail,Huntail,367,True,generation-iii,False,False,water,swift-swim|water-veil,17,270,55,104,105,94,75,52,485
368,gorebyss,Gorebyss,368,True,generation-iii,False,False,water,swift-swim|hydration,18,226,55,84,105,114,75,52,485
369,relicanth,Relicanth,369,True,generation-iii,False,False,water|rock,swift-swim|rock-head|sturdy,10,234,100,90,130,45,65,55,485
370,luvdisc,Luvdisc,370,True,generation-iii,False,False,water,swift-swim|hydration,6,87,43,30,55,40,65,97,330
371,bagon,Bagon,371,True,generation-iii,False,False,dragon,rock-head|sheer-force,6,421,45,75,60,40,30,50,300
372,shelgon,Shelgon,372,True,generation-iii,False,False,dragon,rock-head|overcoat,11,1105,65,95,100,60,50,50,420
373,salamence,Salamence,373,True,generation-iii,False,False,dragon|flying,intimidate|moxie,15,1026,95,135,80,110,80,100,600
374,beldum,Beldum,374,True,generation-iii,False,False,steel|psychic,clear-body|light-metal,6,952,40,55,80,35,60,30,300
375,metang,Metang,375,True,generation-iii,False,False,steel|psychic,clear-body|light-metal,12,2025,60,75,100,55,80,50,420
376,metagross,Metagross,376,True,generation-iii,False,False,steel|psychic,clear-body|light-metal,16,5500,80,135,130,95,90,70,600
377,regirock,Regirock,377,True,generation-iii,True,False,rock,clear-body|sturdy,17,2300,80,100,200,50,100,50,580
378,regice,Regice,378,True,generation-iii,True,False,ice,clear-body|ice-body,18,1750,80,50,100,100,200,50,580
379,registeel,Registeel,379,True,generation-iii,True,False,steel,clear-body|light-metal,19,2050,80,75,150,75,150,50,580
380,latias,Latias,380,True,generation-iii,True,False,dragon|psychic,levitate,14,400,80,80,90,110,130,110,600
381,latios,Latios,381,True,generation-iii,True,False,dragon|psychic,levitate,20,600,80,90,80,130,110,110,600
382,kyogre,Kyogre,382,True,generation-iii,True,False,water,drizzle,45,3520,100,100,90,150,140,90,670
383,groudon,Groudon,383,True,generation-iii,True,False,ground,drought,35,9500,100,150,140,100,90,90,670
384,rayquaza,Rayquaza,384,True,generation-iii,True,False,dragon|flying,air-lock,70,2065,105,150,90,150,90,95,680
385,jirachi,Jirachi,385,True,generation-iii,False,True,steel|psychic,serene-grace,3,11,100,100,100,100,100,100,600
386,deoxys-normal,Deoxys,386,True,generation-iii,False,True,psychic,pressure,17,608,50,150,50,150,50,150,600
387,turtwig,Turtwig,387,True,generation-iv,False,False,grass,overgrow|shell-armor,4,102,55,68,64,45,55,31,318
388,grotle,Grotle,388,True,generation-iv,False,False,grass,overgrow|shell-armor,11,970,75,89,85,55,65,36,405
389,torterra,Torterra,389,True,generation-iv,False,False,grass|ground,overgrow|shell-armor,22,3100,95,109,105,75,85,56,525
390,chimchar,Chimchar,390,True,generation-iv,False,False,fire,blaze|iron-fist,5,62,44,58,44,58,44,61,309
391,monferno,Monferno,391,True,generation-iv,False,False,fire|fighting,blaze|iron-fist,9,220,64,78,52,78,52,81,405
392,infernape,Infernape,392,True,generation-iv,False,False,fire|fighting,blaze|iron-fist,12,550,76,104,71,104,71,108,534
393,piplup,Piplup,393,True,generation-iv,False,False,water,torrent|competitive,4,52,53,51,53,61,56,40,314
394,prinplup,Prinplup,394,True,generation-iv,False,False,water,torrent|competitive,8,230,64,66,68,81,76,50,405
395,empoleon,Empoleon,395,True,generation-iv,False,False,water|steel,torrent|competitive,17,845,84,86,88,111,101,60,530
396,starly,Starly,396,True,generation-iv,False,False,normal|flying,keen-eye|reckless,3,20,40,55,30,30,30,60,245
397,staravia,Staravia,397,True,generation-iv,False,False,normal|flying,intimidate|reckless,6,155,55,75,50,40,40,80,340
398,staraptor,Staraptor,398,True,generation-iv,False,False,normal|flying,intimidate|reckless,12,249,85,120,70,50,60,100,485
399,bidoof,Bidoof,399,True,generation-iv,False,False,normal,simple|unaware|moody,5,200,59,45,40,35,40,31,250
400,bibarel,Bibarel,400,True,generation-iv,False,False,normal|water,simple|unaware|moody,10,315,79,85,60,55,60,71,410
401,kricketot,Kricketot,401,True,generation-iv,False,False,bug,shed-skin|run-away,3,22,37,25,41,25,41,25,194
402,kricketune,Kricketune,402,True,generation-iv,False,False,bug,swarm|technician,10,255,77,85,51,55,51,65,384
403,shinx,Shinx,403,True,generation-iv,False,False,electric,rivalry|intimidate|guts,5,95,45,65,34,40,34,45,263
404,luxio,Luxio,404,True,generation-iv,False,False,electric,rivalry|intimidate|guts,9,305,60,85,49,60,49,60,363
405,luxray,Luxray,405,True,generation-iv,False,False,electric,rivalry|intimidate|guts,14,420,80,120,79,95,79,70,523
406,budew,Budew,406,True,generation-iv,False,False,grass|poison,natural-cure|poison-point|leaf-guard,2,12,40,30,35,50,70,55,280
407,roserade,Roserade,407,True,generation-iv,False,False,grass|poison,natural-cure|poison-point|technician,9,145,60,70,65,125,105,90,515
408,cranidos,Cranidos,408,True,generation-iv,False,False,rock,mold-breaker|sheer-force,9,315,67,125,40,30,30,58,350
409,rampardos,Rampardos,409,True,generation-iv,False,False,rock,mold-breaker|sheer-force,16,1025,97,165,60,65,50,58,495
410,shieldon,Shieldon,410,True,generation-iv,False,False,rock|steel,sturdy|soundproof,5,570,30,42,118,42,88,30,350
411,bastiodon,Bastiodon,411,True,generation-iv,False,False,rock|steel,sturdy|soundproof,13,1495,60,52,168,47,138,30,495
412,burmy,Burmy,412,True,generation-iv,False,False,bug,shed-skin|overcoat,2,34,40,29,45,29,45,36,224
413,wormadam-plant,Wormadam,413,True,generation-iv,False,False,bug|grass,anticipation|overcoat,5,65,60,59,85,79,105,36,424
414,mothim,Mothim,414,True,generation-iv,False,False,bug|flying,swarm|tinted-lens,9,233,70,94,50,94,50,66,424
415,combee,Combee,415,True,generation-iv,False,False,bug|flying,honey-gather|hustle,3,55,30,30,42,30,42,70,244
416,vespiquen,Vespiquen,416,True,generation-iv,False,False,bug|flying,pressure|unnerve,12,385,70,80,102,80,102,40,474
417,pachirisu,Pachirisu,417,True,generation-iv,False,False,electric,run-away|pickup|volt-absorb,4,39,60,45,70,45,90,95,405
418,buizel,Buizel,418,True,generation-iv,False,False,water,swift-swim|water-veil,7,295,55,65,35,60,30,85,330
419,floatzel,Floatzel,419,True,generation-iv,False,False,water,swift-swim|water-veil,11,335,85,105,55,85,50,115,495
420,cherubi,Cherubi,420,True,generation-iv,False,False,grass,chlorophyll,4,33,45,35,45,62,53,35,275
421,cherrim,Cherrim,421,True,generation-iv,False,False,grass,flower-gift,5,93,70,60,70,87,78,85,450
422,shellos,Shellos,422,True,generation-iv,False,False,water,sticky-hold|storm-drain|sand-force,3,63,76,48,48,57,62,34,325
423,gastrodon,Gastrodon,423,True,generation-iv,False,False,water|ground,sticky-hold|storm-drain|sand-force,9,299,111,83,68,92,82,39,475
424,ambipom,Ambipom,424,True,generation-iv,False,False,normal,technician|pickup|skill-link,12,203,75,100,66,60,66,115,482
425,drifloon,Drifloon,425,True,generation-iv,False,False,ghost|flying,aftermath|unburden|flare-boost,4,12,90,50,34,60,44,70,348
426,drifblim,Drifblim,426,True,generation-iv,False,False,ghost|flying,aftermath|unburden|flare-boost,12,150,150,80,44,90,54,80,498
427,buneary,Buneary,427,True,generation-iv,False,False,normal,run-away|klutz|limber,4,55,55,66,44,44,56,85,350
428,lopunny,Lopunny,428,True,generation-iv,False,False,normal,cute-charm|klutz|limber,12,333,65,76,84,54,96,105,480
429,mismagius,Mismagius,429,True,generation-iv,False,False,ghost,levitate,9,44,60,60,60,105,105,105,495
430,honchkrow,Honchkrow,430,True,generation-iv,False,False,dark|flying,insomnia|super-luck|moxie,9,273,100,125,52,105,52,71,505
431,glameow,Glameow,431,True,generation-iv,False,False,normal,limber|own-tempo|keen-eye,5,39,49,55,42,42,37,85,310
432,purugly,Purugly,432,True,generation-iv,False,False,normal,thick-fat|own-tempo|defiant,10,438,71,82,64,64,59,112,452
433,chingling,Chingling,433,True,generation-iv,False,False,psychic,levitate,2,6,45,30,50,65,50,45,285
434,stunky,Stunky,434,True,generation-iv,False,False,poison|dark,stench|aftermath|keen-eye,4,192,63,63,47,41,41,74,329
435,skuntank,Skuntank,435,True,generation-iv,False,False,poison|dark,stench|aftermath|keen-eye,10,380,103,93,67,71,61,84,479
436,bronzor,Bronzor,436,True,generation-iv,False,False,steel|psychic,levitate|heatproof|heavy-metal,5,605,57,24,86,24,86,23,300
437,bronzong,Bronzong,437,True,generation-iv,False,False,steel|psychic,levitate|heatproof|heavy-metal,13,1870,67,89,116,79,116,33,500
438,bonsly,Bonsly,438,True,generation-iv,False,False,rock,sturdy|rock-head|rattled,5,150,50,80,95,10,45,10,290
439,mime-jr,Mime Jr.,439,True,generation-iv,False,False,psychic|fairy,soundproof|filter|technician,6,130,20,25,45,70,90,60,310
440,happiny,Happiny,440,True,generation-iv,False,False,normal,natural-cure|serene-grace|friend-guard,6,244,100,5,5,15,65,30,220
441,chatot,Chatot,441,True,generation-iv,False,False,normal|flying,keen-eye|tangled-feet|big-pecks,5,19,76,65,45,92,42,91,411
442,spiritomb,Spiritomb,442,True,generation-iv,False,False,ghost|dark,pressure|infiltrator,10,1080,50,92,108,92,108,35,485
443,gible,Gible,443,True,generation-iv,False,False,dragon|ground,sand-veil|rough-skin,7,205,58,70,45,40,45,42,300
444,gabite,Gabite,444,True,generation-iv,False,False,dragon|ground,sand-veil|rough-skin,14,560,68,90,65,50,55,82,410
445,garchomp,Garchomp,445,True,generation-iv,False,False,dragon|ground,sand-veil|rough-skin,19,950,108,130,95,80,85,102,600
446,munchlax,Munchlax,446,True,generation-iv,False,False,normal,pickup|thick-fat|gluttony,6,1050,135,85,40,40,85,5,390
447,riolu,Riolu,447,True,generation-iv,False,False,fighting,steadfast|inner-focus|prankster,7,202,40,70,40,35,40,60,285
448,lucario,Lucario,448,True,generation-iv,False,False,fighting|steel,steadfast|inner-focus|justified,12,540,70,110,70,115,70,90,525
449,hippopotas,Hippopotas,449,True,generation-iv,False,False,ground,sand-stream|sand-force,8,495,68,72,78,38,42,32,330
450,hippowdon,Hippowdon,450,True,generation-iv,False,False,ground,sand-stream|sand-force,20,3000,108,112,118,68,72,47,525
451,skorupi,Skorupi,451,True,generation-iv,False,False,poison|bug,battle-armor|sniper|keen-eye,8,120,40,50,90,30,55,65,330
452,drapion,Drapion,452,True,generation-iv,False,False,poison|dark,battle-armor|sniper|keen-eye,13,615,70,90,110,60,75,95,500
453,croagunk,Croagunk,453,True,generation-iv,False,False,poison|fighting,anticipation|dry-skin|poison-touch,7,230,48,61,40,61,40,50,300
454,toxicroak,Toxicroak,454,True,generation-iv,False,False,poison|fighting,anticipation|dry-skin|poison-touch,13,444,83,106,65,86,65,85,490
455,carnivine,Carnivine,455,True,generation-iv,False,False,grass,levitate,14,270,74,100,72,90,72,46,454
456,finneon,Finneon,456,True,generation-iv,False,False,water,swift-swim|storm-drain|water-veil,4,70,49,49,56,49,61,66,330
457,lumineon,Lumineon,457,True,generation-iv,False,False,water,swift-swim|storm-drain|water-veil,12,240,69,69,76,69,86,91,460
458,mantyke,Mantyke,458,True,generation-iv,False,False,water|flying,swift-swim|water-absorb|water-veil,10,650,45,20,50,60,120,50,345
459,snover,Snover,459,True,generation-iv,False,False,grass|ice,snow-warning|soundproof,10,505,60,62,50,62,60,40,334
460,abomasnow,Abomasnow,460,True,generation-iv,False,False,grass|ice,snow-warning|soundproof,22,1355,90,92,75,92,85,60,494
461,weavile,Weavile,461,True,generation-iv,False,False,dark|ice,pressure|pickpocket,11,340,70,120,65,45,85,125,510
462,magnezone,Magnezone,462,True,generation-iv,False,False,electric|steel,magnet-pull|sturdy|analytic,12,1800,70,70,115,130,90,60,535
463,lickilicky,Lickilicky,463,True,generation-iv,False,False,normal,own-tempo|oblivious|cloud-nine,17,1400,110,85,95,80,95,50,515
464,rhyperior,Rhyperior,464,True,generation-iv,False,False,ground|rock,lightning-rod|solid-rock|reckless,24,2828,115,140,130,55,55,40,535
465,tangrowth,Tangrowth,465,True,generation-iv,False,False,grass,chlorophyll|leaf-guard|regenerator,20,1286,100,100,125,110,50,50,535
466,electivire,Electivire,466,True,generation-iv,False,False,electric,motor-drive|vital-spirit,18,1386,75,123,67,95,85,95,540
467,magmortar,Magmortar,467,True,generation-iv,False,False,fire,flame-body|vital-spirit,16,680,75,95,67,125,95,83,540
468,togekiss,Togekiss,468,True,generation-iv,False,False,fairy|flying,hustle|serene-grace|super-luck,15,380,85,50,95,120,115,80,545
469,yanmega,Yanmega,469,True,generation-iv,False,False,bug|flying,speed-boost|tinted-lens|frisk,19,515,86,76,86,116,56,95,515
470,leafeon,Leafeon,470,True,generation-iv,False,False,grass,leaf-guard|chlorophyll,10,255,65,110,130,60,65,95,525
471,glaceon,Glaceon,471,True,generation-iv,False,False,ice,snow-cloak|ice-body,8,259,65,60,110,130,95,65,525
472,gliscor,Gliscor,472,True,generation-iv,False,False,ground|flying,hyper-cutter|sand-veil|poison-heal,20,425,75,95,125,45,75,95,510
473,mamoswine,Mamoswine,473,True,generation-iv,False,False,ice|ground,oblivious|snow-cloak|thick-fat,25,2910,110,130,80,70,60,80,530
474,porygon-z,Porygon-Z,474,True,generation-iv,False,False,normal,adaptability|download|analytic,9,340,85,80,70,135,75,90,535
475,gallade,Gallade,475,True,generation-iv,False,False,psychic|fighting,steadfast|sharpness|justified,16,520,68,125,65,65,115,80,518
476,probopass,Probopass,476,True,generation-iv,False,False,rock|steel,sturdy|magnet-pull|sand-force,14,3400,60,55,145,75,150,40,525
477,dusknoir,Dusknoir,477,True,generation-iv,False,False,ghost,pressure|frisk,22,1066,45,100,135,65,135,45,525
478,froslass,Froslass,478,True,generation-iv,False,False,ice|ghost,snow-cloak|cursed-body,13,266,70,80,70,80,70,110,480
479,rotom,Rotom,479,True,generation-iv,False,False,electric|ghost,levitate,3,3,50,50,77,95,77,91,440
480,uxie,Uxie,480,True,generation-iv,True,False,psychic,levitate,3,3,75,75,130,75,130,95,580
481,mesprit,Mesprit,481,True,generation-iv,True,False,psychic,levitate,3,3,80,105,105,105,105,80,580
482,azelf,Azelf,482,True,generation-iv,True,False,psychic,levitate,3,3,75,125,70,125,70,115,580
483,dialga,Dialga,483,True,generation-iv,True,False,steel|dragon,pressure|telepathy,54,6830,100,120,120,150,100,90,680
484,palkia,Palkia,484,True,generation-iv,True,False,water|dragon,pressure|telepathy,42,3360,90,120,100,150,120,100,680
485,heatran,Heatran,485,True,generation-iv,True,False,fire|steel,flash-fire|flame-body,17,4300,91,90,106,130,106,77,600
486,regigigas,Regigigas,486,True,generation-iv,True,False,normal,slow-start,37,4200,110,160,110,80,110,100,670
487,giratina-altered,Giratina,487,True,generation-iv,True,False,ghost|dragon,pressure|telepathy,45,7500,150,100,120,100,120,90,680
488,cresselia,Cresselia,488,True,generation-iv,True,False,psychic,levitate,15,856,120,70,110,75,120,85,580
489,phione,Phione,489,True,generation-iv,False,True,water,hydration,4,31,80,80,80,80,80,80,480
490,manaphy,Manaphy,490,True,generation-iv,False,True,water,hydration,3,14,100,100,100,100,100,100,600
491,darkrai,Darkrai,491,True,generation-iv,False,True,dark,bad-dreams,15,505,70,90,90,135,90,125,600
492,shaymin-land,Shaymin,492,True,generation-iv,False,True,grass,natural-cure,2,21,100,100,100,100,100,100,600
493,arceus,Arceus,493,True,generation-iv,False,True,normal,multitype,32,3200,120,120,120,120,120,120,720
494,victini,Victini,494,True,generation-v,False,True,psychic|fire,victory-star,4,40,100,100,100,100,100,100,600
495,snivy,Snivy,495,True,generation-v,False,False,grass,overgrow|contrary,6,81,45,45,55,45,55,63,308
496,servine,Servine,496,True,generation-v,False,False,grass,overgrow|contrary,8,160,60,60,75,60,75,83,413
497,serperior,Serperior,497,True,generation-v,False,False,grass,overgrow|contrary,33,630,75,75,95,75,95,113,528
498,tepig,Tepig,498,True,generation-v,False,False,fire,blaze|thick-fat,5,99,65,63,45,45,45,45,308
499,pignite,Pignite,499,True,generation-v,False,False,fire|fighting,blaze|thick-fat,10,555,90,93,55,70,55,55,418
500,emboar,Emboar,500,True,generation-v,False,False,fire|fighting,blaze|reckless,16,1500,110,123,65,100,65,65,528
501,oshawott,Oshawott,501,True,generation-v,False,False,water,torrent|shell-armor,5,59,55,55,45,63,45,45,308
502,dewott,Dewott,502,True,generation-v,False,False,water,torrent|shell-armor,8,245,75,75,60,83,60,60,413
503,samurott,Samurott,503,True,generation-v,False,False,water,torrent|shell-armor,15,946,95,100,85,108,70,70,528
504,patrat,Patrat,504,True,generation-v,False,False,normal,run-away|keen-eye|analytic,5,116,45,55,39,35,39,42,255
505,watchog,Watchog,505,True,generation-v,False,False,normal,illuminate|keen-eye|analytic,11,270,60,85,69,60,69,77,420
506,lillipup,Lillipup,506,True,generation-v,False,False,normal,vital-spirit|pickup|run-away,4,41,45,60,45,25,45,55,275
507,herdier,Herdier,507,True,generation-v,False,False,normal,intimidate|sand-rush|scrappy,9,147,65,80,65,35,65,60,370
508,stoutland,Stoutland,508,True,generation-v,False,False,normal,intimidate|sand-rush|scrappy,12,610,85,110,90,45,90,80,500
509,purrloin,Purrloin,509,True,generation-v,False,False,dark,limber|unburden|prankster,4,101,41,50,37,50,37,66,281
510,liepard,Liepard,510,True,generation-v,False,False,dark,limber|unburden|prankster,11,375,64,88,50,88,50,106,446
511,pansage,Pansage,511,True,generation-v,False,False,grass,gluttony|overgrow,6,105,50,53,48,53,48,64,316
512,simisage,Simisage,512,True,generation-v,False,False,grass,gluttony|overgrow,11,305,75,98,63,98,63,101,498
513,pansear,Pansear,513,True,generation-v,False,False,fire,gluttony|blaze,6,110,50,53,48,53,48,64,316
514,simisear,Simisear,514,True,generation-v,False,False,fire,gluttony|blaze,10,280,75,98,63,98,63,101,498
515,panpour,Panpour,515,True,generation-v,False,False,water,gluttony|torrent,6,135,50,53,48,53,48,64,316
516,simipour,Simipour,516,True,generation-v,False,False,water,gluttony|torrent,10,290,75,98,63,98,63,101,498
517,munna,Munna,517,True,generation-v,False,False,psychic,forewarn|synchronize|telepathy,6,233,76,25,45,67,55,24,292
518,musharna,Musharna,518,True,generation-v,False,False,psychic,forewarn|synchronize|telepathy,11,605,116,55,85,107,95,29,487
519,pidove,Pidove,519,True,generation-v,False,False,normal|flying,big-pecks|super-luck|rivalry,3,21,50,55,50,36,30,43,264
520,tranquill,Tranquill,520,True,generation-v,False,False,normal|flying,big-pecks|super-luck|rivalry,6,150,62,77,62,50,42,65,358
521,unfezant,Unfezant,521,True,generation-v,False,False,normal|flying,big-pecks|super-luck|rivalry,12,290,80,115,80,65,55,93,488
522,blitzle,Blitzle,522,True,generation-v,False,False,electric,lightning-rod|motor-drive|sap-sipper,8,298,45,60,32,50,32,76,295
523,zebstrika,Zebstrika,523,True,generation-v,False,False,electric,lightning-rod|motor-drive|sap-sipper,16,795,75,100,63,80,63,116,497
524,roggenrola,Roggenrola,524,True,generation-v,False,False,rock,sturdy|weak-armor|sand-force,4,180,55,75,85,25,25,15,280
525,boldore,Boldore,525,True,generation-v,False,False,rock,sturdy|weak-armor|sand-force,9,1020,70,105,105,50,40,20,390
526,gigalith,Gigalith,526,True,generation-v,False,False,rock,sturdy|sand-stream|sand-force,17,2600,85,135,130,60,80,25,515
527,woobat,Woobat,527,True,generation-v,False,False,psychic|flying,unaware|klutz|simple,4,21,65,45,43,55,43,72,323
528,swoobat,Swoobat,528,True,generation-v,False,False,psychic|flying,unaware|klutz|simple,9,105,67,57,55,77,55,114,425
529,drilbur,Drilbur,529,True,generation-v,False,False,ground,sand-rush|sand-force|mold-breaker,3,85,60,85,40,30,45,68,328
530,excadrill,Excadrill,530,True,generation-v,False,False,ground|steel,sand-rush|sand-force|mold-breaker,7,404,110,135,60,50,65,88,508
531,audino,Audino,531,True,generation-v,False,False,normal,healer|regenerator|klutz,11,310,103,60,86,60,86,50,445
532,timburr,Timburr,532,True,generation-v,False,False,fighting,guts|sheer-force|iron-fist,6,125,75,80,55,25,35,35,305
533,gurdurr,Gurdurr,533,True,generation-v,False,False,fighting,guts|sheer-force|iron-fist,12,400,85,105,85,40,50,40,405
534,conkeldurr,Conkeldurr,534,True,generation-v,False,False,fighting,guts|sheer-force|iron-fist,14,870,105,140,95,55,65,45,505
535,tympole,Tympole,535,True,generation-v,False,False,water,swift-swim|hydration|water-absorb,5,45,50,50,40,50,40,64,294
536,palpitoad,Palpitoad,536,True,generation-v,False,False,water|ground,swift-swim|hydration|water-absorb,8,170,75,65,55,65,55,69,384
537,seismitoad,Seismitoad,537,True,generation-v,False,False,water|ground,swift-swim|poison-touch|water-absorb,15,620,105,95,75,85,75,74,509
538,throh,Throh,538,True,generation-v,False,False,fighting,guts|inner-focus|mold-breaker,13,555,120,100,85,30,85,45,465
539,sawk,Sawk,539,True,generation-v,False,False,fighting,sturdy|inner-focus|mold-breaker,14,510,75,125,75,30,75,85,465
540,sewaddle,Sewaddle,540,True,generation-v,False,False,bug|grass,swarm|chlorophyll|overcoat,3,25,45,53,70,40,60,42,310
541,swadloon,Swadloon,541,True,generation-v,False,False,bug|grass,leaf-guard|chlorophyll|overcoat,5,73,55,63,90,50,80,42,380
542,leavanny,Leavanny,542,True,generation-v,False,False,bug|grass,swarm|chlorophyll|overcoat,12,205,75,103,80,70,80,92,500
543,venipede,Venipede,543,True,generation-v,False,False,bug|poison,poison-point|swarm|speed-boost,4,53,30,45,59,30,39,57,260
544,whirlipede,Whirlipede,544,True,generation-v,False,False,bug|poison,poison-point|swarm|speed-boost,12,585,40,55,99,40,79,47,360
545,scolipede,Scolipede,545,True,generation-v,False,False,bug|poison,poison-point|swarm|speed-boost,25,2005,60,100,89,55,69,112,485
546,cottonee,Cottonee,546,True,generation-v,False,False,grass|fairy,prankster|infiltrator|chlorophyll,3,6,40,27,60,37,50,66,280
547,whimsicott,Whimsicott,547,True,generation-v,False,False,grass|fairy,prankster|infiltrator|chlorophyll,7,66,60,67,85,77,75,116,480
548,petilil,Petilil,548,True,generation-v,False,False,grass,chlorophyll|own-tempo|leaf-guard,5,66,45,35,50,70,50,30,280
549,lilligant,Lilligant,549,True,generation-v,False,False,grass,chlorophyll|own-tempo|leaf-guard,11,163,70,60,75,110,75,90,480
550,basculin-red-striped,Basculin,550,True,generation-v,False,False,water,reckless|adaptability|mold-breaker,10,180,70,92,65,80,55,98,460
551,sandile,Sandile,551,True,generation-v,False,False,ground|dark,intimidate|moxie|anger-point,7,152,50,72,35,35,35,65,292
552,krokorok,Krokorok,552,True,generation-v,False,False,ground|dark,intimidate|moxie|anger-point,10,334,60,82,45,45,45,74,351
553,krookodile,Krookodile,553,True,generation-v,False,False,ground|dark,intimidate|moxie|anger-point,15,963,95,117,80,65,70,92,519
554,darumaka,Darumaka,554,True,generation-v,False,False,fire,hustle|inner-focus,6,375,70,90,45,15,45,50,315
555,darmanitan-standard,Darmanitan,555,True,generation-v,False,False,fire,sheer-force|zen-mode,13,929,105,140,55,30,55,95,480
556,maractus,Maractus,556,True,generation-v,False,False,grass,water-absorb|chlorophyll|storm-drain,10,280,75,86,67,106,67,60,461
557,dwebble,Dwebble,557,True,generation-v,False,False,bug|rock,sturdy|shell-armor|weak-armor,3,145,50,65,85,35,35,55,325
558,crustle,Crustle,558,True,generation-v,False,False,bug|rock,sturdy|shell-armor|weak-armor,14,2000,70,105,125,65,75,45,485
559,scraggy,Scraggy,559,True,generation-v,False,False,dark|fighting,shed-skin|moxie|intimidate,6,118,50,75,70,35,70,48,348
560,scrafty,Scrafty,560,True,generation-v,False,False,dark|fighting,shed-skin|moxie|intimidate,11,300,65,90,115,45,115,58,488
561,sigilyph,Sigilyph,561,True,generation-v,False,False,psychic|flying,wonder-skin|magic-guard|tinted-lens,14,140,72,58,80,103,80,97,490
562,yamask,Yamask,562,True,generation-v,False,False,ghost,mummy,5,15,38,30,85,55,65,30,303
563,cofagrigus,Cofagrigus,563,True,generation-v,False,False,ghost,mummy,17,765,58,50,145,95,105,30,483
564,tirtouga,Tirtouga,564,True,generation-v,False,False,water|rock,solid-rock|sturdy|swift-swim,7,165,54,78,103,53,45,22,355
565,carracosta,Carracosta,565,True,generation-v,False,False,water|rock,solid-rock|sturdy|swift-swim,12,810,74,108,133,83,65,32,495
566,archen,Archen,566,True,generation-v,False,False,rock|flying,defeatist,5,95,55,112,45,74,45,70,401
567,archeops,Archeops,567,True,generation-v,False,False,rock|flying,defeatist,14,320,75,140,65,112,65,110,567
568,trubbish,Trubbish,568,True,generation-v,False,False,poison,stench|sticky-hold|aftermath,6,310,50,50,62,40,62,65,329
569,garbodor,Garbodor,569,True,generation-v,False,False,poison,stench|weak-armor|aftermath,19,1073,80,95,82,60,82,75,474
570,zorua,Zorua,570,True,generation-v,False,False,dark,illusion,7,125,40,65,40,80,40,65,330
571,zoroark,Zoroark,571,True,generation-v,False,False,dark,illusion,16,811,60,105,60,120,60,105,510
572,minccino,Minccino,572,True,generation-v,False,False,normal,cute-charm|technician|skill-link,4,58,55,50,40,40,40,75,300
573,cinccino,Cinccino,573,True,generation-v,False,False,normal,cute-charm|technician|skill-link,5,75,75,95,60,65,60,115,470
574,gothita,Gothita,574,True,generation-v,False,False,psychic,frisk|competitive|shadow-tag,4,58,45,30,50,55,65,45,290
575,gothorita,Gothorita,575,True,generation-v,False,False,psychic,frisk|competitive|shadow-tag,7,180,60,45,70,75,85,55,390
576,gothitelle,Gothitelle,576,True,generation-v,False,False,psychic,frisk|competitive|shadow-tag,15,440,70,55,95,95,110,65,490
577,solosis,Solosis,577,True,generation-v,False,False,psychic,overcoat|magic-guard|regenerator,3,10,45,30,40,105,50,20,290
578,duosion,Duosion,578,True,generation-v,False,False,psychic,overcoat|magic-guard|regenerator,6,80,65,40,50,125,60,30,370
579,reuniclus,Reuniclus,579,True,generation-v,False,False,psychic,overcoat|magic-guard|regenerator,10,201,110,65,75,125,85,30,490
580,ducklett,Ducklett,580,True,generation-v,False,False,water|flying,keen-eye|big-pecks|hydration,5,55,62,44,50,44,50,55,305
581,swanna,Swanna,581,True,generation-v,False,False,water|flying,keen-eye|big-pecks|hydration,13,242,75,87,63,87,63,98,473
582,vanillite,Vanillite,582,True,generation-v,False,False,ice,ice-body|snow-cloak|weak-armor,4,57,36,50,50,65,60,44,305
583,vanillish,Vanillish,583,True,generation-v,False,False,ice,ice-body|snow-cloak|weak-armor,11,410,51,65,65,80,75,59,395
584,vanilluxe,Vanilluxe,584,True,generation-v,False,False,ice,ice-body|snow-warning|weak-armor,13,575,71,95,85,110,95,79,535
585,deerling,Deerling,585,True,generation-v,False,False,normal|grass,chlorophyll|sap-sipper|serene-grace,6,195,60,60,50,40,50,75,335
586,sawsbuck,Sawsbuck,586,True,generation-v,False,False,normal|grass,chlorophyll|sap-sipper|serene-grace,19,925,80,100,70,60,70,95,475
587,emolga,Emolga,587,True,generation-v,False,False,electric|flying,static|motor-drive,4,50,55,75,60,75,60,103,428
588,karrablast,Karrablast,588,True,generation-v,False,False,bug,swarm|shed-skin|no-guard,5,59,50,75,45,40,45,60,315
589,escavalier,Escavalier,589,True,generation-v,False,False,bug|steel,swarm|shell-armor|overcoat,10,330,70,135,105,60,105,20,495
590,foongus,Foongus,590,True,generation-v,False,False,grass|poison,effect-spore|regenerator,2,10,69,55,45,55,55,15,294
591,amoonguss,Amoonguss,591,True,generation-v,False,False,grass|poison,effect-spore|regenerator,6,105,114,85,70,85,80,30,464
592,frillish-male,Frillish,592,True,generation-v,False,False,water|ghost,water-absorb|cursed-body|damp,12,330,55,40,50,65,85,40,335
593,jellicent-male,Jellicent,593,True,generation-v,False,False,water|ghost,water-absorb|cursed-body|damp,22,1350,100,60,70,85,105,60,480
594,alomomola,Alomomola,594,True,generation-v,False,False,water,healer|hydration|regenerator,12,316,165,75,80,40,45,65,470
595,joltik,Joltik,595,True,generation-v,False,False,bug|electric,compound-eyes|unnerve|swarm,1,6,50,47,50,57,50,65,319
596,galvantula,Galvantula,596,True,generation-v,False,False,bug|electric,compound-eyes|unnerve|swarm,8,143,70,77,60,97,60,108,472
597,ferroseed,Ferroseed,597,True,generation-v,False,False,grass|steel,iron-barbs,6,188,44,50,91,24,86,10,305
598,ferrothorn,Ferrothorn,598,True,generation-v,False,False,grass|steel,iron-barbs|anticipation,10,1100,74,94,131,54,116,20,489
599,klink,Klink,599,True,generation-v,False,False,steel,plus|minus|clear-body,3,210,40,55,70,45,60,30,300
600,klang,Klang,600,True,generation-v,False,False,steel,plus|minus|clear-body,6,510,60,80,95,70,85,50,440
601,klinklang,Klinklang,601,True,generation-v,False,False,steel,plus|minus|clear-body,6,810,60,100,115,70,85,90,520
602,tynamo,Tynamo,602,True,generation-v,False,False,electric,levitate,2,3,35,55,40,45,40,60,275
603,eelektrik,Eelektrik,603,True,generation-v,False,False,electric,levitate,12,220,65,85,70,75,70,40,405
604,eelektross,Eelektross,604,True,generation-v,False,False,electric,levitate,21,805,85,115,80,105,80,50,515
605,elgyem,Elgyem,605,True,generation-v,False,False,psychic,telepathy|synchronize|analytic,5,90,55,55,55,85,55,30,335
606,beheeyem,Beheeyem,606,True,generation-v,False,False,psychic,telepathy|synchronize|analytic,10,345,75,75,75,125,95,40,485
607,litwick,Litwick,607,True,generation-v,False,False,ghost|fire,flash-fire|flame-body|infiltrator,3,31,50,30,55,65,55,20,275
608,lampent,Lampent,608,True,generation-v,False,False,ghost|fire,flash-fire|flame-body|infiltrator,6,130,60,40,60,95,60,55,370
609,chandelure,Chandelure,609,True,generation-v,False,False,ghost|fire,flash-fire|flame-body|infiltrator,10,343,60,55,90,145,90,80,520
610,axew,Axew,610,True,generation-v,False,False,dragon,rivalry|mold-breaker|unnerve,6,180,46,87,60,30,40,57,320
611,fraxure,Fraxure,611,True,generation-v,False,False,dragon,rivalry|mold-breaker|unnerve,10,360,66,117,70,40,50,67,410
612,haxorus,Haxorus,612,True,generation-v,False,False,dragon,rivalry|mold-breaker|unnerve,18,1055,76,147,90,60,70,97,540
613,cubchoo,Cubchoo,613,True,generation-v,False,False,ice,snow-cloak|slush-rush|rattled,5,85,55,70,40,60,40,40,305
614,beartic,Beartic,614,True,generation-v,False,False,ice,snow-cloak|slush-rush|swift-swim,26,2600,95,130,80,70,80,50,505
615,cryogonal,Cryogonal,615,True,generation-v,False,False,ice,levitate,11,1480,80,50,50,95,135,105,515
616,shelmet,Shelmet,616,True,generation-v,False,False,bug,hydration|shell-armor|overcoat,4,77,50,40,85,40,65,25,305
617,accelgor,Accelgor,617,True,generation-v,False,False,bug,hydration|sticky-hold|unburden,8,253,80,70,40,100,60,145,495
618,stunfisk,Stunfisk,618,True,generation-v,False,False,ground|electric,static|limber|sand-veil,7,110,109,66,84,81,99,32,471
619,mienfoo,Mienfoo,619,True,generation-v,False,False,fighting,inner-focus|regenerator|reckless,9,200,45,85,50,55,50,65,350
620,mienshao,Mienshao,620,True,generation-v,False,False,fighting,inner-focus|regenerator|reckless,14,355,65,125,60,95,60,105,510
621,druddigon,Druddigon,621,True,generation-v,False,False,dragon,rough-skin|sheer-force|mold-breaker,16,1390,77,120,90,60,90,48,485
622,golett,Golett,622,True,generation-v,False,False,ground|ghost,iron-fist|klutz|no-guard,10,920,59,74,50,35,50,35,303
623,golurk,Golurk,623,True,generation-v,False,False,ground|ghost,iron-fist|klutz|no-guard,28,3300,89,124,80,55,80,55,483
624,pawniard,Pawniard,624,True,generation-v,False,False,dark|steel,defiant|inner-focus|pressure,5,102,45,85,70,40,40,60,340
625,bisharp,Bisharp,625,True,generation-v,False,False,dark|steel,defiant|inner-focus|pressure,16,700,65,125,100,60,70,70,490
626,bouffalant,Bouffalant,626,True,generation-v,False,False,normal,reckless|sap-sipper|soundproof,16,946,95,110,95,40,95,55,490
627,rufflet,Rufflet,627,True,generation-v,False,False,normal|flying,keen-eye|sheer-force|hustle,5,105,70,83,50,37,50,60,350
628,braviary,Braviary,628,True,generation-v,False,False,normal|flying,keen-eye|sheer-force|defiant,15,410,100,123,75,57,75,80,510
629,vullaby,Vullaby,629,True,generation-v,False,False,dark|flying,big-pecks|overcoat|weak-armor,5,90,70,55,75,45,65,60,370
630,mandibuzz,Mandibuzz,630,True,generation-v,False,False,dark|flying,big-pecks|overcoat|weak-armor,12,395,110,65,105,55,95,80,510
631,heatmor,Heatmor,631,True,generation-v,False,False,fire,gluttony|flash-fire|white-smoke,14,580,85,97,66,105,66,65,484
632,durant,Durant,632,True,generation-v,False,False,bug|steel,swarm|hustle|truant,3,330,58,109,112,48,48,109,484
633,deino,Deino,633,True,generation-v,False,False,dark|dragon,hustle,8,173,52,65,50,45,50,38,300
634,zweilous,Zweilous,634,True,generation-v,False,False,dark|dragon,hustle,14,500,72,85,70,65,70,58,420
635,hydreigon,Hydreigon,635,True,generation-v,False,False,dark|dragon,levitate,18,1600,92,105,90,125,90,98,600
636,larvesta,Larvesta,636,True,generation-v,False,False,bug|fire,flame-body|swarm,11,288,55,85,55,50,55,60,360
637,volcarona,Volcarona,637,True,generation-v,False,False,bug|fire,flame-body|swarm,16,460,85,60,65,135,105,100,550
638,cobalion,Cobalion,638,True,generation-v,True,False,steel|fighting,justified,21,2500,91,90,129,90,72,108,580
639,terrakion,Terrakion,639,True,generation-v,True,False,rock|fighting,justified,19,2600,91,129,90,72,90,108,580
640,virizion,Virizion,640,True,generation-v,True,False,grass|fighting,justified,20,2000,91,90,72,90,129,108,580
641,tornadus-incarnate,Tornadus,641,True,generation-v,True,False,flying,prankster|defiant,15,630,79,115,70,125,80,111,580
642,thundurus-incarnate,Thundurus,642,True,generation-v,True,False,electric|flying,prankster|defiant,15,610,79,115,70,125,80,111,580
643,reshiram,Reshiram,643,True,generation-v,True,False,dragon|fire,turboblaze,32,3300,100,120,100,150,120,90,680
644,zekrom,Zekrom,644,True,generation-v,True,False,dragon|electric,teravolt,29,3450,100,150,120,120,100,90,680
645,landorus-incarnate,Landorus,645,True,generation-v,True,False,ground|flying,sand-force|sheer-force,15,680,89,125,90,115,80,101,600
646,kyurem,Kyurem,646,True,generation-v,True,False,dragon|ice,pressure,30,3250,125,130,90,130,90,95,660
647,keldeo-ordinary,Keldeo,647,True,generation-v,False,True,water|fighting,justified,14,485,91,72,90,129,90,108,580
648,meloetta-aria,Meloetta,648,True,generation-v,False,True,normal|psychic,serene-grace,6,65,100,77,77,128,128,90,600
649,genesect,Genesect,649,True,generation-v,False,True,bug|steel,download,15,825,71,120,95,120,95,99,600
650,chespin,Chespin,650,True,generation-vi,False,False,grass,overgrow|bulletproof,4,90,56,61,65,48,45,38,313
651,quilladin,Quilladin,651,True,generation-vi,False,False,grass,overgrow|bulletproof,7,290,61,78,95,56,58,57,405
652,chesnaught,Chesnaught,652,True,generation-vi,False,False,grass|fighting,overgrow|bulletproof,16,900,88,107,122,74,75,64,530
653,fennekin,Fennekin,653,True,generation-vi,False,False,fire,blaze|magician,4,94,40,45,40,62,60,60,307
654,braixen,Braixen,654,True,generation-vi,False,False,fire,blaze|magician,10,145,59,59,58,90,70,73,409
655,delphox,Delphox,655,True,generation-vi,False,False,fire|psychic,blaze|magician,15,390,75,69,72,114,100,104,534
656,froakie,Froakie,656,True,generation-vi,False,False,water,torrent|protean,3,70,41,56,40,62,44,71,314
657,frogadier,Frogadier,657,True,generation-vi,False,False,water,torrent|protean,6,109,54,63,52,83,56,97,405
658,greninja,Greninja,658,True,generation-vi,False,False,water|dark,torrent|protean,15,400,72,95,67,103,71,122,530
659,bunnelby,Bunnelby,659,True,generation-vi,False,False,normal,pickup|cheek-pouch|huge-power,4,50,38,36,38,32,36,57,237
660,diggersby,Diggersby,660,True,generation-vi,False,False,normal|ground,pickup|cheek-pouch|huge-power,10,424,85,56,77,50,77,78,423
661,fletchling,Fletchling,661,True,generation-vi,False,False,normal|flying,big-pecks|gale-wings,3,17,45,50,43,40,38,62,278
662,fletchinder,Fletchinder,662,True,generation-vi,False,False,fire|flying,flame-body|gale-wings,7,160,62,73,55,56,52,84,382
663,talonflame,Talonflame,663,True,generation-vi,False,False,fire|flying,flame-body|gale-wings,12,245,78,81,71,74,69,126,499
664,scatterbug,Scatterbug,664,True,generation-vi,False,False,bug,shield-dust|compound-eyes|friend-guard,3,25,38,35,40,27,25,35,200
665,spewpa,Spewpa,665,True,generation-vi,False,False,bug,shed-skin|friend-guard,3,84,45,22,60,27,30,29,213
666,vivillon,Vivillon,666,True,generation-vi,False,False,bug|flying,shield-dust|compound-eyes|friend-guard,12,170,80,52,50,90,50,89,411
667,litleo,Litleo,667,True,generation-vi,False,False,fire|normal,rivalry|unnerve|moxie,6,135,62,50,58,73,54,72,369
668,pyroar-male,Pyroar,668,True,generation-vi,False,False,fire|normal,rivalry|unnerve|moxie,15,815,86,68,72,109,66,106,507
669,flabebe,Flabébé,669,True,generation-vi,False,False,fairy,flower-veil|symbiosis,1,1,44,38,39,61,79,42,303
670,floette,Floette,670,True,generation-vi,False,False,fairy,flower-veil|symbiosis,2,9,54,45,47,75,98,52,371
671,florges,Florges,671,True,generation-vi,False,False,fairy,flower-veil|symbiosis,11,100,78,65,68,112,154,75,552
672,skiddo,Skiddo,672,True,generation-vi,False,False,grass,sap-sipper|grass-pelt,9,310,66,65,48,62,57,52,350
673,gogoat,Gogoat,673,True,generation-vi,False,False,grass,sap-sipper|grass-pelt,17,910,123,100,62,97,81,68,531
674,pancham,Pancham,674,True,generation-vi,False,False,fighting,iron-fist|mold-breaker|scrappy,6,80,67,82,62,46,48,43,348
675,pangoro,Pangoro,675,True,generation-vi,False,False,fighting|dark,iron-fist|mold-breaker|scrappy,21,1360,95,124,78,69,71,58,495
676,furfrou,Furfrou,676,True,generation-vi,False,False,normal,fur-coat,12,280,75,80,60,65,90,102,472
677,espurr,Espurr,677,True,generation-vi,False,False,psychic,keen-eye|infiltrator|own-tempo,3,35,62,48,54,63,60,68,355
678,meowstic-male,Meowstic,678,True,generation-vi,False,False,psychic,keen-eye|infiltrator|prankster,6,85,74,48,76,83,81,104,466
679,honedge,Honedge,679,True,generation-vi,False,False,steel|ghost,no-guard,8,20,45,80,100,35,37,28,325
680,doublade,Doublade,680,True,generation-vi,False,False,steel|ghost,no-guard,8,45,59,110,150,45,49,35,448
681,aegislash-shield,Aegislash,681,True,generation-vi,False,False,steel|ghost,stance-change,17,530,60,50,140,50,140,60,500
682,spritzee,Spritzee,682,True,generation-vi,False,False,fairy,healer|aroma-veil,2,5,78,52,60,63,65,23,341
683,aromatisse,Aromatisse,683,True,generation-vi,False,False,fairy,healer|aroma-veil,8,155,101,72,72,99,89,29,462
684,swirlix,Swirlix,684,True,generation-vi,False,False,fairy,sweet-veil|unburden,4,35,62,48,66,59,57,49,341
685,slurpuff,Slurpuff,685,True,generation-vi,False,False,fairy,sweet-veil|unburden,8,50,82,80,86,85,75,72,480
686,inkay,Inkay,686,True,generation-vi,False,False,dark|psychic,contrary|suction-cups|infiltrator,4,35,53,54,53,37,46,45,288
687,malamar,Malamar,687,True,generation-vi,False,False,dark|psychic,contrary|suction-cups|infiltrator,15,470,86,92,88,68,75,73,482
688,binacle,Binacle,688,True,generation-vi,False,False,rock|water,tough-claws|sniper|pickpocket,5,310,42,52,67,39,56,50,306
689,barbaracle,Barbaracle,689,True,generation-vi,False,False,rock|water,tough-claws|sniper|pickpocket,13,960,72,105,115,54,86,68,500
690,skrelp,Skrelp,690,True,generation-vi,False,False,poison|water,poison-point|poison-touch|adaptability,5,73,50,60,60,60,60,30,320
691,dragalge,Dragalge,691,True,generation-vi,False,False,poison|dragon,poison-point|poison-touch|adaptability,18,815,65,75,90,97,123,44,494
692,clauncher,Clauncher,692,True,generation-vi,False,False,water,mega-launcher,5,83,50,53,62,58,63,44,330
693,clawitzer,Clawitzer,693,True,generation-vi,False,False,water,mega-launcher,13,353,71,73,88,120,89,59,500
694,helioptile,Helioptile,694,True,generation-vi,False,False,electric|normal,dry-skin|sand-veil|solar-power,5,60,44,38,33,61,43,70,289
695,heliolisk,Heliolisk,695,True,generation-vi,False,False,electric|normal,dry-skin|sand-veil|solar-power,10,210,62,55,52,109,94,109,481
696,tyrunt,Tyrunt,696,True,generation-vi,False,False,rock|dragon,strong-jaw|sturdy,8,260,58,89,77,45,45,48,362
697,tyrantrum,Tyrantrum,697,True,generation-vi,False,False,rock|dragon,strong-jaw|rock-head,25,2700,82,121,119,69,59,71,521
698,amaura,Amaura,698,True,generation-vi,False,False,rock|ice,refrigerate|snow-warning,13,252,77,59,50,67,63,46,362
699,aurorus,Aurorus,699,True,generation-vi,False,False,rock|ice,refrigerate|snow-warning,27,2250,123,77,72,99,92,58,521
700,sylveon,Sylveon,700,True,generation-vi,False,False,fairy,cute-charm|pixilate,10,235,95,65,65,110,130,60,525
701,hawlucha,Hawlucha,701,True,generation-vi,False,False,fighting|flying,limber|unburden|mold-breaker,8,215,78,92,75,74,63,118,500
702,dedenne,Dedenne,702,True,generation-vi,False,False,electric|fairy,cheek-pouch|pickup|plus,2,22,67,58,57,81,67,101,431
703,carbink,Carbink,703,True,generation-vi,False,False,rock|fairy,clear-body|sturdy,3,57,50,50,150,50,150,50,500
704,goomy,Goomy,704,True,generation-vi,False,False,dragon,sap-sipper|hydration|gooey,3,28,45,50,35,55,75,40,300
705,sliggoo,Sliggoo,705,True,generation-vi,False,False,dragon,sap-sipper|hydration|gooey,8,175,68,75,53,83,113,60,452
706,goodra,Goodra,706,True,generation-vi,False,False,dragon,sap-sipper|hydration|gooey,20,1505,90,100,70,110,150,80,600
707,klefki,Klefki,707,True,generation-vi,False,False,steel|fairy,prankster|magician,2,30,57,80,91,80,87,75,470
708,phantump,Phantump,708,True,generation-vi,False,False,ghost|grass,natural-cure|frisk|harvest,4,70,43,70,48,50,60,38,309
709,trevenant,Trevenant,709,True,generation-vi,False,False,ghost|grass,natural-cure|frisk|harvest,15,710,85,110,76,65,82,56,474
710,pumpkaboo-average,Pumpkaboo,710,True,generation-vi,False,False,ghost|grass,pickup|frisk|insomnia,4,50,49,66,70,44,55,51,335
711,gourgeist-average,Gourgeist,711,True,generation-vi,False,False,ghost|grass,pickup|frisk|insomnia,9,125,65,90,122,58,75,84,494
712,bergmite,Bergmite,712,True,generation-vi,False,False,ice,own-tempo|ice-body|sturdy,10,995,55,69,85,32,35,28,304
713,avalugg,Avalugg,713,True,generation-vi,False,False,ice,own-tempo|ice-body|sturdy,20,5050,95,117,184,44,46,28,514
714,noibat,Noibat,714,True,generation-vi,False,False,flying|dragon,frisk|infiltrator|telepathy,5,80,40,30,35,45,40,55,245
715,noivern,Noivern,715,True,generation-vi,False,False,flying|dragon,frisk|infiltrator|telepathy,15,850,85,70,80,97,80,123,535
716,xerneas,Xerneas,716,True,generation-vi,True,False,fairy,fairy-aura,30,2150,126,131,95,131,98,99,680
717,yveltal,Yveltal,717,True,generation-vi,True,False,dark|flying,dark-aura,58,2030,126,131,95,131,98,99,680
718,zygarde-50,Zygarde,718,True,generation-vi,True,False,dragon|ground,aura-break,50,3050,108,100,121,81,95,95,600
719,diancie,Diancie,719,True,generation-vi,False,True,rock|fairy,clear-body,7,88,50,100,150,100,150,50,600
720,hoopa,Hoopa,720,True,generation-vi,False,True,psychic|ghost,magician,5,90,80,110,60,150,130,70,600
721,volcanion,Volcanion,721,True,generation-vi,False,True,fire|water,water-absorb,17,1950,80,110,120,130,90,70,600
722,rowlet,Rowlet,722,True,generation-vii,False,False,grass|flying,overgrow|long-reach,3,15,68,55,55,50,50,42,320
723,dartrix,Dartrix,723,True,generation-vii,False,False,grass|flying,overgrow|long-reach,7,160,78,75,75,70,70,52,420
724,decidueye,Decidueye,724,True,generation-vii,False,False,grass|ghost,overgrow|long-reach,16,366,78,107,75,100,100,70,530
725,litten,Litten,725,True,generation-vii,False,False,fire,blaze|intimidate,4,43,45,65,40,60,40,70,320
726,torracat,Torracat,726,True,generation-vii,False,False,fire,blaze|intimidate,7,250,65,85,50,80,50,90,420
727,incineroar,Incineroar,727,True,generation-vii,False,False,fire|dark,blaze|intimidate,18,830,95,115,90,80,90,60,530
728,popplio,Popplio,728,True,generation-vii,False,False,water,torrent|liquid-voice,4,75,50,54,54,66,56,40,320
729,brionne,Brionne,729,True,generation-vii,False,False,water,torrent|liquid-voice,6,175,60,69,69,91,81,50,420
730,primarina,Primarina,730,True,generation-vii,False,False,water|fairy,torrent|liquid-voice,18,440,80,74,74,126,116,60,530
731,pikipek,Pikipek,731,True,generation-vii,False,False,normal|flying,keen-eye|skill-link|pickup,3,12,35,75,30,30,30,65,265
732,trumbeak,Trumbeak,732,True,generation-vii,False,False,normal|flying,keen-eye|skill-link|pickup,6,148,55,85,50,40,50,75,355
733,toucannon,Toucannon,733,True,generation-vii,False,False,normal|flying,keen-eye|skill-link|sheer-force,11,260,80,120,75,75,75,60,485
734,yungoos,Yungoos,734,True,generation-vii,False,False,normal,stakeout|strong-jaw|adaptability,4,60,48,70,30,30,30,45,253
735,gumshoos,Gumshoos,735,True,generation-vii,False,False,normal,stakeout|strong-jaw|adaptability,7,142,88,110,60,55,60,45,418
736,grubbin,Grubbin,736,True,generation-vii,False,False,bug,swarm,4,44,47,62,45,55,45,46,300
737,charjabug,Charjabug,737,True,generation-vii,False,False,bug|electric,battery,5,105,57,82,95,55,75,36,400
738,vikavolt,Vikavolt,738,True,generation-vii,False,False,bug|electric,levitate,15,450,77,70,90,145,75,43,500
739,crabrawler,Crabrawler,739,True,generation-vii,False,False,fighting,hyper-cutter|iron-fist|anger-point,6,70,47,82,57,42,47,63,338
740,crabominable,Crabominable,740,True,generation-vii,False,False,fighting|ice,hyper-cutter|iron-fist|anger-point,17,1800,97,132,77,62,67,43,478
741,oricorio-baile,Oricorio,741,True,generation-vii,False,False,fire|flying,dancer,6,34,75,70,70,98,70,93,476
742,cutiefly,Cutiefly,742,True,generation-vii,False,False,bug|fairy,honey-gather|shield-dust|sweet-veil,1,2,40,45,40,55,40,84,304
743,ribombee,Ribombee,743,True,generation-vii,False,False,bug|fairy,honey-gather|shield-dust|sweet-veil,2,5,60,55,60,95,70,124,464
744,rockruff,Rockruff,744,True,generation-vii,False,False,rock,keen-eye|vital-spirit|steadfast,5,92,45,65,40,30,40,60,280
745,lycanroc-midday,Lycanroc,745,True,generation-vii,False,False,rock,keen-eye|sand-rush|steadfast,8,250,75,115,65,55,65,112,487
746,wishiwashi-solo,Wishiwashi,746,True,generation-vii,False,False,water,schooling,2,3,45,20,20,25,25,40,175
747,mareanie,Mareanie,747,True,generation-vii,False,False,poison|water,merciless|limber|regenerator,4,80,50,53,62,43,52,45,305
748,toxapex,Toxapex,748,True,generation-vii,False,False,poison|water,merciless|limber|regenerator,7,145,50,63,152,53,142,35,495
749,mudbray,Mudbray,749,True,generation-vii,False,False,ground,own-tempo|stamina|inner-focus,10,1100,70,100,70,45,55,45,385
750,mudsdale,Mudsdale,750,True,generation-vii,False,False,ground,own-tempo|stamina|inner-focus,25,9200,100,125,100,55,85,35,500
751,dewpider,Dewpider,751,True,generation-vii,False,False,water|bug,water-bubble|water-absorb,3,40,38,40,52,40,72,27,269
752,araquanid,Araquanid,752,True,generation-vii,False,False,water|bug,water-bubble|water-absorb,18,820,68,70,92,50,132,42,454
753,fomantis,Fomantis,753,True,generation-vii,False,False,grass,leaf-guard|contrary,3,15,40,55,35,50,35,35,250
754,lurantis,Lurantis,754,True,generation-vii,False,False,grass,leaf-guard|contrary,9,185,70,105,90,80,90,45,480
755,morelull,Morelull,755,True,generation-vii,False,False,grass|fairy,illuminate|effect-spore|rain-dish,2,15,40,35,55,65,75,15,285
756,shiinotic,Shiinotic,756,True,generation-vii,False,False,grass|fairy,illuminate|effect-spore|rain-dish,10,115,60,45,80,90,100,30,405
757,salandit,Salandit,757,True,generation-vii,False,False,poison|fire,corrosion|oblivious,6,48,48,44,40,71,40,77,320
758,salazzle,Salazzle,758,True,generation-vii,False,False,poison|fire,corrosion|oblivious,12,222,68,64,60,111,60,117,480
759,stufful,Stufful,759,True,generation-vii,False,False,normal|fighting,fluffy|klutz|cute-charm,5,68,70,75,50,45,50,50,340
760,bewear,Bewear,760,True,generation-vii,False,False,normal|fighting,fluffy|klutz|unnerve,21,1350,120,125,80,55,60,60,500
761,bounsweet,Bounsweet,761,True,generation-vii,False,False,grass,leaf-guard|oblivious|sweet-veil,3,32,42,30,38,30,38,32,210
762,steenee,Steenee,762,True,generation-vii,False,False,grass,leaf-guard|oblivious|sweet-veil,7,82,52,40,48,40,48,62,290
763,tsareena,Tsareena,763,True,generation-vii,False,False,grass,leaf-guard|queenly-majesty|sweet-veil,12,214,72,120,98,50,98,72,510
764,comfey,Comfey,764,True,generation-vii,False,False,fairy,flower-veil|triage|natural-cure,1,3,51,52,90,82,110,100,485
765,oranguru,Oranguru,765,True,generation-vii,False,False,normal|psychic,inner-focus|telepathy|symbiosis,15,760,90,60,80,90,110,60,490
766,passimian,Passimian,766,True,generation-vii,False,False,fighting,receiver|defiant,20,828,100,120,90,40,60,80,490
767,wimpod,Wimpod,767,True,generation-vii,False,False,bug|water,wimp-out,5,120,25,35,40,20,30,80,230
768,golisopod,Golisopod,768,True,generation-vii,False,False,bug|water,emergency-exit,20,1080,75,125,140,60,90,40,530
769,sandygast,Sandygast,769,True,generation-vii,False,False,ghost|ground,water-compaction|sand-veil,5,700,55,55,80,70,45,15,320
770,palossand,Palossand,770,True,generation-vii,False,False,ghost|ground,water-compaction|sand-veil,13,2500,85,75,110,100,75,35,480
771,pyukumuku,Pyukumuku,771,True,generation-vii,False,False,water,innards-out|unaware,3,12,55,60,130,30,130,5,410
772,type-null,Type: Null,772,True,generation-vii,True,False,normal,battle-armor,19,1205,95,95,95,95,95,59,534
773,silvally,Silvally,773,True,generation-vii,True,False,normal,rks-system,23,1005,95,95,95,95,95,95,570
774,minior-red-meteor,Minior,774,True,generation-vii,False,False,rock|flying,shields-down,3,400,60,60,100,60,100,60,440
775,komala,Komala,775,True,generation-vii,False,False,normal,comatose,4,199,65,115,65,75,95,65,480
776,turtonator,Turtonator,776,True,generation-vii,False,False,fire|dragon,shell-armor,20,2120,60,78,135,91,85,36,485
777,togedemaru,Togedemaru,777,True,generation-vii,False,False,electric|steel,iron-barbs|lightning-rod|sturdy,3,33,65,98,63,40,73,96,435
778,mimikyu-disguised,Mimikyu,778,True,generation-vii,False,False,ghost|fairy,disguise,2,7,55,90,80,50,105,96,476
779,bruxish,Bruxish,779,True,generation-vii,False,False,water|psychic,dazzling|strong-jaw|wonder-skin,9,190,68,105,70,70,70,92,475
780,drampa,Drampa,780,True,generation-vii,False,False,normal|dragon,berserk|sap-sipper|cloud-nine,30,1850,78,60,85,135,91,36,485
781,dhelmise,Dhelmise,781,True,generation-vii,False,False,ghost|grass,steelworker,39,2100,70,131,100,86,90,40,517
782,jangmo-o,Jangmo-o,782,True,generation-vii,False,False,dragon,bulletproof|soundproof|overcoat,6,297,45,55,65,45,45,45,300
783,hakamo-o,Hakamo-o,783,True,generation-vii,False,False,dragon|fighting,bulletproof|soundproof|overcoat,12,470,55,75,90,65,70,65,420
784,kommo-o,Kommo-o,784,True,generation-vii,False,False,dragon|fighting,bulletproof|soundproof|overcoat,16,782,75,110,125,100,105,85,600
785,tapu-koko,Tapu Koko,785,True,generation-vii,True,False,electric|fairy,electric-surge|telepathy,18,205,70,115,85,95,75,130,570
786,tapu-lele,Tapu Lele,786,True,generation-vii,True,False,psychic|fairy,psychic-surge|telepathy,12,186,70,85,75,130,115,95,570
787,tapu-bulu,Tapu Bulu,787,True,generation-vii,True,False,grass|fairy,grassy-surge|telepathy,19,455,70,130,115,85,95,75,570
788,tapu-fini,Tapu Fini,788,True,generation-vii,True,False,water|fairy,misty-surge|telepathy,13,212,70,75,115,95,130,85,570
789,cosmog,Cosmog,789,True,generation-vii,True,False,psychic,unaware,2,1,43,29,31,29,31,37,200
790,cosmoem,Cosmoem,790,True,generation-vii,True,False,psychic,sturdy,1,9999,43,29,131,29,131,37,400
791,solgaleo,Solgaleo,791,True,generation-vii,True,False,psychic|steel,full-metal-body,34,2300,137,137,107,113,89,97,680
792,lunala,Lunala,792,True,generation-vii,True,False,psychic|ghost,shadow-shield,40,1200,137,113,89,137,107,97,680
793,nihilego,Nihilego,793,True,generation-vii,False,False,rock|poison,beast-boost,12,555,109,53,47,127,131,103,570
794,buzzwole,Buzzwole,794,True,generation-vii,False,False,bug|fighting,beast-boost,24,3336,107,139,139,53,53,79,570
795,pheromosa,Pheromosa,795,True,generation-vii,False,False,bug|fighting,beast-boost,18,250,71,137,37,137,37,151,570
796,xurkitree,Xurkitree,796,True,generation-vii,False,False,electric,beast-boost,38,1000,83,89,71,173,71,83,570
797,celesteela,Celesteela,797,True,generation-vii,False,False,steel|flying,beast-boost,92,9999,97,101,103,107,101,61,570
798,kartana,Kartana,798,True,generation-vii,False,False,grass|steel,beast-boost,3,1,59,181,131,59,31,109,570
799,guzzlord,Guzzlord,799,True,generation-vii,False,False,dark|dragon,beast-boost,55,8880,223,101,53,97,53,43,570
800,necrozma,Necrozma,800,True,generation-vii,True,False,psychic,prism-armor,24,2300,97,107,101,127,89,79,600
801,magearna,Magearna,801,True,generation-vii,False,True,steel|fairy,soul-heart,10,805,80,95,115,130,115,65,600
802,marshadow,Marshadow,802,True,generation-vii,False,True,fighting|ghost,technician,7,222,90,125,80,90,90,125,600
803,poipole,Poipole,803,True,generation-vii,False,False,poison,beast-boost,6,18,67,73,67,73,67,73,420
804,naganadel,Naganadel,804,True,generation-vii,False,False,poison|dragon,beast-boost,36,1500,73,73,73,127,73,121,540
805,stakataka,Stakataka,805,True,generation-vii,False,False,rock|steel,beast-boost,55,8200,61,131,211,53,101,13,570
806,blacephalon,Blacephalon,806,True,generation-vii,False,False,fire|ghost,beast-boost,18,130,53,127,53,151,79,107,570
807,zeraora,Zeraora,807,True,generation-vii,False,True,electric,volt-absorb,15,445,88,112,75,102,80,143,600
808,meltan,Meltan,808,True,generation-vii,False,True,steel,magnet-pull,2,80,46,65,65,55,35,34,300
809,melmetal,Melmetal,809,True,generation-vii,False,True,steel,iron-fist,25,8000,135,143,143,80,65,34,600
810,grookey,Grookey,810,True,generation-viii,False,False,grass,overgrow|grassy-surge,3,50,50,65,50,40,40,65,310
811,thwackey,Thwackey,811,True,generation-viii,False,False,grass,overgrow|grassy-surge,7,140,70,85,70,55,60,80,420
812,rillaboom,Rillaboom,812,True,generation-viii,False,False,grass,overgrow|grassy-surge,21,900,100,125,90,60,70,85,530
813,scorbunny,Scorbunny,813,True,generation-viii,False,False,fire,blaze|libero,3,45,50,71,40,40,40,69,310
814,raboot,Raboot,814,True,generation-viii,False,False,fire,blaze|libero,6,90,65,86,60,55,60,94,420
815,cinderace,Cinderace,815,True,generation-viii,False,False,fire,blaze|libero,14,330,80,116,75,65,75,119,530
816,sobble,Sobble,816,True,generation-viii,False,False,water,torrent|sniper,3,40,50,40,40,70,40,70,310
817,drizzile,Drizzile,817,True,generation-viii,False,False,water,torrent|sniper,7,115,65,60,55,95,55,90,420
818,inteleon,Inteleon,818,True,generation-viii,False,False,water,torrent|sniper,19,452,70,85,65,125,65,120,530
819,skwovet,Skwovet,819,True,generation-viii,False,False,normal,cheek-pouch|gluttony,3,25,70,55,55,35,35,25,275
820,greedent,Greedent,820,True,generation-viii,False,False,normal,cheek-pouch|gluttony,6,60,120,95,95,55,75,20,460
821,rookidee,Rookidee,821,True,generation-viii,False,False,flying,keen-eye|unnerve|big-pecks,2,18,38,47,35,33,35,57,245
822,corvisquire,Corvisquire,822,True,generation-viii,False,False,flying,keen-eye|unnerve|big-pecks,8,160,68,67,55,43,55,77,365
823,corviknight,Corviknight,823,True,generation-viii,False,False,flying|steel,pressure|unnerve|mirror-armor,22,750,98,87,105,53,85,67,495
824,blipbug,Blipbug,824,True,generation-viii,False,False,bug,swarm|compound-eyes|telepathy,4,80,25,20,20,25,45,45,180
825,dottler,Dottler,825,True,generation-viii,False,False,bug|psychic,swarm|compound-eyes|telepathy,4,195,50,35,80,50,90,30,335
826,orbeetle,Orbeetle,826,True,generation-viii,False,False,bug|psychic,swarm|frisk|telepathy,4,408,60,45,110,80,120,90,505
827,nickit,Nickit,827,True,generation-viii,False,False,dark,run-away|unburden|stakeout,6,89,40,28,28,47,52,50,245
828,thievul,Thievul,828,True,generation-viii,False,False,dark,run-away|unburden|stakeout,12,199,70,58,58,87,92,90,455
829,gossifleur,Gossifleur,829,True,generation-viii,False,False,grass,cotton-down|regenerator|effect-spore,4,22,40,40,60,40,60,10,250
830,eldegoss,Eldegoss,830,True,generation-viii,False,False,grass,cotton-down|regenerator|effect-spore,5,25,60,50,90,80,120,60,460
831,wooloo,Wooloo,831,True,generation-viii,False,False,normal,fluffy|run-away|bulletproof,6,60,42,40,55,40,45,48,270
832,dubwool,Dubwool,832,True,generation-viii,False,False,normal,fluffy|steadfast|bulletproof,13,430,72,80,100,60,90,88,490
833,chewtle,Chewtle,833,True,generation-viii,False,False,water,strong-jaw|shell-armor|swift-swim,3,85,50,64,50,38,38,44,284
834,drednaw,Drednaw,834,True,generation-viii,False,False,water|rock,strong-jaw|shell-armor|swift-swim,10,1155,90,115,90,48,68,74,485
835,yamper,Yamper,835,True,generation-viii,False,False,electric,ball-fetch|rattled,3,135,59,45,50,40,50,26,270
836,boltund,Boltund,836,True,generation-viii,False,False,electric,strong-jaw|competitive,10,340,69,90,60,90,60,121,490
837,rolycoly,Rolycoly,837,True,generation-viii,False,False,rock,steam-engine|heatproof|flash-fire,3,120,30,40,50,40,50,30,240
838,carkol,Carkol,838,True,generation-viii,False,False,rock|fire,steam-engine|flame-body|flash-fire,11,780,80,60,90,60,70,50,410
839,coalossal,Coalossal,839,True,generation-viii,False,False,rock|fire,steam-engine|flame-body|flash-fire,28,3105,110,80,120,80,90,30,510
840,applin,Applin,840,True,generation-viii,False,False,grass|dragon,ripen|gluttony|bulletproof,2,5,40,40,80,40,40,20,260
841,flapple,Flapple,841,True,generation-viii,False,False,grass|dragon,ripen|gluttony|hustle,3,10,70,110,80,95,60,70,485
842,appletun,Appletun,842,True,generation-viii,False,False,grass|dragon,ripen|gluttony|thick-fat,4,130,110,85,80,100,80,30,485
843,silicobra,Silicobra,843,True,generation-viii,False,False,ground,sand-spit|shed-skin|sand-veil,22,76,52,57,75,35,50,46,315
844,sandaconda,Sandaconda,844,True,generation-viii,False,False,ground,sand-spit|shed-skin|sand-veil,38,655,72,107,125,65,70,71,510
845,cramorant,Cramorant,845,True,generation-viii,False,False,flying|water,gulp-missile,8,180,70,85,55,85,95,85,475
846,arrokuda,Arrokuda,846,True,generation-viii,False,False,water,swift-swim|propeller-tail,5,10,41,63,40,40,30,66,280
847,barraskewda,Barraskewda,847,True,generation-viii,False,False,water,swift-swim|propeller-tail,13,300,61,123,60,60,50,136,490
848,toxel,Toxel,848,True,generation-viii,False,False,electric|poison,rattled|static|klutz,4,110,40,38,35,54,35,40,242
849,toxtricity-amped,Toxtricity,849,True,generation-viii,False,False,electric|poison,punk-rock|plus|technician,16,400,75,98,70,114,70,75,502
850,sizzlipede,Sizzlipede,850,True,generation-viii,False,False,fire|bug,flash-fire|white-smoke|flame-body,7,10,50,65,45,50,50,45,305
851,centiskorch,Centiskorch,851,True,generation-viii,False,False,fire|bug,flash-fire|white-smoke|flame-body,30,1200,100,115,65,90,90,65,525
852,clobbopus,Clobbopus,852,True,generation-viii,False,False,fighting,limber|technician,6,40,50,68,60,50,50,32,310
853,grapploct,Grapploct,853,True,generation-viii,False,False,fighting,limber|technician,16,390,80,118,90,70,80,42,480
854,sinistea,Sinistea,854,True,generation-viii,False,False,ghost,weak-armor|cursed-body,1,2,40,45,45,74,54,50,308
855,polteageist,Polteageist,855,True,generation-viii,False,False,ghost,weak-armor|cursed-body,2,4,60,65,65,134,114,70,508
856,hatenna,Hatenna,856,True,generation-viii,False,False,psychic,healer|anticipation|magic-bounce,4,34,42,30,45,56,53,39,265
857,hattrem,Hattrem,857,True,generation-viii,False,False,psychic,healer|anticipation|magic-bounce,6,48,57,40,65,86,73,49,370
858,hatterene,Hatterene,858,True,generation-viii,False,False,psychic|fairy,healer|anticipation|magic-bounce,21,51,57,90,95,136,103,29,510
859,impidimp,Impidimp,859,True,generation-viii,False,False,dark|fairy,prankster|frisk|pickpocket,4,55,45,45,30,55,40,50,265
860,morgrem,Morgrem,860,True,generation-viii,False,False,dark|fairy,prankster|frisk|pickpocket,8,125,65,60,45,75,55,70,370
861,grimmsnarl,Grimmsnarl,861,True,generation-viii,False,False,dark|fairy,prankster|frisk|pickpocket,15,610,95,120,65,95,75,60,510
862,obstagoon,Obstagoon,862,True,generation-viii,False,False,dark|normal,reckless|guts|defiant,16,460,93,90,101,60,81,95,520
863,perrserker,Perrserker,863,True,generation-viii,False,False,steel,battle-armor|tough-claws|steely-spirit,8,280,70,110,100,50,60,50,440
864,cursola,Cursola,864,True,generation-viii,False,False,ghost,weak-armor|perish-body,10,4,60,95,50,145,130,30,510
865,sirfetchd,Sirfetch’d,865,True,generation-viii,False,False,fighting,steadfast|scrappy,8,1170,62,135,95,68,82,65,507
866,mr-rime,Mr. Rime,866,True,generation-viii,False,False,ice|psychic,tangled-feet|screen-cleaner|ice-body,15,582,80,85,75,110,100,70,520
867,runerigus,Runerigus,867,True,generation-viii,False,False,ground|ghost,wandering-spirit,16,666,58,95,145,50,105,30,483
868,milcery,Milcery,868,True,generation-viii,False,False,fairy,sweet-veil|aroma-veil,2,3,45,40,40,50,61,34,270
869,alcremie,Alcremie,869,True,generation-viii,False,False,fairy,sweet-veil|aroma-veil,3,5,65,60,75,110,121,64,495
870,falinks,Falinks,870,True,generation-viii,False,False,fighting,battle-armor|defiant,30,620,65,100,100,70,60,75,470
871,pincurchin,Pincurchin,871,True,generation-viii,False,False,electric,lightning-rod|electric-surge,3,10,48,101,95,91,85,15,435
872,snom,Snom,872,True,generation-viii,False,False,ice|bug,shield-dust|ice-scales,3,38,30,25,35,45,30,20,185
873,frosmoth,Frosmoth,873,True,generation-viii,False,False,ice|bug,shield-dust|ice-scales,13,420,70,65,60,125,90,65,475
874,stonjourner,Stonjourner,874,True,generation-viii,False,False,rock,power-spot,25,5200,100,125,135,20,20,70,470
875,eiscue-ice,Eiscue,875,True,generation-viii,False,False,ice,ice-face,14,890,75,80,110,65,90,50,470
876,indeedee-male,Indeedee,876,True,generation-viii,False,False,psychic|normal,inner-focus|synchronize|psychic-surge,9,280,60,65,55,105,95,95,475
877,morpeko-full-belly,Morpeko,877,True,generation-viii,False,False,electric|dark,hunger-switch,3,30,58,95,58,70,58,97,436
878,cufant,Cufant,878,True,generation-viii,False,False,steel,sheer-force|heavy-metal,12,1000,72,80,49,40,49,40,330
879,copperajah,Copperajah,879,True,generation-viii,False,False,steel,sheer-force|heavy-metal,30,6500,122,130,69,80,69,30,500
880,dracozolt,Dracozolt,880,True,generation-viii,False,False,electric|dragon,volt-absorb|hustle|sand-rush,18,1900,90,100,90,80,70,75,505
881,arctozolt,Arctozolt,881,True,generation-viii,False,False,electric|ice,volt-absorb|static|slush-rush,23,1500,90,100,90,90,80,55,505
882,dracovish,Dracovish,882,True,generation-viii,False,False,water|dragon,water-absorb|strong-jaw|sand-rush,23,2150,90,90,100,70,80,75,505
883,arctovish,Arctovish,883,True,generation-viii,False,False,water|ice,water-absorb|ice-body|slush-rush,20,1750,90,90,100,80,90,55,505
884,duraludon,Duraludon,884,True,generation-viii,False,False,steel|dragon,light-metal|heavy-metal|stalwart,18,400,70,95,115,120,50,85,535
885,dreepy,Dreepy,885,True,generation-viii,False,False,dragon|ghost,clear-body|infiltrator|cursed-body,5,20,28,60,30,40,30,82,270
886,drakloak,Drakloak,886,True,generation-viii,False,False,dragon|ghost,clear-body|infiltrator|cursed-body,14,110,68,80,50,60,50,102,410
887,dragapult,Dragapult,887,True,generation-viii,False,False,dragon|ghost,clear-body|infiltrator|cursed-body,30,500,88,120,75,100,75,142,600
888,zacian,Zacian,888,True,generation-viii,True,False,fairy,intrepid-sword,28,1100,92,120,115,80,115,138,660
889,zamazenta,Zamazenta,889,True,generation-viii,True,False,fighting,dauntless-shield,29,2100,92,120,115,80,115,138,660
890,eternatus,Eternatus,890,True,generation-viii,True,False,poison|dragon,pressure,200,9500,140,85,95,145,95,130,690
891,kubfu,Kubfu,891,True,generation-viii,True,False,fighting,inner-focus,6,120,60,90,60,53,50,72,385
892,urshifu-single-strike,Urshifu,892,True,generation-viii,True,False,fighting|dark,unseen-fist,19,1050,100,130,100,63,60,97,550
893,zarude,Zarude,893,True,generation-viii,False,True,dark|grass,leaf-guard,18,700,105,120,105,70,95,105,600
894,regieleki,Regieleki,894,True,generation-viii,True,False,electric,transistor,12,1450,80,100,50,100,50,200,580
895,regidrago,Regidrago,895,True,generation-viii,True,False,dragon,dragons-maw,21,2000,200,100,50,100,50,80,580
896,glastrier,Glastrier,896,True,generation-viii,True,False,ice,chilling-neigh,22,8000,100,145,130,65,110,30,580
897,spectrier,Spectrier,897,True,generation-viii,True,False,ghost,grim-neigh,20,445,100,65,60,145,80,130,580
898,calyrex,Calyrex,898,True,generation-viii,True,False,psychic|grass,unnerve,11,77,100,80,80,80,80,80,500
899,wyrdeer,Wyrdeer,899,True,generation-viii,False,False,normal|psychic,intimidate|frisk|sap-sipper,18,951,103,105,72,105,75,65,525
900,kleavor,Kleavor,900,True,generation-viii,False,False,bug|rock,swarm|sheer-force|sharpness,18,890,70,135,95,45,70,85,500
901,ursaluna,Ursaluna,901,True,generation-viii,False,False,ground|normal,guts|bulletproof|unnerve,24,2900,130,140,105,45,80,50,550
902,basculegion-male,Basculegion,902,True,generation-viii,False,False,water|ghost,swift-swim|adaptability|mold-breaker,30,1100,120,112,65,80,75,78,530
903,sneasler,Sneasler,903,True,generation-viii,False,False,fighting|poison,pressure|unburden|poison-touch,13,430,80,130,60,40,80,120,510
904,overqwil,Overqwil,904,True,generation-viii,False,False,dark|poison,poison-point|swift-swim|intimidate,25,605,85,115,95,65,65,85,510
905,enamorus-incarnate,Enamorus,905,True,generation-viii,True,False,fairy|flying,cute-charm|contrary,16,480,74,115,70,135,80,106,580
906,sprigatito,Sprigatito,906,True,generation-ix,False,False,grass,overgrow|protean,4,41,40,61,54,45,45,65,310
907,floragato,Floragato,907,True,generation-ix,False,False,grass,overgrow|protean,9,122,61,80,63,60,63,83,410
908,meowscarada,Meowscarada,908,True,generation-ix,False,False,grass|dark,overgrow|protean,15,312,76,110,70,81,70,123,530
909,fuecoco,Fuecoco,909,True,generation-ix,False,False,fire,blaze|unaware,4,98,67,45,59,63,40,36,310
910,crocalor,Crocalor,910,True,generation-ix,False,False,fire,blaze|unaware,10,307,81,55,78,90,58,49,411
911,skeledirge,Skeledirge,911,True,generation-ix,False,False,fire|ghost,blaze|unaware,16,3265,104,75,100,110,75,66,530
912,quaxly,Quaxly,912,True,generation-ix,False,False,water,torrent|moxie,5,61,55,65,45,50,45,50,310
913,quaxwell,Quaxwell,913,True,generation-ix,False,False,water,torrent|moxie,12,215,70,85,65,65,60,65,410
914,quaquaval,Quaquaval,914,True,generation-ix,False,False,water|fighting,torrent|moxie,18,619,85,120,80,85,75,85,530
915,lechonk,Lechonk,915,True,generation-ix,False,False,normal,aroma-veil|gluttony|thick-fat,5,102,54,45,40,35,45,35,254
916,oinkologne-male,Oinkologne,916,True,generation-ix,False,False,normal,lingering-aroma|gluttony|thick-fat,10,1200,110,100,75,59,80,65,489
917,tarountula,Tarountula,917,True,generation-ix,False,False,bug,insomnia|stakeout,3,40,35,41,45,29,40,20,210
918,spidops,Spidops,918,True,generation-ix,False,False,bug,insomnia|stakeout,10,165,60,79,92,52,86,35,404
919,nymble,Nymble,919,True,generation-ix,False,False,bug,swarm|tinted-lens,2,10,33,46,40,21,25,45,210
920,lokix,Lokix,920,True,generation-ix,False,False,bug|dark,swarm|tinted-lens,10,175,71,102,78,52,55,92,450
921,pawmi,Pawmi,921,True,generation-ix,False,False,electric,static|natural-cure|iron-fist,3,25,45,50,20,40,25,60,240
922,pawmo,Pawmo,922,True,generation-ix,False,False,electric|fighting,volt-absorb|natural-cure|iron-fist,4,65,60,75,40,50,40,85,350
923,pawmot,Pawmot,923,True,generation-ix,False,False,electric|fighting,volt-absorb|natural-cure|iron-fist,9,410,70,115,70,70,60,105,490
924,tandemaus,Tandemaus,924,True,generation-ix,False,False,normal,run-away|pickup|own-tempo,3,18,50,50,45,40,45,75,305
925,maushold-family-of-four,Maushold,925,True,generation-ix,False,False,normal,friend-guard|cheek-pouch|technician,3,28,74,75,70,65,75,111,470
926,fidough,Fidough,926,True,generation-ix,False,False,fairy,own-tempo|klutz,3,109,37,55,70,30,55,65,312
927,dachsbun,Dachsbun,927,True,generation-ix,False,False,fairy,well-baked-body|aroma-veil,5,149,57,80,115,50,80,95,477
928,smoliv,Smoliv,928,True,generation-ix,False,False,grass|normal,early-bird|harvest,3,65,41,35,45,58,51,30,260
929,dolliv,Dolliv,929,True,generation-ix,False,False,grass|normal,early-bird|harvest,6,119,52,53,60,78,78,33,354
930,arboliva,Arboliva,930,True,generation-ix,False,False,grass|normal,seed-sower|harvest,14,482,78,69,90,125,109,39,510
931,squawkabilly-green-plumage,Squawkabilly,931,True,generation-ix,False,False,normal|flying,intimidate|hustle|guts,6,24,82,96,51,45,51,92,417
932,nacli,Nacli,932,True,generation-ix,False,False,rock,purifying-salt|sturdy|clear-body,4,160,55,55,75,35,35,25,280
933,naclstack,Naclstack,933,True,generation-ix,False,False,rock,purifying-salt|sturdy|clear-body,6,1050,60,60,100,35,65,35,355
934,garganacl,Garganacl,934,True,generation-ix,False,False,rock,purifying-salt|sturdy|clear-body,23,2400,100,100,130,45,90,35,500
935,charcadet,Charcadet,935,True,generation-ix,False,False,fire,flash-fire|flame-body,6,105,40,50,40,50,40,35,255
936,armarouge,Armarouge,936,True,generation-ix,False,False,fire|psychic,flash-fire|weak-armor,15,850,85,60,100,125,80,75,525
937,ceruledge,Ceruledge,937,True,generation-ix,False,False,fire|ghost,flash-fire|weak-armor,16,620,75,125,80,60,100,85,525
938,tadbulb,Tadbulb,938,True,generation-ix,False,False,electric,own-tempo|static|damp,3,4,61,31,41,59,35,45,272
939,bellibolt,Bellibolt,939,True,generation-ix,False,False,electric,electromorphosis|static|damp,12,1130,109,64,91,103,83,45,495
940,wattrel,Wattrel,940,True,generation-ix,False,False,electric|flying,wind-power|volt-absorb|competitive,4,36,40,40,35,55,40,70,280
941,kilowattrel,Kilowattrel,941,True,generation-ix,False,False,electric|flying,wind-power|volt-absorb|competitive,14,386,70,70,60,105,60,125,490
942,maschiff,Maschiff,942,True,generation-ix,False,False,dark,intimidate|run-away|stakeout,5,160,60,78,60,40,51,51,340
943,mabosstiff,Mabosstiff,943,True,generation-ix,False,False,dark,intimidate|guard-dog|stakeout,11,610,80,120,90,60,70,85,505
944,shroodle,Shroodle,944,True,generation-ix,False,False,poison|normal,unburden|pickpocket|prankster,2,7,40,65,35,40,35,75,290
945,grafaiai,Grafaiai,945,True,generation-ix,False,False,poison|normal,unburden|poison-touch|prankster,7,272,63,95,65,80,72,110,485
946,bramblin,Bramblin,946,True,generation-ix,False,False,grass|ghost,wind-rider|infiltrator,6,6,40,65,30,45,35,60,275
947,brambleghast,Brambleghast,947,True,generation-ix,False,False,grass|ghost,wind-rider|infiltrator,12,60,55,115,70,80,70,90,480
948,toedscool,Toedscool,948,True,generation-ix,False,False,ground|grass,mycelium-might,9,330,40,40,35,50,100,70,335
949,toedscruel,Toedscruel,949,True,generation-ix,False,False,ground|grass,mycelium-might,19,580,80,70,65,80,120,100,515
950,klawf,Klawf,950,True,generation-ix,False,False,rock,anger-shell|shell-armor|regenerator,13,790,70,100,115,35,55,75,450
951,capsakid,Capsakid,951,True,generation-ix,False,False,grass,chlorophyll|insomnia|klutz,3,30,50,62,40,62,40,50,304
952,scovillain,Scovillain,952,True,generation-ix,False,False,grass|fire,chlorophyll|insomnia|moody,9,150,65,108,65,108,65,75,486
953,rellor,Rellor,953,True,generation-ix,False,False,bug,compound-eyes|shed-skin,2,10,41,50,60,31,58,30,270
954,rabsca,Rabsca,954,True,generation-ix,False,False,bug|psychic,synchronize|telepathy,3,35,75,50,85,115,100,45,470
955,flittle,Flittle,955,True,generation-ix,False,False,psychic,anticipation|frisk|speed-boost,2,15,30,35,30,55,30,75,255
956,espathra,Espathra,956,True,generation-ix,False,False,psychic,opportunist|frisk|speed-boost,19,900,95,60,60,101,60,105,481
957,tinkatink,Tinkatink,957,True,generation-ix,False,False,fairy|steel,mold-breaker|own-tempo|pickpocket,4,89,50,45,45,35,64,58,297
958,tinkatuff,Tinkatuff,958,True,generation-ix,False,False,fairy|steel,mold-breaker|own-tempo|pickpocket,7,591,65,55,55,45,82,78,380
959,tinkaton,Tinkaton,959,True,generation-ix,False,False,fairy|steel,mold-breaker|own-tempo|pickpocket,7,1128,85,75,77,70,105,94,506
960,wiglett,Wiglett,960,True,generation-ix,False,False,water,gooey|rattled|sand-veil,12,18,10,55,25,35,25,95,245
961,wugtrio,Wugtrio,961,True,generation-ix,False,False,water,gooey|rattled|sand-veil,12,54,35,100,50,50,70,120,425
962,bombirdier,Bombirdier,962,True,generation-ix,False,False,flying|dark,big-pecks|keen-eye|rocky-payload,15,429,70,103,85,60,85,82,485
963,finizen,Finizen,963,True,generation-ix,False,False,water,water-veil,13,602,70,45,40,45,40,75,315
964,palafin-zero,Palafin,964,True,generation-ix,False,False,water,zero-to-hero,13,602,100,70,72,53,62,100,457
965,varoom,Varoom,965,True,generation-ix,False,False,steel|poison,overcoat|slow-start,10,350,45,70,63,30,45,47,300
966,revavroom,Revavroom,966,True,generation-ix,False,False,steel|poison,overcoat|filter,18,1200,80,119,90,54,67,90,500
967,cyclizar,Cyclizar,967,True,generation-ix,False,False,dragon|normal,shed-skin|regenerator,16,630,70,95,65,85,65,121,501
968,orthworm,Orthworm,968,True,generation-ix,False,False,steel,earth-eater|sand-veil,25,3100,70,85,145,60,55,65,480
969,glimmet,Glimmet,969,True,generation-ix,False,False,rock|poison,toxic-debris|corrosion,7,80,48,35,42,105,60,60,350
970,glimmora,Glimmora,970,True,generation-ix,False,False,rock|poison,toxic-debris|corrosion,15,450,83,55,90,130,81,86,525
971,greavard,Greavard,971,True,generation-ix,False,False,ghost,pickup|fluffy,6,350,50,61,60,30,55,34,290
972,houndstone,Houndstone,972,True,generation-ix,False,False,ghost,sand-rush|fluffy,20,150,72,101,100,50,97,68,488
973,flamigo,Flamigo,973,True,generation-ix,False,False,flying|fighting,scrappy|tangled-feet|costar,16,370,82,115,74,75,64,90,500
974,cetoddle,Cetoddle,974,True,generation-ix,False,False,ice,thick-fat|snow-cloak|sheer-force,12,450,108,68,45,30,40,43,334
975,cetitan,Cetitan,975,True,generation-ix,False,False,ice,thick-fat|slush-rush|sheer-force,45,7000,170,113,65,45,55,73,521
976,veluza,Veluza,976,True,generation-ix,False,False,water|psychic,mold-breaker|sharpness,25,900,90,102,73,78,65,70,478
977,dondozo,Dondozo,977,True,generation-ix,False,False,water,unaware|oblivious|water-veil,120,2200,150,100,115,65,65,35,530
978,tatsugiri-curly,Tatsugiri,978,True,generation-ix,False,False,dragon|water,commander|storm-drain,3,80,68,50,60,120,95,82,475
979,annihilape,Annihilape,979,True,generation-ix,False,False,fighting|ghost,vital-spirit|inner-focus|defiant,12,560,110,115,80,50,90,90,535
980,clodsire,Clodsire,980,True,generation-ix,False,False,poison|ground,poison-point|water-absorb|unaware,18,2230,130,75,60,45,100,20,430
981,farigiraf,Farigiraf,981,True,generation-ix,False,False,normal|psychic,cud-chew|armor-tail|sap-sipper,32,1600,120,90,70,110,70,60,520
982,dudunsparce-two-segment,Dudunsparce,982,True,generation-ix,False,False,normal,serene-grace|run-away|rattled,36,392,125,100,80,85,75,55,520
983,kingambit,Kingambit,983,True,generation-ix,False,False,dark|steel,defiant|supreme-overlord|pressure,20,1200,100,135,120,60,85,50,550
984,great-tusk,Great Tusk,984,True,generation-ix,False,False,ground|fighting,protosynthesis,22,3200,115,131,131,53,53,87,570
985,scream-tail,Scream Tail,985,True,generation-ix,False,False,fairy|psychic,protosynthesis,12,80,115,65,99,65,115,111,570
986,brute-bonnet,Brute Bonnet,986,True,generation-ix,False,False,grass|dark,protosynthesis,12,210,111,127,99,79,99,55,570
987,flutter-mane,Flutter Mane,987,True,generation-ix,False,False,ghost|fairy,protosynthesis,14,40,55,55,55,135,135,135,570
988,slither-wing,Slither Wing,988,True,generation-ix,False,False,bug|fighting,protosynthesis,32,920,85,135,79,85,105,81,570
989,sandy-shocks,Sandy Shocks,989,True,generation-ix,False,False,electric|ground,protosynthesis,23,600,85,81,97,121,85,101,570
990,iron-treads,Iron Treads,990,True,generation-ix,False,False,ground|steel,quark-drive,9,2400,90,112,120,72,70,106,570
991,iron-bundle,Iron Bundle,991,True,generation-ix,False,False,ice|water,quark-drive,6,110,56,80,114,124,60,136,570
992,iron-hands,Iron Hands,992,True,generation-ix,False,False,fighting|electric,quark-drive,18,3807,154,140,108,50,68,50,570
993,iron-jugulis,Iron Jugulis,993,True,generation-ix,False,False,dark|flying,quark-drive,13,1110,94,80,86,122,80,108,570
994,iron-moth,Iron Moth,994,True,generation-ix,False,False,fire|poison,quark-drive,12,360,80,70,60,140,110,110,570
995,iron-thorns,Iron Thorns,995,True,generation-ix,False,False,rock|electric,quark-drive,16,3030,100,134,110,70,84,72,570
996,frigibax,Frigibax,996,True,generation-ix,False,False,dragon|ice,thermal-exchange|ice-body,5,170,65,75,45,35,45,55,320
997,arctibax,Arctibax,997,True,generation-ix,False,False,dragon|ice,thermal-exchange|ice-body,8,300,90,95,66,45,65,62,423
998,baxcalibur,Baxcalibur,998,True,generation-ix,False,False,dragon|ice,thermal-exchange|ice-body,21,2100,115,145,92,75,86,87,600
999,gimmighoul,Gimmighoul,999,True,generation-ix,False,False,ghost,rattled,3,50,45,30,70,75,70,10,300
1000,gholdengo,Gholdengo,1000,True,generation-ix,False,False,steel|ghost,good-as-gold,12,300,87,60,95,133,91,84,550
1001,wo-chien,Wo-Chien,1001,True,generation-ix,True,False,dark|grass,tablets-of-ruin,15,742,85,85,100,95,135,70,570
1002,chien-pao,Chien-Pao,1002,True,generation-ix,True,False,dark|ice,sword-of-ruin,19,1522,80,120,80,90,65,135,570
1003,ting-lu,Ting-Lu,1003,True,generation-ix,True,False,dark|ground,vessel-of-ruin,27,6997,155,110,125,55,80,45,570
1004,chi-yu,Chi-Yu,1004,True,generation-ix,True,False,dark|fire,beads-of-ruin,4,49,55,80,80,135,120,100,570
1005,roaring-moon,Roaring Moon,1005,True,generation-ix,False,False,dragon|dark,protosynthesis,20,3800,105,139,71,55,101,119,590
1006,iron-valiant,Iron Valiant,1006,True,generation-ix,False,False,fairy|fighting,quark-drive,14,350,74,130,90,120,60,116,590
1007,koraidon,Koraidon,1007,True,generation-ix,True,False,fighting|dragon,orichalcum-pulse,25,3030,100,135,115,85,100,135,670
1008,miraidon,Miraidon,1008,True,generation-ix,True,False,electric|dragon,hadron-engine,35,2400,100,85,100,135,115,135,670
1009,walking-wake,Walking Wake,1009,True,generation-ix,False,False,water|dragon,protosynthesis,35,2800,99,83,91,125,83,109,590
1010,iron-leaves,Iron Leaves,1010,True,generation-ix,False,False,grass|psychic,quark-drive,15,1250,90,130,88,70,108,104,590
1011,dipplin,Dipplin,1011,True,generation-ix,False,False,grass|dragon,supersweet-syrup|gluttony|sticky-hold,4,97,80,80,110,95,80,40,485
1012,poltchageist,Poltchageist,1012,True,generation-ix,False,False,grass|ghost,hospitality|heatproof,1,11,40,45,45,74,54,50,308
1013,sinistcha,Sinistcha,1013,True,generation-ix,False,False,grass|ghost,hospitality|heatproof,2,22,71,60,106,121,80,70,508
1014,okidogi,Okidogi,1014,True,generation-ix,True,False,poison|fighting,toxic-chain|guard-dog,18,922,88,128,115,58,86,80,555
1015,munkidori,Munkidori,1015,True,generation-ix,True,False,poison|psychic,toxic-chain|frisk,10,122,88,75,66,130,90,106,555
1016,fezandipiti,Fezandipiti,1016,True,generation-ix,True,False,poison|fairy,toxic-chain|technician,14,301,88,91,82,70,125,99,555
1017,ogerpon,Ogerpon,1017,True,generation-ix,True,False,grass,defiant,12,398,80,120,84,60,96,110,550
1018,archaludon,Archaludon,1018,True,generation-ix,False,False,steel|dragon,stamina|sturdy|stalwart,20,600,90,105,130,125,65,85,600
1019,hydrapple,Hydrapple,1019,True,generation-ix,False,False,grass|dragon,supersweet-syrup|regenerator|sticky-hold,18,930,106,80,110,120,80,44,540
1020,gouging-fire,Gouging Fire,1020,True,generation-ix,False,False,fire|dragon,protosynthesis,35,5900,105,115,121,65,93,91,590
1021,raging-bolt,Raging Bolt,1021,True,generation-ix,False,False,electric|dragon,protosynthesis,52,4800,125,73,91,137,89,75,590
1022,iron-boulder,Iron Boulder,1022,True,generation-ix,False,False,rock|psychic,quark-drive,15,1625,90,120,80,68,108,124,590
1023,iron-crown,Iron Crown,1023,True,generation-ix,False,False,steel|psychic,quark-drive,16,1560,90,72,100,122,108,98,590
1024,terapagos,Terapagos,1024,True,generation-ix,True,False,normal,tera-shift,2,65,90,65,85,65,85,60,450
1025,pecharunt,Pecharunt,1025,True,generation-ix,False,True,poison|ghost,poison-puppeteer,3,3,88,88,160,88,88,88,600
10091,rattata-alola,Alolan Rattata,19,False,generation-i,False,False,dark|normal,gluttony|hustle|thick-fat,3,38,30,56,35,25,35,72,253
10092,raticate-alola,Alolan Raticate,20,False,generation-i,False,False,dark|normal,gluttony|hustle|thick-fat,7,255,75,71,70,40,80,77,413
10100,raichu-alola,Alolan Raichu,26,False,generation-i,False,False,electric|psychic,surge-surfer,7,210,60,85,50,95,85,110,485
10101,sandshrew-alola,Alolan Sandshrew,27,False,generation-i,False,False,ice|steel,snow-cloak|slush-rush,7,400,50,75,90,10,35,40,300
10102,sandslash-alola,Alolan Sandslash,28,False,generation-i,False,False,ice|steel,snow-cloak|slush-rush,12,550,75,100,120,25,65,65,450
10103,vulpix-alola,Alolan Vulpix,37,False,generation-i,False,False,ice,snow-cloak|snow-warning,6,99,38,41,40,50,65,65,299
10104,ninetales-alola,Alolan Ninetales,38,False,generation-i,False,False,ice|fairy,snow-cloak|snow-warning,11,199,73,67,75,81,100,109,505
10105,diglett-alola,Alolan Diglett,50,False,generation-i,False,False,ground|steel,sand-veil|tangling-hair|sand-force,2,10,10,55,30,35,45,90,265
10106,dugtrio-alola,Alolan Dugtrio,51,False,generation-i,False,False,ground|steel,sand-veil|tangling-hair|sand-force,7,666,35,100,60,50,70,110,425
10107,meowth-alola,Alolan Meowth,52,False,generation-i,False,False,dark,pickup|technician|rattled,4,42,40,35,35,50,40,90,290
10108,persian-alola,Alolan Persian,53,False,generation-i,False,False,dark,fur-coat|technician|rattled,11,330,65,60,60,75,65,115,440
10109,geodude-alola,Alolan Geodude,74,False,generation-i,False,False,rock|electric,magnet-pull|sturdy|galvanize,4,203,40,80,100,30,30,20,300
10110,graveler-alola,Alolan Graveler,75,False,generation-i,False,False,rock|electric,magnet-pull|sturdy|galvanize,10,1100,55,95,115,45,45,35,390
10111,golem-alola,Alolan Golem,76,False,generation-i,False,False,rock|electric,magnet-pull|sturdy|galvanize,17,3160,80,120,130,55,65,45,495
10112,grimer-alola,Alolan Grimer,88,False,generation-i,False,False,poison|dark,poison-touch|gluttony|power-of-alchemy,7,420,80,80,50,40,50,25,325
10113,muk-alola,Alolan Muk,89,False,generation-i,False,False,poison|dark,poison-touch|gluttony|power-of-alchemy,10,520,105,105,75,65,100,50,500
10114,exeggutor-alola,Alolan Exeggutor,103,False,generation-i,False,False,grass|dragon,frisk|harvest,109,4156,95,105,85,125,75,45,530
10115,marowak-alola,Alolan Marowak,105,False,generation-i,False,False,fire|ghost,cursed-body|lightning-rod|rock-head,10,340,60,80,110,50,80,45,425
10161,meowth-galar,Galarian Meowth,52,False,generation-i,False,False,steel,pickup|tough-claws|unnerve,4,75,50,65,55,40,40,40,290
10162,ponyta-galar,Galarian Ponyta,77,False,generation-i,False,False,psychic,run-away|pastel-veil|anticipation,8,240,50,85,55,65,65,90,410
10163,rapidash-galar,Galarian Rapidash,78,False,generation-i,False,False,psychic|fairy,run-away|pastel-veil|anticipation,17,800,65,100,70,80,80,105,500
10164,slowpoke-galar,Galarian Slowpoke,79,False,generation-i,False,False,psychic,gluttony|own-tempo|regenerator,12,360,90,65,65,40,40,15,315
10165,slowbro-galar,Galarian Slowbro,80,False,generation-i,False,False,poison|psychic,quick-draw|own-tempo|regenerator,16,705,95,100,95,100,70,30,490
10166,farfetchd-galar,Galarian Farfetch’d,83,False,generation-i,False,False,fighting,steadfast|scrappy,8,420,52,95,55,58,62,55,377
10167,weezing-galar,Galarian Weezing,110,False,generation-i,False,False,poison|fairy,levitate|neutralizing-gas|misty-surge,30,160,65,90,120,85,70,60,490
10168,mr-mime-galar,Galarian Mr. Mime,122,False,generation-i,False,False,ice|psychic,vital-spirit|screen-cleaner|ice-body,14,568,50,65,65,90,90,100,460
10169,articuno-galar,Galarian Articuno,144,False,generation-i,True,False,psychic|flying,competitive,17,509,90,85,85,125,100,95,580
10170,zapdos-galar,Galarian Zapdos,145,False,generation-i,True,False,fighting|flying,defiant,16,582,90,125,90,85,90,100,580
10171,moltres-galar,Galarian Moltres,146,False,generation-i,True,False,dark|flying,berserk,20,660,90,85,90,100,125,90,580
10172,slowking-galar,Galarian Slowking,199,False,generation-ii,False,False,poison|psychic,curious-medicine|own-tempo|regenerator,18,795,95,65,80,110,110,30,490
10173,corsola-galar,Galarian Corsola,222,False,generation-ii,False,False,ghost,weak-armor|cursed-body,6,5,60,55,100,65,100,30,410
10174,zigzagoon-galar,Galarian Zigzagoon,263,False,generation-iii,False,False,dark|normal,pickup|gluttony|quick-feet,4,175,38,30,41,30,41,60,240
10175,linoone-galar,Galarian Linoone,264,False,generation-iii,False,False,dark|normal,pickup|gluttony|quick-feet,5,325,78,70,61,50,61,100,420
10176,darumaka-galar,Galarian Darumaka,554,False,generation-v,False,False,ice,hustle|inner-focus,7,400,70,90,45,15,45,50,315
10177,darmanitan-galar-standard,Galarian Darmanitan,555,False,generation-v,False,False,ice,gorilla-tactics|zen-mode,17,1200,105,140,55,30,55,95,480
10179,yamask-galar,Galarian Yamask,562,False,generation-v,False,False,ground|ghost,wandering-spirit,5,15,38,55,85,30,65,30,303
10180,stunfisk-galar,Galarian Stunfisk,618,False,generation-v,False,False,ground|steel,mimicry,7,205,109,81,99,66,84,32,471
10229,growlithe-hisui,Hisuian Growlithe,58,False,generation-i,False,False,fire|rock,intimidate|flash-fire|rock-head,8,227,60,75,45,65,50,55,350
10230,arcanine-hisui,Hisuian Arcanine,59,False,generation-i,False,False,fire|rock,intimidate|flash-fire|rock-head,20,1680,95,115,80,95,80,90,555
10231,voltorb-hisui,Hisuian Voltorb,100,False,generation-i,False,False,electric|grass,soundproof|static|aftermath,5,130,40,30,50,55,55,100,330
10232,electrode-hisui,Hisuian Electrode,101,False,generation-i,False,False,electric|grass,soundproof|static|aftermath,12,710,60,50,70,80,80,150,490
10233,typhlosion-hisui,Hisuian Typhlosion,157,False,generation-ii,False,False,fire|ghost,blaze|frisk,16,698,73,84,78,119,85,95,534
10234,qwilfish-hisui,Hisuian Qwilfish,211,False,generation-ii,False,False,dark|poison,poison-point|swift-swim|intimidate,5,39,65,95,85,55,55,85,440
10235,sneasel-hisui,Hisuian Sneasel,215,False,generation-ii,False,False,fighting|poison,inner-focus|keen-eye|pickpocket,9,270,55,95,55,35,75,115,430
10236,samurott-hisui,Hisuian Samurott,503,False,generation-v,False,False,water|dark,torrent|sharpness,15,582,90,108,80,100,65,85,528
10237,lilligant-hisui,Hisuian Lilligant,549,False,generation-v,False,False,grass|fighting,chlorophyll|hustle|leaf-guard,12,192,70,105,75,50,75,105,480
10238,zorua-hisui,Hisuian Zorua,570,False,generation-v,False,False,normal|ghost,illusion,7,125,35,60,40,85,40,70,330
10239,zoroark-hisui,Hisuian Zoroark,571,False,generation-v,False,False,normal|ghost,illusion,16,730,55,100,60,125,60,110,510
10240,braviary-hisui,Hisuian Braviary,628,False,generation-v,False,False,psychic|flying,keen-eye|sheer-force|tinted-lens,17,434,110,83,70,112,70,65,510
10241,sliggoo-hisui,Hisuian Sliggoo,705,False,generation-vi,False,False,steel|dragon,sap-sipper|shell-armor|gooey,7,685,58,75,83,83,113,40,452
10242,goodra-hisui,Hisuian Goodra,706,False,generation-vi,False,False,steel|dragon,sap-sipper|shell-armor|gooey,17,3341,80,100,100,110,150,60,600
10243,avalugg-hisui,Hisuian Avalugg,713,False,generation-vi,False,False,ice|rock,strong-jaw|ice-body|sturdy,14,2624,95,127,184,34,36,38,514
10244,decidueye-hisui,Hisuian Decidueye,724,False,generation-vii,False,False,grass|fighting,overgrow|scrappy,16,370,88,112,80,95,95,60,530
10250,tauros-paldea-combat-breed,Paldean Tauros (Combat Breed),128,False,generation-i,False,False,fighting,intimidate|anger-point|cud-chew,14,1150,75,110,105,30,70,100,490
10251,tauros-paldea-blaze-breed,Paldean Tauros (Blaze Breed),128,False,generation-i,False,False,fighting|fire,intimidate|anger-point|cud-chew,14,850,75,110,105,30,70,100,490
10252,tauros-paldea-aqua-breed,Paldean Tauros (Aqua Breed),128,False,generation-i,False,False,fighting|water,intimidate|anger-point|cud-chew,14,1100,75,110,105,30,70,100,490
10253,wooper-paldea,Paldean Wooper,194,False,generation-ii,False,False,poison|ground,poison-point|water-absorb|unaware,4,110,55,45,45,25,25,15,210
