id,name,types,bst,speed,shooting,layup,dunk,passing,power,steal,block,rebound,ball_handling,stars_speed,stars_shooting,stars_layup,stars_dunk,stars_passing,stars_power,stars_steal,stars_block,stars_rebound,stars_ball_handling,stars_clutch,stars_overall
1,Bulbasaur,grass|poison,318,25.2,51.1,12.8,23.9,48.0,14.2,12.8,23.5,21.5,17.2,2.5,3.5,2.0,2.5,3.5,2.0,2.0,2.5,2.5,2.0,2.5,2.5
2,Ivysaur,grass|poison,405,43.2,65.7,34.4,40.1,70.1,29.3,34.4,44.5,39.3,41.6,3.0,3.5,2.5,2.5,4.0,2.5,2.5,3.0,2.5,3.0,3.0,3.0
3,Venusaur,grass|poison,525,66.3,83.4,66.4,76.9,91.0,73.2,66.4,84.1,85.8,69.9,3.0,4.0,3.0,3.5,4.0,3.5,3.0,4.0,4.0,3.5,3.5,3.5
4,Charmander,fire,309,49.8,43.5,30.5,22.5,28.8,19.6,30.5,16.8,15.1,41.4,3.5,3.0,2.5,2.5,2.5,2.0,2.5,2.0,2.0,3.0,2.5,2.5
5,Charmeleon,fire,405,66.3,65.7,50.4,44.8,56.8,33.6,50.4,42.3,41.5,61.8,3.5,3.5,3.0,3.0,3.0,2.5,3.0,2.5,2.5,3.5,3.0,3.0
6,Charizard,fire|flying,534,85.9,87.9,79.9,83.0,87.0,73.0,79.9,76.3,81.0,86.0,4.0,4.0,3.5,3.5,4.0,3.5,3.5,3.5,3.5,4.0,3.5,3.5
7,Squirtle,water,314,22.3,29.2,11.0,15.6,32.5,17.5,11.0,29.9,15.3,21.2,2.5,3.0,2.0,2.0,3.0,2.5,2.0,3.0,2.0,2.5,2.5,2.5
8,Wartortle,water,405,39.7,51.1,32.1,41.1,60.3,35.8,32.1,59.8,41.6,44.5,2.5,3.0,2.5,3.0,3.5,2.5,2.5,3.5,3.0,3.0,3.0,3.0
9,Blastoise,water,530,64.1,70.8,65.4,70.7,86.4,72.1,65.4,88.0,79.7,72.1,3.0,3.5,3.0,3.5,4.0,3.5,3.0,4.0,3.5,3.5,3.5,3.5
10,Caterpie,bug,195,25.2,1.2,7.8,1.8,0.2,2.2,7.8,2.5,5.4,14.5,3.0,2.0,2.0,2.0,2.0,2.0,2.0,2.0,2.0,2.5,2.0,2.0
11,Metapod,bug,205,8.7,2.8,1.8,15.0,0.9,9.0,1.8,28.9,26.8,5.4,2.0,2.0,2.0,2.5,2.0,2.0,2.0,3.0,3.0,2.0,2.0,2.0
12,Butterfree,bug|flying,395,56.3,74.7,29.9,40.4,75.0,29.6,29.9,37.2,48.5,52.2,3.5,4.0,2.0,2.5,4.0,2.0,2.0,2.5,3.0,3.0,2.5,3.0
13,Weedle,bug|poison,195,31.6,1.2,10.8,2.7,0.2,3.3,10.8,1.5,4.0,19.5,3.0,2.0,2.5,2.0,2.0,2.0,2.5,2.0,2.0,2.5,2.0,2.0
14,Kakuna,bug|poison,205,14.0,2.8,3.5,11.6,0.9,9.9,3.5,22.3,22.0,7.5,2.5,2.0,2.0,2.5,2.0,2.0,2.0,2.5,2.5,2.0,2.0,2.0
15,Beedrill,bug|poison,395,61.9,23.0,68.4,60.6,43.3,60.5,68.4,26.7,48.8,53.8,3.5,2.0,3.5,3.5,2.5,3.5,3.5,2.0,3.0,3.0,2.5,3.0
16,Pidgey,normal|flying,251,38.6,10.3,18.2,14.9,5.4,4.3,18.2,4.0,3.2,29.4,3.5,2.0,2.5,2.5,2.0,2.0,2.5,2.0,2.0,3.0,2.0,2.5
17,Pidgeotto,normal|flying,349,58.9,29.2,43.0,52.4,22.0,38.5,43.0,40.4,49.5,55.4,3.5,2.5,3.0,3.0,2.0,2.5,3.0,3.0,3.0,3.5,2.5,3.0
18,Pidgeot,normal|flying,479,87.8,56.7,77.8,77.1,54.9,59.8,77.8,69.5,72.1,88.0,4.0,3.0,3.5,3.5,3.0,3.0,3.5,3.5,3.5,4.0,3.0,3.5
19,Rattata,normal,253,59.5,2.8,41.0,13.9,3.5,15.9,41.0,2.5,2.4,50.5,4.0,1.5,3.0,2.0,1.5,2.0,3.0,1.5,1.5,3.5,2.0,2.5
20,Raticate,normal,413,83.1,29.2,76.8,46.9,39.1,48.8,76.8,33.3,33.6,78.2,4.0,2.0,4.0,3.0,2.5,3.0,4.0,2.0,2.5,4.0,3.0,3.0
21,Spearow,normal|flying,262,56.3,7.9,41.6,25.3,3.8,15.1,41.6,1.5,3.3,46.2,4.0,2.0,3.0,2.5,1.5,2.0,3.0,1.5,1.5,3.5,2.0,2.5
22,Fearow,normal|flying,442,85.9,46.8,83.7,76.6,42.0,65.5,83.7,54.0,56.9,82.2,4.0,2.5,4.0,3.5,2.5,3.5,4.0,3.0,3.0,4.0,3.0,3.5
23,Ekans,poison,288,36.8,16.2,26.9,61.5,18.2,22.1,26.9,52.7,36.6,28.0,3.0,2.0,2.5,4.0,2.0,2.0,2.5,3.5,3.0,2.5,2.0,2.5
24,Arbok,poison,448,66.3,51.1,75.1,88.9,57.9,75.6,75.1,78.3,72.2,64.7,3.0,2.5,3.5,4.0,3.0,3.5,3.5,3.5,3.5,3.0,3.0,3.5
25,Pikachu,electric,320,86.1,29.2,50.2,16.5,22.0,18.5,50.2,6.9,6.6,64.9,4.5,2.5,3.5,2.0,2.0,2.0,3.5,1.5,1.5,4.0,2.5,2.5
26,Raichu,electric,485,100.0,74.7,86.9,55.1,75.0,61.1,86.9,32.0,42.4,85.4,4.5,3.5,4.0,3.0,3.5,3.0,4.0,2.0,2.5,4.0,3.5,3.5
27,Sandshrew,ground,300,18.9,1.2,27.7,35.7,1.5,36.7,27.7,50.0,26.1,24.6,2.5,1.5,2.5,3.0,1.5,3.0,2.5,3.5,2.5,2.5,2.5,2.5
28,Sandslash,ground,450,49.8,23.0,66.9,65.9,23.5,66.1,66.9,74.1,56.4,59.8,3.0,2.0,3.5,3.5,2.0,3.5,3.5,4.0,3.0,3.5,3.0,3.0
29,Nidoran♀,poison,275,21.0,16.2,10.1,10.9,9.9,13.9,10.1,15.6,17.6,15.2,2.5,2.5,2.0,2.0,2.0,2.5,2.0,2.5,2.5,2.5,2.0,2.5
30,Nidorina,poison,365,38.6,36.3,30.8,33.6,30.2,33.8,30.8,42.2,44.3,38.4,3.0,2.5,2.5,2.5,2.5,2.5,2.5,3.0,3.0,3.0,2.5,2.5
31,Nidoqueen,poison|ground,505,63.3,61.6,72.0,69.8,71.4,72.9,72.0,71.8,76.7,67.7,3.0,3.0,3.5,3.5,3.5,3.5,3.5,3.5,3.5,3.5,3.5,3.5
32,Nidoran♂,poison,273,31.6,16.2,22.0,21.6,9.9,22.8,22.0,11.2,18.2,22.0,3.0,2.5,2.5,2.5,2.0,2.5,2.5,2.0,2.5,2.5,2.0,2.5
33,Nidorino,poison,365,49.8,36.3,46.7,45.3,30.2,41.8,46.7,36.7,41.2,47.6,3.0,2.5,3.0,3.0,2.5,3.0,3.0,2.5,3.0,3.0,2.5,3.0
34,Nidoking,poison|ground,505,71.6,70.8,82.6,77.8,68.6,79.9,82.6,68.0,76.1,73.4,3.5,3.5,4.0,3.5,3.0,3.5,4.0,3.0,3.5,3.5,3.5,3.5
35,Clefairy,fairy,323,14.0,43.5,6.7,18.3,53.5,12.8,6.7,20.1,34.3,6.8,2.0,3.5,2.0,2.5,3.5,2.0,2.0,2.5,3.0,2.0,2.5,2.5
36,Clefable,fairy,483,43.2,78.8,40.2,55.7,94.2,53.1,40.2,62.8,73.2,46.3,2.5,4.0,2.5,3.0,4.5,3.0,2.5,3.5,4.0,2.5,3.0,3.0
37,Vulpix,fire,299,49.8,29.2,23.0,17.1,34.5,15.4,23.0,15.1,15.9,40.2,3.5,2.5,2.5,2.0,3.0,2.0,2.5,2.0,2.0,3.0,2.5,2.5
38,Ninetales,fire,505,85.9,68.0,74.4,54.6,82.9,46.0,74.4,58.6,52.4,85.6,4.0,3.5,3.5,3.0,4.0,2.5,3.5,3.0,2.5,4.0,3.5,3.5
39,Jigglypuff,normal|fairy,270,3.0,23.0,3.6,14.3,18.7,10.3,3.6,5.8,43.4,0.3,2.0,2.5,2.0,2.5,2.5,2.0,2.0,2.0,3.5,2.0,2.0,2.5
40,Wigglytuff,normal|fairy,435,25.2,70.8,28.2,47.3,55.0,33.5,28.2,30.4,61.1,16.8,2.0,4.0,2.5,3.0,3.5,2.5,2.5,2.5,3.5,2.0,3.0,3.0
41,Zubat,poison|flying,245,36.8,5.9,17.1,34.4,6.1,12.8,17.1,19.2,21.2,26.8,3.0,2.0,2.5,3.0,2.0,2.0,2.5,2.5,2.5,2.5,2.0,2.5
42,Golbat,poison|flying,455,76.1,51.1,71.1,79.3,56.2,64.6,71.1,67.7,72.9,75.7,3.5,2.5,3.5,4.0,3.0,3.0,3.5,3.5,3.5,3.5,3.0,3.5
43,Oddish,grass|poison,320,8.7,61.6,6.9,17.4,53.8,13.2,6.9,21.3,12.6,5.4,2.0,4.0,2.0,2.5,3.5,2.0,2.0,2.5,2.0,2.0,2.5,2.5
44,Gloom,grass|poison,395,18.9,70.8,20.8,36.1,68.6,27.4,20.8,45.1,33.2,18.7,2.0,4.0,2.0,2.5,4.0,2.5,2.0,3.0,2.5,2.0,2.5,2.5
45,Vileplume,grass|poison,490,31.6,89.0,40.7,59.2,89.8,47.1,40.7,68.6,56.0,36.8,2.0,4.5,2.5,3.5,4.5,3.0,2.5,3.5,3.0,2.5,3.5,3.0
46,Paras,bug|grass,285,5.0,23.0,16.1,22.2,23.5,26.2,16.1,13.0,4.3,3.3,2.0,2.5,2.5,2.5,2.5,2.5,2.5,2.0,2.0,2.0,2.0,2.5
47,Parasect,bug|grass,405,8.7,43.5,36.2,63.2,55.6,63.5,36.2,59.8,44.9,12.4,1.5,3.0,2.5,3.5,3.5,3.5,2.5,3.5,3.0,1.5,3.0,3.0
48,Venonat,bug|poison,305,25.2,16.2,16.8,34.1,19.8,34.8,16.8,34.4,45.2,17.5,2.5,2.0,2.0,3.0,2.5,3.0,2.0,3.0,3.5,2.0,2.5,2.5
49,Venomoth,bug|poison,450,76.1,74.7,58.8,56.6,71.9,31.2,58.8,56.4,54.6,72.3,4.0,4.0,3.0,3.0,3.5,2.0,3.0,3.0,3.0,3.5,3.0,3.0
50,Diglett,ground,265,81.0,10.3,53.5,8.7,11.0,8.8,53.5,0.1,0.0,67.7,4.5,2.0,3.5,2.0,2.0,2.0,3.5,1.5,1.5,4.0,2.0,2.5
51,Dugtrio,ground,425,96.2,29.2,94.0,57.6,39.1,68.3,94.0,26.2,30.1,87.2,4.5,2.0,4.5,3.0,2.5,3.5,4.5,2.0,2.0,4.0,3.0,3.0
52,Meowth,normal,290,76.1,16.2,43.2,9.5,9.9,8.2,43.2,5.1,7.1,64.3,4.5,2.0,3.0,2.0,2.0,2.0,3.0,1.5,1.5,4.0,2.0,2.5
53,Persian,normal,440,94.7,51.1,75.2,47.3,48.0,49.1,75.2,41.3,49.8,89.5,4.5,3.0,4.0,2.5,2.5,2.5,4.0,2.5,3.0,4.5,3.0,3.0
54,Psyduck,water,320,36.8,51.1,21.9,27.8,33.9,27.3,21.9,26.6,33.5,29.8,3.0,3.5,2.5,2.5,2.5,2.5,2.5,2.5,2.5,2.5,2.5,2.5
55,Golduck,water,500,71.6,78.8,69.6,72.5,77.5,69.8,69.6,76.3,80.5,73.7,3.5,3.5,3.5,3.5,3.5,3.5,3.5,3.5,3.5,3.5,3.5,3.5
56,Mankey,fighting,305,56.3,10.3,57.2,45.2,11.0,53.4,57.2,8.1,24.3,47.3,3.5,1.5,3.5,3.0,1.5,3.5,3.5,1.5,2.0,3.0,2.5,2.5
57,Primeape,fighting,455,81.0,43.5,88.2,78.7,46.9,69.9,88.2,41.3,49.8,76.3,4.0,2.5,4.0,4.0,2.5,3.5,4.0,2.5,2.5,3.5,3.0,3.5
58,Growlithe,fire,350,43.2,56.7,40.2,36.7,36.0,39.0,40.2,21.7,33.9,35.0,3.0,3.5,3.0,2.5,2.5,3.0,3.0,2.0,2.5,2.5,2.5,3.0
59,Arcanine,fire,555,81.0,83.4,90.9,89.6,80.0,91.3,90.9,81.4,89.8,82.6,3.5,3.5,4.0,4.0,3.5,4.0,4.0,3.5,4.0,3.5,4.0,3.5
60,Poliwag,water,300,76.1,16.2,46.4,21.2,9.9,22.0,46.4,15.1,20.6,64.9,4.5,2.0,3.0,2.0,1.5,2.0,3.0,2.0,2.0,4.0,2.5,2.5
61,Poliwhirl,water,385,76.1,29.2,58.8,43.4,22.0,36.0,58.8,47.0,44.7,74.0,4.0,2.0,3.5,3.0,2.0,2.5,3.5,3.0,3.0,4.0,2.5,3.0
62,Poliwrath,water|fighting,510,56.3,56.7,67.9,81.1,72.1,72.4,67.9,78.2,74.5,63.0,3.0,3.0,3.5,4.0,3.5,3.5,3.5,3.5,3.5,3.0,3.5,3.5
63,Abra,psychic,310,76.1,86.5,34.8,20.5,70.1,17.6,34.8,18.2,27.3,62.8,4.0,4.5,2.5,2.0,4.0,2.0,2.5,2.0,2.0,3.5,2.5,3.0
64,Kadabra,psychic,400,89.5,92.2,47.0,32.9,87.7,34.5,47.0,30.8,47.6,76.2,4.5,4.5,2.5,2.0,4.5,2.0,2.5,2.0,2.5,4.0,3.0,3.0
65,Alakazam,psychic,500,96.2,97.7,59.5,46.0,100.0,39.7,59.5,43.4,57.8,85.5,4.5,4.5,3.0,2.5,4.5,2.0,3.0,2.5,3.0,4.0,3.5,3.5
66,Machop,fighting,305,14.0,10.3,29.0,58.4,5.4,47.8,29.0,27.9,44.2,7.5,2.0,2.0,2.5,4.0,1.5,3.5,2.5,2.5,3.0,2.0,2.5,2.5
67,Machoke,fighting,405,25.2,29.2,51.0,88.4,29.4,79.2,51.0,64.9,77.9,26.4,2.0,2.0,3.0,4.5,2.0,4.0,3.0,3.5,4.0,2.0,3.0,3.0
68,Machamp,fighting,505,36.8,51.1,71.7,100.0,64.4,95.0,71.7,76.6,87.1,41.2,2.0,2.5,3.5,4.5,3.0,4.5,3.5,3.5,4.0,2.5,3.5,3.5
69,Bellsprout,grass|poison,300,18.9,56.7,27.7,41.4,26.1,27.5,27.7,15.9,20.7,8.4,2.0,3.5,2.5,3.0,2.5,2.5,2.5,2.0,2.5,2.0,2.5,2.5
70,Weepinbell,grass|poison,390,36.8,70.8,51.9,60.6,41.5,41.4,51.9,34.4,37.6,30.4,2.5,4.0,3.0,3.5,2.5,2.5,3.0,2.5,2.5,2.5,2.5,3.0
71,Victreebel,grass|poison,490,56.3,83.4,74.5,85.2,72.6,60.3,74.5,66.0,63.7,56.0,3.0,4.0,3.5,4.0,3.5,3.0,3.5,3.5,3.0,3.0,3.5,3.5
72,Tentacool,water|poison,335,56.3,29.2,26.0,24.8,58.9,33.1,26.0,20.5,38.8,47.3,3.5,2.5,2.5,2.5,3.5,2.5,2.5,2.0,3.0,3.0,2.5,2.5
73,Tentacruel,water|poison,515,85.9,65.7,69.0,62.8,86.7,57.9,69.0,63.3,76.8,82.2,4.0,3.0,3.5,3.0,4.0,3.0,3.5,3.0,3.5,4.0,3.5,3.5
74,Geodude,rock|ground,300,3.0,5.9,21.6,30.8,2.7,48.7,21.6,59.4,18.0,11.1,1.5,2.0,2.5,3.0,1.5,3.5,2.5,4.0,2.5,2.0,2.5,2.5
75,Graveler,rock|ground,390,14.0,23.0,39.0,63.2,15.1,81.7,39.0,85.0,55.8,25.1,1.5,2.0,2.5,3.5,1.5,4.5,2.5,4.5,3.5,2.0,2.5,3.0
76,Golem,rock|ground,495,25.2,36.3,59.9,83.3,39.1,95.8,59.9,99.1,82.8,37.0,2.0,2.0,3.0,4.0,2.5,4.5,3.0,4.5,4.0,2.0,3.5,3.0
77,Ponyta,fire,410,76.1,51.1,74.9,57.1,48.0,58.8,74.9,38.4,40.3,70.4,4.0,3.0,4.0,3.0,2.5,3.0,4.0,2.5,2.5,3.5,3.0,3.0
78,Rapidash,fire,500,89.5,65.7,91.2,82.0,70.1,84.0,91.2,70.1,72.8,88.2,4.0,3.0,4.0,3.5,3.0,3.5,4.0,3.0,3.5,4.0,3.5,3.5
79,Slowpoke,water|psychic,315,1.5,16.2,11.6,50.2,19.9,47.5,11.6,54.0,68.6,3.5,1.5,2.0,2.0,3.5,2.0,3.5,2.0,3.5,4.0,1.5,2.5,2.5
80,Slowbro,water|psychic,490,8.7,83.4,21.4,66.2,90.0,65.7,21.4,90.1,84.6,17.7,1.5,4.0,2.0,3.5,4.5,3.5,2.0,4.5,4.5,1.5,3.5,3.0
81,Magnemite,electric|steel,325,35.2,78.8,8.6,2.7,55.3,6.7,8.6,34.9,3.9,26.4,3.0,4.5,2.0,1.5,3.5,1.5,2.0,3.0,1.5,2.5,2.5,2.5
82,Magneton,electric|steel,465,66.3,92.2,41.6,38.4,77.7,51.4,41.6,78.0,47.4,63.0,3.5,4.5,2.5,2.5,4.0,3.0,2.5,4.0,2.5,3.5,3.0,3.0
83,Farfetch’d,normal|flying,377,43.2,39.7,56.5,65.1,36.5,51.6,56.5,32.0,33.0,38.7,3.0,2.5,3.5,3.5,2.5,3.0,3.5,2.5,2.5,2.5,2.5,3.0
84,Doduo,normal|flying,310,61.9,10.3,65.9,78.3,5.4,62.9,65.9,40.7,42.9,55.1,3.5,1.5,3.5,4.0,1.0,3.5,3.5,2.5,2.5,3.0,2.5,3.0
85,Dodrio,normal|flying,470,92.7,43.5,95.5,99.0,37.2,87.6,95.5,71.4,69.7,91.8,4.0,2.0,4.5,4.5,2.0,4.0,4.5,3.5,3.0,4.0,3.0,3.5
86,Seel,water,325,25.2,23.0,11.1,30.4,34.8,47.0,11.1,40.4,61.7,19.9,2.5,2.5,2.0,2.5,3.0,3.5,2.0,3.0,4.0,2.0,2.5,2.5
87,Dewgong,water|ice,475,56.3,56.7,49.4,65.0,74.1,67.6,49.4,78.8,87.7,60.5,3.0,3.0,2.5,3.5,3.5,3.5,2.5,4.0,4.0,3.0,3.0,3.5
88,Grimer,poison,325,5.0,16.2,22.6,51.3,16.0,54.4,22.6,31.0,57.6,2.7,1.5,2.0,2.5,3.5,2.0,3.5,2.5,2.5,3.5,1.5,2.5,2.5
89,Muk,poison,500,31.6,51.1,58.3,73.6,73.3,68.6,58.3,61.2,70.9,34.1,2.0,3.0,3.0,4.0,4.0,3.5,3.0,3.5,3.5,2.0,3.5,3.0
90,Shellder,water,305,18.9,23.0,20.8,18.9,8.7,22.0,20.8,43.6,3.1,27.6,2.5,2.5,2.5,2.5,2.0,2.5,2.5,3.5,1.5,2.5,2.5,2.5
91,Cloyster,water|ice,525,56.3,70.8,67.9,75.8,41.5,84.5,67.9,92.5,62.5,67.3,3.0,3.5,3.5,3.5,2.5,4.0,3.5,4.5,3.0,3.5,3.5,3.5
92,Gastly,ghost|poison,310,66.3,83.4,31.3,32.9,42.9,0.3,31.3,30.8,19.7,55.8,4.0,4.5,2.5,2.5,3.0,1.0,2.5,2.5,2.0,3.5,2.5,3.0
93,Haunter,ghost|poison,405,81.0,91.1,49.7,49.0,62.8,3.9,49.7,46.8,29.5,71.9,4.0,4.5,3.0,3.0,3.5,1.0,3.0,3.0,2.0,4.0,3.0,3.0
94,Gengar,ghost|poison,500,92.7,96.4,70.1,56.6,83.8,50.0,70.1,56.4,59.1,86.7,4.5,4.5,3.5,3.0,4.0,2.5,3.5,3.0,3.0,4.0,3.5,3.5
95,Onix,rock|ground,385,56.3,5.9,29.9,58.0,8.5,54.3,29.9,100.0,67.3,67.2,3.5,1.5,2.0,3.5,1.5,3.0,2.0,5.0,3.5,3.5,2.5,3.0
96,Drowzee,psychic,328,21.5,20.1,10.4,29.7,58.6,31.7,10.4,30.4,46.2,13.3,2.5,2.5,2.0,2.5,4.0,2.5,2.0,2.5,3.5,2.0,2.5,2.5
97,Hypno,psychic,483,53.0,59.5,49.0,64.9,91.4,64.0,49.0,67.7,81.1,54.5,3.0,3.0,2.5,3.5,4.5,3.5,2.5,3.5,4.0,3.0,3.0,3.5
98,Krabby,water,325,31.6,2.8,58.3,47.9,0.9,50.8,58.3,42.7,6.4,38.1,2.5,1.5,3.5,3.0,1.5,3.5,3.5,3.0,1.5,3.0,2.5,2.5
99,Kingler,water,475,61.9,29.2,85.5,84.4,22.0,88.8,85.5,84.8,57.2,71.2,3.0,2.0,4.0,4.0,1.5,4.0,4.0,4.0,3.0,3.5,3.0,3.5
100,Voltorb,electric,330,95.9,36.3,43.5,8.2,30.2,11.4,43.5,17.8,14.3,77.5,5.0,2.5,3.0,1.5,2.5,1.5,3.0,2.0,2.0,4.5,2.5,3.0
101,Electrode,electric,490,100.0,65.7,62.0,37.3,70.1,46.4,62.0,57.7,59.0,97.4,4.5,3.5,3.0,2.0,3.5,2.5,3.0,3.0,3.0,4.5,3.5,3.5
102,Exeggcute,grass|psychic,325,18.9,43.5,7.3,6.7,36.4,3.8,7.3,37.6,15.6,22.9,2.5,3.5,2.0,2.0,3.0,2.0,2.0,3.0,2.0,2.5,2.5,2.5
103,Exeggutor,grass|psychic,530,36.8,94.3,55.5,83.5,92.6,83.6,55.5,86.2,91.1,42.5,2.0,4.5,3.0,4.0,4.5,4.0,3.0,4.0,4.0,2.5,3.5,3.5
104,Cubone,ground,320,14.0,16.2,9.0,13.3,16.0,15.6,9.0,46.4,13.4,21.7,2.0,2.5,2.0,2.0,2.5,2.5,2.0,3.5,2.0,2.5,2.5,2.5
105,Marowak,ground,425,25.2,29.2,35.7,53.6,45.7,61.4,35.7,74.1,50.4,35.6,2.0,2.5,2.5,3.5,3.0,3.5,2.5,4.0,3.0,2.5,3.0,3.0
106,Hitmonlee,fighting,455,73.7,10.3,89.7,96.1,50.3,82.2,89.7,51.2,55.1,66.5,3.5,1.0,4.5,4.5,2.5,4.0,4.5,2.5,3.0,3.5,3.0,3.5
107,Hitmonchan,fighting,455,63.3,10.3,79.5,88.6,50.3,77.0,79.5,69.1,53.5,65.1,3.5,1.0,4.0,4.5,2.5,4.0,4.0,3.5,3.0,3.5,3.0,3.5
108,Lickitung,normal,385,8.7,43.5,9.4,41.8,51.5,49.8,9.4,61.2,75.6,10.4,1.5,3.0,1.5,3.0,3.5,3.5,1.5,3.5,4.5,1.5,2.5,2.5
109,Koffing,poison,340,14.0,43.5,18.0,29.7,26.4,17.4,18.0,55.7,9.4,21.7,2.0,3.0,2.0,2.5,2.5,2.0,2.0,3.5,2.0,2.5,2.5,2.5
110,Weezing,poison,490,43.2,70.8,56.5,66.6,64.6,46.6,56.5,83.3,43.1,55.5,2.5,3.5,3.0,3.5,3.5,2.5,3.0,4.0,2.5,3.0,3.5,3.0
111,Rhyhorn,ground|rock,345,5.0,5.9,26.6,57.1,2.7,77.0,26.6,78.0,72.0,12.8,1.5,1.5,2.5,3.5,1.5,4.5,2.5,4.5,4.0,2.0,2.5,2.5
112,Rhydon,ground|rock,485,18.9,23.0,59.0,95.1,15.1,94.5,59.0,100.0,92.8,30.1,1.5,1.5,3.0,4.5,1.5,4.5,3.0,5.0,4.5,2.0,3.5,3.0
113,Chansey,normal,450,31.6,10.3,8.7,25.6,49.4,24.9,8.7,23.3,73.6,17.9,2.5,2.0,2.0,2.5,3.5,2.5,2.0,2.5,4.5,2.0,3.0,2.5
114,Tangela,grass,435,43.2,83.4,27.3,34.1,44.7,38.1,27.3,75.0,51.2,54.9,3.0,4.5,2.0,2.5,3.0,2.5,2.0,4.0,3.0,3.0,3.0,3.0
115,Kangaskhan,normal,490,76.1,16.2,81.1,85.7,39.9,78.1,81.1,84.1,91.5,78.0,3.5,1.0,4.0,4.0,2.0,3.5,4.0,4.0,4.0,3.5,3.5,3.5
116,Horsea,water,295,43.2,56.7,18.9,6.7,25.3,11.6,18.9,29.7,8.1,44.8,3.0,3.5,2.0,1.5,2.5,2.0,2.0,2.5,2.0,3.5,2.5,2.5
117,Seadra,water,440,71.6,78.8,55.9,50.2,45.5,40.0,55.9,74.6,44.4,77.2,3.5,4.0,3.0,3.0,2.5,2.5,3.0,4.0,2.5,4.0,3.0,3.0
118,Goldeen,water,320,46.6,10.3,41.9,31.1,12.9,34.3,41.9,28.9,24.5,44.4,3.0,2.0,3.0,2.5,2.0,2.5,3.0,2.5,2.5,3.0,2.5,2.5
119,Seaking,water,450,53.6,51.1,65.2,69.8,60.3,67.1,65.2,56.1,67.5,54.1,3.0,3.0,3.5,3.5,3.0,3.5,3.5,3.0,3.5,3.0,3.0,3.0
120,Staryu,water,340,71.6,56.7,38.6,24.4,41.8,31.6,38.6,32.0,31.8,65.3,4.0,3.5,2.5,2.0,3.0,2.5,2.5,2.5,2.5,3.5,2.5,3.0
121,Starmie,water|psychic,520,94.7,83.4,79.4,53.4,93.5,65.9,79.4,64.4,58.5,97.3,4.0,4.0,3.5,2.5,4.0,3.0,3.5,3.0,3.0,4.5,3.5,3.5
122,Mr. Mime,psychic|fairy,460,76.1,83.4,43.2,37.0,100.0,37.7,43.2,56.1,46.4,74.0,4.0,4.0,2.5,2.5,5.0,2.5,2.5,3.0,2.5,4.0,3.0,3.0
123,Scyther,bug|flying,500,89.5,36.3,94.4,92.4,50.9,80.5,94.4,72.8,68.2,92.1,4.0,2.0,4.0,4.0,2.5,3.5,4.0,3.5,3.0,4.0,3.5,3.5
124,Jynx,ice|psychic,455,81.0,91.1,49.7,43.9,100.0,36.8,49.7,34.9,60.6,68.5,4.0,4.5,3.0,2.5,5.0,2.0,3.0,2.0,3.0,3.5,3.0,3.0
125,Electabuzz,electric,490,99.5,78.8,81.6,58.3,80.9,56.9,81.6,42.1,51.0,82.9,4.5,3.5,4.0,3.0,4.0,3.0,4.0,2.5,2.5,4.0,3.5,3.5
126,Magmar,fire,495,79.1,83.4,82.5,71.1,83.5,70.1,82.5,49.1,60.1,73.8,3.5,4.0,4.0,3.5,4.0,3.5,4.0,2.5,3.0,3.5,3.5,3.5
127,Pinsir,bug,500,71.6,36.3,90.2,88.1,43.4,86.5,90.2,85.4,63.8,78.4,3.5,2.0,4.0,4.0,2.5,4.0,4.0,4.0,3.0,3.5,3.5,3.5
128,Tauros,normal,490,92.7,16.2,92.5,76.6,31.7,82.8,92.5,80.3,74.0,97.6,4.0,1.0,4.0,3.5,2.0,4.0,4.0,3.5,3.5,4.5,3.5,3.5
129,Magikarp,water,200,66.3,0.6,26.7,19.6,0.0,8.6,26.7,35.4,22.2,61.3,4.0,1.5,2.5,2.5,1.5,2.0,2.5,3.0,2.5,4.0,2.0,2.5
130,Gyarados,water|flying,540,68.2,43.5,87.6,100.0,67.7,96.5,87.6,87.3,95.3,70.7,3.0,2.0,4.0,4.5,3.0,4.5,4.0,4.0,4.0,3.0,3.5,3.5
131,Lapras,water|ice,535,43.2,70.8,53.0,80.4,82.2,81.5,53.0,86.0,97.6,48.9,2.5,3.5,2.5,4.0,4.0,4.0,2.5,4.0,4.5,2.5,3.5,3.5
132,Ditto,normal,288,28.2,25.9,13.3,6.0,18.4,9.7,13.3,7.9,7.7,20.4,3.0,2.5,2.0,2.0,2.5,2.0,2.0,2.0,2.0,2.5,2.0,2.5
133,Eevee,normal,325,36.8,23.0,23.4,12.2,31.2,19.1,23.4,9.5,13.2,30.4,3.0,2.5,2.5,2.0,3.0,2.5,2.5,2.0,2.0,3.0,2.5,2.5
134,Vaporeon,water,525,49.8,89.0,42.3,43.4,92.0,43.1,42.3,41.3,68.3,48.5,3.0,4.5,2.5,2.5,4.5,2.5,2.5,2.5,3.5,3.0,3.5,3.0
135,Jolteon,electric,525,100.0,89.0,73.2,36.1,92.0,39.4,73.2,36.5,43.2,94.5,4.5,4.0,3.5,2.0,4.5,2.0,3.5,2.0,2.5,4.5,3.5,3.5
136,Flareon,fire,525,49.8,78.8,79.9,72.7,91.6,73.8,79.9,39.1,44.8,48.5,2.5,4.0,4.0,3.5,4.5,3.5,4.0,2.0,2.5,2.5,3.5,3.5
137,Porygon,normal,395,18.9,70.8,16.4,32.4,68.6,43.6,16.4,45.1,48.1,18.7,2.0,4.0,2.0,2.5,4.0,3.0,2.0,3.0,3.0,2.0,2.5,3.0
138,Omanyte,rock|water,355,14.0,74.7,5.8,6.7,52.7,10.9,5.8,59.4,8.4,22.7,2.0,4.5,1.5,1.5,3.5,2.0,1.5,4.0,2.0,2.5,2.5,2.5
139,Omastar,rock|water,495,36.8,91.1,26.9,38.4,77.0,43.0,26.9,88.1,55.0,49.6,2.5,4.5,2.0,2.5,4.0,2.5,2.0,4.5,3.0,3.0,3.5,3.0
140,Kabuto,rock|water,355,36.8,36.3,44.4,35.2,22.8,40.7,44.4,57.7,12.8,43.9,2.5,2.5,3.0,2.5,2.0,3.0,3.0,3.5,2.0,3.0,2.5,3.0
141,Kabutops,rock|water,495,66.3,51.1,84.1,79.3,52.1,77.9,84.1,91.9,56.6,74.7,3.0,2.5,4.0,3.5,2.5,3.5,4.0,4.0,3.0,3.5,3.5,3.5
142,Aerodactyl,rock|flying,515,98.1,43.5,95.9,97.0,51.5,79.2,95.9,76.9,79.6,95.9,4.5,2.0,4.0,4.5,2.5,3.5,4.0,3.5,3.5,4.0,3.5,3.5
143,Snorlax,normal,540,8.7,51.1,45.0,92.0,75.8,94.6,45.0,70.9,98.6,7.8,1.0,3.0,2.5,4.5,4.0,4.5,2.5,3.5,5.0,1.0,3.5,3.0
144,Articuno,ice|flying,580,71.6,78.8,72.5,84.7,93.1,67.7,72.5,89.3,81.5,78.4,3.5,3.5,3.5,4.0,4.0,3.0,3.5,4.0,3.5,3.5,4.0,3.5
145,Zapdos,electric|flying,580,95.9,94.3,83.7,85.4,92.3,69.6,83.7,79.3,80.0,88.8,4.0,4.0,3.5,3.5,4.0,3.0,3.5,3.5,3.5,4.0,4.0,3.5
146,Moltres,fire|flying,580,76.1,94.3,83.4,97.3,89.6,77.2,83.4,88.4,84.8,80.5,3.5,4.0,3.5,4.0,4.0,3.5,3.5,4.0,3.5,3.5,4.0,3.5
147,Dratini,dragon,300,31.6,29.2,26.4,61.3,22.0,19.6,26.4,50.9,34.8,23.5,2.5,2.5,2.5,4.0,2.0,2.0,2.5,3.5,2.5,2.5,2.5,2.5
148,Dragonair,dragon,420,56.3,56.7,60.4,81.4,54.9,48.8,60.4,75.4,60.4,56.0,3.0,3.0,3.0,4.0,3.0,2.5,3.0,4.0,3.0,3.0,3.0,3.0
149,Dragonite,dragon|flying,600,66.3,83.4,89.5,100.0,91.0,97.6,89.5,91.4,93.2,73.2,3.0,3.5,4.0,4.0,4.0,4.0,4.0,4.0,4.0,3.0,4.0,4.0
150,Mewtwo,psychic,680,98.1,99.9,97.1,90.7,100.0,90.5,97.1,88.4,93.4,99.3,4.0,4.0,4.0,3.5,4.0,3.5,4.0,3.5,4.0,4.0,4.0,4.0
151,Mew,psychic,600,85.9,83.4,88.6,45.5,100.0,44.3,88.6,49.4,38.0,93.8,4.0,4.0,4.0,2.5,4.5,2.5,4.0,2.5,2.0,4.5,4.0,3.5
152,Chikorita,grass,318,25.2,26.2,12.8,27.5,32.4,13.4,12.8,43.0,24.4,24.4,2.5,2.5,2.0,2.5,3.0,2.0,2.0,3.0,2.5,2.5,2.5,2.5
153,Bayleef,grass,405,43.2,48.0,34.4,47.8,58.0,31.4,34.4,65.5,43.6,48.9,3.0,3.0,2.5,3.0,3.5,2.5,2.5,3.5,3.0,3.0,3.0,3.0
154,Meganium,grass,525,66.3,68.9,66.4,74.1,83.1,73.4,66.4,90.3,83.4,74.3,3.0,3.5,3.0,3.5,4.0,3.5,3.0,4.0,4.0,3.5,3.5,3.5
155,Cyndaquil,fire,309,49.8,43.5,30.5,18.6,28.8,18.8,30.5,12.6,11.5,41.4,3.5,3.0,2.5,2.0,2.5,2.0,2.5,2.0,2.0,3.0,2.5,2.5
156,Quilava,fire,405,66.3,65.7,50.4,37.7,56.8,33.6,50.4,36.9,38.3,61.8,3.5,3.5,3.0,2.5,3.5,2.5,3.0,2.5,2.5,3.5,3.0,3.0
157,Typhlosion,fire,534,85.9,87.9,79.9,73.0,87.0,70.7,79.9,76.3,79.8,86.0,4.0,4.0,3.5,3.5,4.0,3.0,3.5,3.5,3.5,4.0,3.5,3.5
158,Totodile,water,314,22.3,20.5,22.2,29.7,17.1,28.2,22.2,32.6,23.8,20.0,2.5,2.5,2.5,2.5,2.0,2.5,2.5,3.0,2.5,2.5,2.5,2.5
159,Croconaw,water,405,39.7,40.2,46.3,56.4,40.2,51.5,46.3,62.2,49.3,44.5,2.5,2.5,3.0,3.5,2.5,3.0,3.0,3.5,3.0,3.0,3.0,3.0
160,Feraligatr,water,530,64.1,63.6,79.9,91.1,71.2,86.3,79.9,93.9,88.0,72.1,3.0,3.0,3.5,4.0,3.5,4.0,3.5,4.0,4.0,3.5,3.5,3.5
161,Sentret,normal,215,3.0,10.3,4.1,25.7,11.0,12.2,4.1,17.4,16.7,0.4,2.0,2.0,2.0,3.0,2.0,2.5,2.0,2.5,2.5,2.0,2.0,2.0
162,Furret,normal,415,76.1,23.0,67.6,70.1,23.5,54.1,67.6,66.3,74.6,73.3,4.0,1.5,3.5,3.5,1.5,3.0,3.5,3.5,4.0,3.5,3.0,3.0
163,Hoothoot,normal|flying,262,31.6,12.2,10.0,27.0,18.8,20.8,10.0,14.4,38.1,19.5,3.0,2.0,2.0,2.5,2.5,2.5,2.0,2.0,3.0,2.5,2.0,2.5
164,Noctowl,normal|flying,452,56.3,72.6,33.5,59.0,84.0,36.9,33.5,51.4,80.6,52.2,3.0,4.0,2.0,3.0,4.0,2.5,2.0,3.0,4.0,3.0,3.0,3.0
165,Ledyba,bug|flying,265,36.8,16.2,10.6,33.0,39.9,10.0,10.6,22.8,27.7,25.5,3.0,2.0,2.0,3.0,3.0,2.0,2.0,2.5,2.5,2.5,2.0,2.5
166,Ledian,bug|flying,390,71.6,36.3,35.2,44.7,66.7,28.4,35.2,45.4,52.1,63.8,4.0,2.5,2.5,3.0,3.5,2.0,2.5,3.0,3.0,3.5,2.5,3.0
167,Spinarak,bug|poison,250,8.7,16.2,11.9,23.5,9.9,23.6,11.9,11.2,13.0,2.9,2.0,2.5,2.0,2.5,2.0,2.5,2.0,2.0,2.5,2.0,2.0,2.5
168,Ariados,bug|poison,400,18.9,43.5,39.3,63.6,46.9,63.7,39.3,55.0,57.1,18.7,2.0,3.0,2.5,3.5,3.0,3.5,2.5,3.5,3.5,2.0,3.0,3.0
169,Crobat,poison|flying,535,98.1,56.7,90.7,89.1,63.4,74.1,90.7,80.5,82.9,98.7,4.5,2.5,4.0,4.0,3.0,3.5,4.0,3.5,3.5,4.5,3.5,3.5
170,Chinchou,water|electric,330,63.0,38.9,22.9,10.4,32.7,16.0,22.9,8.9,37.8,43.4,4.0,3.0,2.5,2.0,2.5,2.0,2.5,2.0,3.0,3.0,2.5,2.5
171,Lanturn,water|electric,460,63.0,62.8,37.8,44.2,65.5,32.6,37.8,46.1,70.1,51.2,3.5,3.5,2.5,2.5,3.5,2.5,2.5,3.0,4.0,3.0,3.0,3.0
172,Pichu,electric,205,53.2,10.3,18.9,3.7,5.4,3.2,18.9,0.6,1.2,31.0,4.0,2.0,2.5,2.0,2.0,2.0,2.5,1.5,2.0,3.0,2.0,2.5
173,Cleffa,fairy,218,1.5,23.0,0.1,1.2,33.5,2.0,0.1,1.2,7.9,0.1,2.0,3.0,2.0,2.0,3.0,2.0,2.0,2.0,2.0,2.0,2.0,2.0
174,Igglybuff,normal|fairy,210,1.5,16.2,0.6,1.8,14.7,0.8,0.6,0.6,28.7,0.0,2.0,2.5,2.0,2.0,2.5,2.0,2.0,2.0,3.0,2.0,2.0,2.0
175,Togepi,fairy,245,3.0,16.2,0.3,0.8,37.4,0.5,0.3,21.1,1.7,4.1,2.0,2.5,2.0,2.0,3.5,2.0,2.0,2.5,2.0,2.0,2.0,2.0
176,Togetic,fairy|flying,405,18.9,65.7,7.3,26.0,93.0,4.3,7.3,50.0,20.4,24.6,2.0,4.0,1.5,2.5,5.0,1.5,1.5,3.5,2.0,2.5,3.0,2.5
177,Natu,psychic|flying,320,56.3,56.7,33.5,15.1,42.9,7.6,33.5,4.6,1.9,49.8,3.5,3.5,2.5,2.0,3.0,1.5,2.5,1.5,1.5,3.5,2.5,2.5
178,Xatu,psychic|flying,470,81.0,78.8,69.9,74.0,79.5,40.0,69.9,64.9,51.7,79.3,4.0,4.0,3.5,3.5,4.0,2.0,3.5,3.0,2.5,4.0,3.0,3.5
179,Mareep,electric,280,24.0,51.1,5.8,16.0,30.8,11.2,5.8,15.1,25.0,5.8,2.5,3.5,2.0,2.5,3.0,2.0,2.0,2.0,2.5,2.0,2.0,2.5
180,Flaaffy,electric,365,35.2,65.7,16.8,28.9,51.8,25.2,16.8,32.0,41.8,19.9,2.5,4.0,2.0,2.5,3.5,2.5,2.0,2.5,3.0,2.0,2.5,2.5
181,Ampharos,electric,510,46.8,91.1,39.7,61.2,90.5,63.1,39.7,73.4,78.4,42.5,2.5,4.5,2.5,3.0,4.5,3.5,2.5,3.5,4.0,2.5,3.5,3.5
182,Bellossom,grass,490,31.6,74.7,40.7,30.8,87.5,32.7,40.7,46.4,30.2,39.6,2.5,4.0,2.5,2.5,4.5,2.5,2.5,3.0,2.5,2.5,3.5,3.0
183,Marill,water|fairy,250,18.9,1.2,4.8,3.3,18.9,7.1,4.8,13.4,29.2,11.7,2.5,2.0,2.0,2.0,2.5,2.0,2.0,2.5,3.0,2.0,2.0,2.0
184,Azumarill,water|fairy,420,31.6,43.5,17.5,27.1,65.6,30.6,17.5,54.3,61.0,35.9,2.5,3.0,2.0,2.5,4.0,2.5,2.0,3.5,3.5,2.5,3.0,3.0
185,Sudowoodo,rock,410,8.7,5.9,38.8,71.1,20.9,70.1,38.8,91.6,59.7,18.0,1.5,1.5,2.5,4.0,2.0,4.0,2.5,5.0,3.5,2.0,3.0,3.0
186,Politoed,water,500,56.3,74.7,53.4,53.4,87.5,53.7,53.4,58.6,65.9,58.8,3.0,4.0,3.0,3.0,4.5,3.0,3.0,3.0,3.5,3.0,3.5,3.0
187,Hoppip,grass|flying,250,31.6,10.3,10.8,15.4,17.2,1.1,10.8,6.9,2.5,22.0,3.0,2.0,2.0,2.5,2.5,2.0,2.0,2.0,2.0,2.5,2.0,2.5
188,Skiploom,grass|flying,340,66.3,23.0,35.4,28.3,31.2,3.4,35.4,22.3,16.3,60.0,4.0,2.5,3.0,2.5,2.5,1.5,3.0,2.0,2.0,4.0,2.5,2.5
189,Jumpluff,grass|flying,460,92.7,36.3,61.3,38.9,60.9,12.7,61.3,45.1,37.3,91.8,4.5,2.5,3.5,2.5,3.5,1.5,3.5,2.5,2.5,4.5,3.0,3.0
190,Aipom,normal,360,71.6,16.2,59.3,40.9,19.8,33.0,59.3,32.0,32.1,65.3,4.0,2.0,3.5,3.0,2.0,2.5,3.5,2.5,2.5,4.0,2.5,3.0
191,Sunkern,grass,180,8.7,5.9,2.2,1.8,2.7,1.6,2.2,1.5,1.3,2.3,2.5,2.0,2.0,2.0,2.0,2.0,2.0,2.0,2.0,2.0,2.0,2.0
192,Sunflora,grass,425,8.7,86.5,21.4,44.5,85.7,32.9,21.4,32.0,41.7,5.4,1.5,4.5,2.0,3.0,4.5,2.5,2.0,2.5,3.0,1.5,3.0,3.0
193,Yanma,bug|flying,390,81.0,61.6,62.4,60.2,35.4,48.4,62.4,36.2,56.9,71.9,4.0,3.5,3.5,3.5,2.5,3.0,3.5,2.5,3.0,3.5,2.5,3.0
194,Wooper,water|ground,210,1.5,2.8,2.8,9.5,0.9,14.7,2.8,10.2,19.3,1.2,2.0,2.0,2.0,2.0,2.0,2.5,2.0,2.5,2.5,2.0,2.0,2.0
195,Quagsire,water|ground,430,14.0,51.1,34.1,68.3,48.0,71.7,34.1,73.4,81.2,17.8,1.5,3.0,2.5,3.5,3.0,4.0,2.5,4.0,4.5,1.5,3.0,3.0
196,Espeon,psychic,525,92.7,96.4,70.1,39.3,100.0,41.0,70.1,39.1,45.1,86.7,4.5,4.5,3.5,2.0,4.5,2.5,3.5,2.0,2.5,4.0,3.5,3.5
197,Umbreon,dark,525,49.8,43.5,42.3,43.4,74.3,41.3,52.3,74.1,62.4,59.8,3.0,2.5,2.5,2.5,4.0,2.5,3.0,4.0,3.5,3.5,3.5,3.0
198,Murkrow,dark|flying,405,78.2,70.8,76.1,49.7,40.6,31.2,86.1,12.5,19.0,68.0,4.0,4.0,4.0,3.0,2.5,2.0,4.5,1.5,1.5,3.5,3.0,3.0
199,Slowking,water|psychic,490,8.7,83.4,21.4,71.7,100.0,65.9,21.4,82.9,88.6,12.4,1.0,4.0,1.5,4.0,5.0,3.5,1.5,4.0,4.5,1.5,3.5,3.0
200,Misdreavus,ghost,435,71.6,70.8,51.4,29.2,76.2,12.6,51.4,33.3,23.5,66.9,4.0,4.0,3.0,2.0,4.0,1.5,3.0,2.5,2.0,3.5,3.0,3.0
201,Unown,psychic,336,28.2,59.1,32.7,30.0,45.6,26.8,32.7,15.6,13.3,20.4,2.5,4.0,2.5,2.5,3.0,2.5,2.5,2.0,2.0,2.0,2.5,2.5
202,Wobbuffet,psychic,405,11.9,8.2,3.7,32.0,27.8,24.1,3.7,49.8,75.3,8.0,2.0,2.0,1.5,3.0,2.5,2.5,1.5,3.5,4.5,2.0,3.0,2.5
203,Girafarig,normal|psychic,455,71.6,74.7,67.2,67.1,71.6,60.2,67.2,60.9,64.9,69.2,3.5,3.5,3.5,3.5,3.5,3.0,3.5,3.0,3.0,3.5,3.0,3.5
204,Pineco,bug,290,1.5,10.3,11.6,29.7,5.4,25.6,11.6,53.4,22.0,8.1,1.5,2.0,2.0,3.0,2.0,2.5,2.0,4.0,2.5,2.0,2.0,2.5
205,Forretress,bug|steel,465,18.9,43.5,39.3,66.6,37.2,81.1,39.3,95.8,73.3,31.2,1.5,2.5,2.5,3.5,2.5,4.0,2.5,5.0,4.0,2.0,3.0,3.0
206,Dunsparce,normal,415,25.2,51.1,28.2,60.0,48.0,34.9,28.2,64.9,67.6,26.4,2.0,3.0,2.5,3.5,3.0,2.5,2.5,3.5,4.0,2.0,3.0,3.0
207,Gligar,ground|flying,430,71.6,10.3,63.7,63.4,24.8,63.8,63.7,76.8,60.0,79.2,3.5,1.5,3.5,3.5,2.0,3.5,3.5,4.0,3.0,4.0,3.0,3.0
208,Steelix,steel|ground,510,8.7,36.3,30.2,84.2,39.1,84.7,30.2,100.0,91.4,21.5,1.5,2.5,2.0,4.5,2.5,4.5,2.0,5.0,4.5,2.0,3.5,3.0
209,Snubbull,fairy,300,8.7,16.2,24.9,40.5,19.9,35.2,24.9,22.3,28.1,4.4,2.0,2.0,2.5,3.0,2.5,3.0,2.5,2.5,2.5,1.5,2.5,2.5
210,Granbull,fairy,450,25.2,43.5,59.9,83.3,47.2,82.0,59.9,66.6,76.0,27.3,2.0,2.5,3.5,4.0,2.5,4.0,3.5,3.5,4.0,2.0,3.0,3.0
211,Qwilfish,water|poison,440,71.6,36.3,79.1,46.6,30.2,39.6,79.1,44.0,24.7,75.4,4.0,2.5,4.0,3.0,2.0,2.5,4.0,2.5,2.0,4.0,3.0,3.0
212,Scizor,bug|steel,500,49.8,36.3,79.9,94.0,50.9,94.3,79.9,100.0,79.4,58.5,2.5,2.0,3.5,4.5,2.5,4.5,3.5,4.5,3.5,3.0,3.5,3.5
213,Shuckle,bug|rock,505,0.1,0.2,0.0,10.6,49.0,18.4,0.0,76.9,21.8,12.9,1.5,1.5,1.5,2.0,3.5,2.5,1.5,4.5,2.5,2.0,3.5,2.5
214,Heracross,bug|fighting,500,71.6,16.2,90.2,98.1,48.8,85.9,90.2,69.5,73.8,72.9,3.5,1.0,4.0,4.5,2.5,4.0,4.0,3.5,3.5,3.5,3.5,3.5
215,Sneasel,dark|ice,430,94.7,10.3,91.7,59.6,32.0,62.2,100.0,35.4,40.0,87.8,4.5,1.0,4.5,3.0,2.0,3.5,5.0,2.0,2.5,4.5,3.0,3.0
216,Teddiursa,normal,330,18.9,29.2,32.4,40.5,22.0,36.6,32.4,22.3,28.8,11.7,2.0,2.5,2.5,3.0,2.5,3.0,2.5,2.5,2.5,2.0,2.5,2.5
217,Ursaring,normal,500,36.8,61.6,71.7,94.0,62.3,94.9,71.7,75.6,88.8,39.2,2.0,3.0,3.5,4.5,3.0,4.5,3.5,3.5,4.0,2.0,3.5,3.5
218,Slugma,fire,250,3.0,56.7,1.9,19.4,29.1,29.4,1.9,18.9,32.8,0.9,1.5,4.0,1.5,2.5,3.0,3.0,1.5,2.5,3.0,1.5,2.0,2.5
219,Magcargo,fire|rock,430,8.7,74.7,6.9,27.1,75.0,42.8,6.9,80.4,48.4,19.1,1.5,4.0,1.5,2.5,4.0,3.0,1.5,4.5,3.0,2.0,3.0,3.0
220,Swinub,ice|ground,250,31.6,5.9,17.5,13.3,2.7,15.6,17.5,6.9,13.4,22.0,3.0,2.0,2.5,2.0,2.0,2.5,2.5,2.0,2.0,2.5,2.0,2.5
221,Piloswine,ice|ground,450,31.6,43.5,55.1,68.9,37.2,76.0,55.1,62.2,74.4,35.9,2.0,2.5,3.0,3.5,2.5,4.0,3.0,3.5,4.0,2.5,3.0,3.0
222,Corsola,water|rock,410,14.0,51.1,11.3,24.1,70.9,16.9,11.3,65.7,28.6,21.7,2.0,3.5,2.0,2.5,4.0,2.0,2.0,4.0,2.5,2.0,3.0,2.5
223,Remoraid,water,300,49.8,51.1,42.3,29.7,25.2,30.5,42.3,12.2,17.5,39.0,3.5,3.5,3.0,2.5,2.5,2.5,3.0,2.0,2.0,3.0,2.5,2.5
224,Octillery,water,480,25.2,86.5,53.8,65.5,78.3,67.9,53.8,52.8,53.7,27.3,2.0,4.5,3.0,3.5,4.0,3.5,3.0,3.0,3.0,2.0,3.0,3.0
225,Delibird,ice|flying,330,61.9,51.1,41.2,41.4,30.8,27.1,41.2,27.3,31.2,55.1,3.5,3.0,3.0,3.0,2.5,2.5,3.0,2.5,2.5,3.5,2.5,3.0
226,Mantine,water|flying,485,56.3,65.7,26.0,61.6,88.6,52.3,26.0,75.6,90.9,57.8,3.0,3.5,2.0,3.5,4.5,3.0,2.0,4.0,4.5,3.0,3.5,3.0
227,Skarmory,steel|flying,465,56.3,16.2,57.2,80.5,31.7,62.6,57.2,100.0,66.5,66.8,3.0,1.5,3.0,4.0,2.0,3.5,3.0,5.0,3.5,3.5,3.0,3.0
228,Houndour,dark|fire,330,49.8,65.7,35.9,26.8,42.6,26.1,45.9,10.7,22.4,38.3,3.5,4.0,2.5,2.5,3.0,2.5,3.0,1.5,2.0,3.0,2.5,2.5
229,Houndoom,dark|fire,500,81.0,89.0,81.3,70.3,83.3,64.8,91.3,45.4,64.6,73.6,3.5,4.0,4.0,3.5,4.0,3.0,4.0,2.5,3.0,3.5,3.5,3.5
230,Kingdra,water|dragon,540,71.6,78.8,79.1,80.9,87.9,85.7,79.1,88.7,83.3,77.2,3.0,3.5,3.5,3.5,4.0,4.0,3.5,4.0,3.5,3.5,3.5,3.5
231,Phanpy,ground,330,18.9,16.2,16.4,23.5,9.9,41.9,16.4,24.3,53.3,15.5,2.5,2.0,2.0,2.5,2.0,3.0,2.0,2.5,3.5,2.0,2.5,2.5
232,Donphan,ground,500,31.6,43.5,64.7,76.3,37.2,92.1,64.7,80.1,78.6,43.3,2.0,2.5,3.5,4.0,2.5,4.5,3.5,4.0,4.0,2.5,3.5,3.0
233,Porygon2,normal,515,43.2,86.5,47.7,40.5,90.4,55.8,47.7,53.4,54.0,51.8,2.5,4.5,3.0,2.5,4.5,3.0,3.0,3.0,3.0,3.0,3.5,3.0
234,Stantler,normal,465,71.6,70.8,79.1,73.3,59.5,76.8,79.1,56.0,71.2,68.1,3.5,3.5,4.0,3.5,3.0,3.5,4.0,3.0,3.5,3.5,3.0,3.5
235,Smeargle,normal,250,61.9,1.2,24.6,27.7,6.8,32.1,24.6,30.0,54.5,53.0,4.0,1.5,2.5,2.5,1.5,2.5,2.5,2.5,3.5,3.5,2.0,2.5
236,Tyrogue,fighting,210,14.0,10.3,5.0,27.9,5.4,21.4,5.0,15.9,26.2,4.9,2.5,2.0,2.0,3.0,2.0,2.5,2.0,2.5,3.0,2.0,2.0,2.5
237,Hitmontop,fighting,455,56.3,10.3,67.9,83.3,50.3,71.1,67.9,80.3,52.8,63.0,3.0,1.0,3.5,4.0,3.0,3.5,3.5,4.0,3.0,3.5,3.0,3.0
238,Smoochum,ice|psychic,305,49.8,70.8,19.6,4.5,69.5,5.5,19.6,3.0,11.0,37.8,3.5,4.5,2.0,1.5,4.0,1.5,2.0,1.5,2.0,3.0,2.5,2.5
239,Elekid,electric,360,91.0,51.1,59.6,27.9,38.2,36.4,59.6,12.8,28.4,69.5,4.5,3.0,3.5,2.0,2.5,2.5,3.5,1.5,2.0,4.0,2.5,3.0
240,Magby,fire,365,69.0,56.7,61.8,41.4,41.8,46.2,61.8,16.9,30.0,58.6,4.0,3.5,3.5,2.5,2.5,3.0,3.5,1.5,2.0,3.5,2.5,3.0
241,Miltank,normal,490,85.9,16.2,77.0,59.2,31.7,68.0,77.0,79.5,78.3,94.8,4.0,1.5,3.5,3.0,2.0,3.5,3.5,4.0,4.0,4.5,3.5,3.5
242,Blissey,normal,540,36.8,61.6,10.2,33.7,85.5,29.2,10.2,34.8,83.7,24.9,2.5,3.5,1.5,2.5,4.5,2.5,1.5,2.5,4.5,2.0,3.5,3.0
243,Raikou,electric,580,100.0,91.1,85.3,77.6,94.9,79.6,85.3,77.9,90.1,96.0,4.0,4.0,3.5,3.5,4.0,3.5,3.5,3.5,4.0,4.0,4.0,4.0
244,Entei,fire,580,85.9,74.7,94.3,93.1,71.9,92.6,94.3,87.1,95.2,88.8,3.5,3.0,4.0,4.0,3.0,4.0,4.0,3.5,4.0,4.0,4.0,4.0
245,Suicune,water,580,71.6,74.7,63.7,71.7,90.0,72.6,63.7,95.4,93.6,80.0,3.5,3.5,3.0,3.5,4.0,3.5,3.0,4.5,4.0,3.5,4.0,3.5
246,Larvitar,rock|ground,300,21.0,23.0,20.5,28.5,19.0,56.9,20.5,32.3,41.1,14.7,2.5,2.5,2.5,2.5,2.0,3.5,2.5,2.5,3.0,2.0,2.5,2.5
247,Pupitar,rock|ground,410,34.5,51.1,45.8,62.1,52.1,78.0,45.8,67.7,71.2,35.3,2.5,3.0,2.5,3.5,3.0,4.0,2.5,3.5,4.0,2.5,3.0,3.0
248,Tyranitar,rock|dark,600,46.1,78.8,78.5,96.7,89.0,97.0,88.5,100.0,93.7,57.0,2.0,3.5,3.5,4.0,4.0,4.0,4.0,4.5,4.0,2.5,4.0,3.5
249,Lugia,psychic|flying,680,92.7,74.7,86.9,96.6,100.0,85.1,86.9,99.6,97.4,99.2,4.0,3.0,3.5,4.0,4.0,3.5,3.5,4.0,4.0,4.0,4.0,4.0
250,Ho-Oh,fire|flying,680,76.1,89.0,93.7,100.0,98.3,96.3,93.7,91.7,96.3,80.5,3.0,3.5,4.0,4.0,4.0,4.0,4.0,4.0,4.0,3.5,4.0,4.0
251,Celebi,psychic|grass,600,85.9,83.4,88.6,53.8,100.0,45.7,88.6,58.3,43.3,93.8,4.0,4.0,4.0,2.5,4.5,2.5,4.0,3.0,2.0,4.5,4.0,3.5
252,Treecko,grass,310,56.3,51.1,29.9,14.3,38.2,9.5,29.9,8.1,10.4,47.3,3.5,3.5,2.5,2.0,3.0,2.0,2.5,1.5,2.0,3.5,2.5,2.5
253,Grovyle,grass,405,81.0,70.8,62.4,39.3,59.5,37.6,62.4,27.3,36.0,71.9,4.0,3.5,3.5,2.5,3.5,2.5,3.5,2.0,2.5,4.0,3.0,3.0
254,Sceptile,grass,530,96.2,86.5,86.0,74.7,85.7,67.3,86.0,66.0,70.6,94.3,4.0,4.0,4.0,3.5,4.0,3.0,4.0,3.0,3.0,4.0,3.5,3.5
255,Torchic,fire,310,25.2,56.7,20.5,19.2,36.0,16.6,20.5,6.9,7.8,15.3,2.5,4.0,2.5,2.5,3.0,2.0,2.5,2.0,2.0,2.0,2.5,2.5
256,Combusken,fire|fighting,405,36.8,70.8,48.2,64.3,54.3,51.7,48.2,39.1,39.7,33.9,2.5,4.0,3.0,3.5,3.0,3.0,3.0,2.5,2.5,2.5,3.0,3.0
257,Blaziken,fire|fighting,530,66.3,89.0,85.1,100.0,75.6,83.2,85.1,72.3,79.1,65.7,3.0,4.0,4.0,4.5,3.5,3.5,4.0,3.5,3.5,3.0,3.5,3.5
258,Mudkip,water,310,18.9,29.2,24.1,26.1,22.0,29.0,24.1,13.4,14.5,11.7,2.5,2.5,2.5,2.5,2.5,2.5,2.5,2.0,2.0,2.0,2.5,2.5
259,Marshtomp,water|ground,405,31.6,43.5,45.3,49.7,46.9,57.2,45.3,41.8,45.3,32.8,2.5,3.0,3.0,3.0,3.0,3.5,3.0,3.0,3.0,2.5,3.0,3.0
260,Swampert,water|ground,535,43.2,70.8,67.5,82.4,79.6,86.7,67.5,79.8,85.2,51.8,2.5,3.5,3.5,4.0,4.0,4.0,3.5,4.0,4.0,2.5,3.5,3.5
261,Poochyena,dark,220,14.0,5.9,11.3,20.1,2.7,25.5,21.3,8.1,14.8,4.9,2.5,2.0,2.0,2.5,2.0,3.0,2.5,2.0,2.5,2.0,2.0,2.5
262,Mightyena,dark,420,56.3,43.5,65.5,60.6,37.2,65.3,75.5,51.7,55.7,57.8,3.0,2.5,3.5,3.5,2.5,3.5,4.0,3.0,3.0,3.0,3.0,3.0
263,Zigzagoon,normal,240,43.2,5.9,15.5,4.5,7.3,18.1,15.5,8.4,13.9,34.5,3.5,2.0,2.5,2.0,2.0,2.5,2.5,2.0,2.0,3.0,2.0,2.5
264,Linoone,normal,420,85.9,29.2,69.0,28.7,32.2,49.4,69.0,27.1,46.7,81.6,4.5,2.0,3.5,2.0,2.5,3.0,3.5,2.0,3.0,4.0,3.0,3.0
265,Wurmple,bug,195,3.0,1.2,3.6,4.9,1.5,6.9,3.6,2.5,5.9,0.6,2.0,2.0,2.0,2.0,2.0,2.0,2.0,2.0,2.0,2.0,2.0,2.0
266,Silcoon,bug,205,1.5,2.8,1.3,14.6,0.9,12.3,1.3,25.7,24.0,2.0,2.0,2.0,2.0,2.5,2.0,2.5,2.0,3.0,3.0,2.0,2.0,2.0
267,Beautifly,bug|flying,395,49.8,83.4,45.1,57.3,53.1,46.4,45.1,34.4,44.6,44.2,3.0,4.5,3.0,3.5,3.0,3.0,3.0,2.5,3.0,3.0,2.5,3.0
268,Cascoon,bug,205,1.5,2.8,1.3,17.9,0.9,14.0,1.3,28.9,27.9,2.0,2.0,2.0,2.0,2.5,2.0,2.5,2.0,3.0,3.0,2.0,2.0,2.0
269,Dustox,bug|poison,385,49.8,29.2,28.6,37.3,53.6,32.5,28.6,57.7,50.3,52.6,3.0,2.5,2.5,2.5,3.5,2.5,2.5,3.5,3.0,3.5,2.5,3.0
270,Lotad,water|grass,220,8.7,16.2,2.2,8.2,16.0,2.1,2.2,6.4,8.5,2.3,2.0,2.5,2.0,2.0,2.5,2.0,2.0,2.0,2.0,2.0,2.0,2.0
271,Lombre,water|grass,340,31.6,43.5,17.5,37.3,46.9,32.8,17.5,39.7,50.7,25.5,2.5,3.0,2.0,3.0,3.0,2.5,2.0,3.0,3.5,2.5,2.5,2.5
272,Ludicolo,water|grass,480,56.3,74.7,49.4,60.0,87.5,57.9,49.4,64.9,74.1,57.8,3.0,3.5,2.5,3.0,4.0,3.0,2.5,3.5,3.5,3.0,3.0,3.5
273,Seedot,grass,220,8.7,5.9,3.9,11.3,2.7,5.2,13.9,17.8,9.7,4.4,2.0,2.0,2.0,2.5,2.0,2.0,2.5,2.5,2.0,2.0,2.0,2.0
274,Nuzleaf,grass|dark,340,43.2,43.5,40.2,47.3,24.0,46.0,50.2,26.7,51.3,33.5,3.0,3.0,3.0,3.0,2.0,3.0,3.0,2.5,3.0,2.5,2.5,3.0
275,Shiftry,grass|dark,480,66.3,74.7,78.2,73.9,57.2,76.8,88.2,52.2,76.6,62.6,3.0,3.5,3.5,3.5,3.0,3.5,4.0,2.5,3.5,3.0,3.0,3.5
276,Taillow,normal|flying,270,71.6,5.9,47.1,22.2,2.7,12.2,47.1,1.5,3.6,60.3,4.5,1.5,3.5,2.5,1.5,2.0,3.5,1.5,1.5,4.0,2.0,2.5
277,Swellow,normal|flying,455,97.5,61.6,86.6,59.7,40.7,52.1,86.6,33.3,37.1,93.3,4.5,3.0,4.0,3.0,2.5,3.0,4.0,2.0,2.0,4.5,3.0,3.5
278,Wingull,water|flying,270,71.6,36.3,34.2,23.7,14.4,10.8,34.2,10.7,17.7,60.3,4.0,3.0,2.5,2.5,2.0,2.0,2.5,2.0,2.0,4.0,2.0,2.5
279,Pelipper,water|flying,440,49.8,78.8,28.6,47.3,69.5,30.2,28.6,78.0,48.9,58.5,3.0,4.0,2.0,3.0,3.5,2.0,2.0,4.0,3.0,3.5,3.0,3.0
280,Ralts,psychic|fairy,198,18.9,23.0,5.3,3.9,21.5,5.4,5.3,3.2,6.2,7.2,2.5,2.5,2.0,2.0,2.5,2.0,2.0,2.0,2.0,2.0,2.0,2.0
281,Kirlia,psychic|fairy,278,31.6,51.1,10.8,20.7,48.2,21.1,10.8,19.2,28.0,20.1,2.5,3.5,2.0,2.5,3.5,2.5,2.0,2.0,2.5,2.5,2.0,2.5
282,Gardevoir,psychic|fairy,518,66.3,94.3,52.1,58.9,100.0,52.5,52.1,63.3,66.6,64.0,3.5,4.5,2.5,3.0,4.5,3.0,2.5,3.0,3.5,3.0,3.5,3.5
283,Surskit,bug|water,269,49.8,29.2,19.6,8.2,25.0,1.3,19.6,7.4,6.8,38.5,3.5,3.0,2.5,2.0,2.5,1.5,2.5,2.0,2.0,3.0,2.0,2.5
284,Masquerain,bug|flying,454,66.3,83.4,47.3,42.4,82.4,17.9,47.3,38.9,34.9,63.3,3.5,4.5,3.0,2.5,4.0,1.5,3.0,2.5,2.5,3.5,3.0,3.0
285,Shroomish,grass,295,14.0,16.2,5.8,6.7,24.4,6.3,5.8,20.9,18.7,10.2,2.5,2.5,2.0,2.0,2.5,2.0,2.0,2.5,2.5,2.0,2.5,2.5
286,Breloom,grass|fighting,460,56.3,43.5,82.7,91.1,37.2,81.5,82.7,65.5,53.4,60.5,3.0,2.5,4.0,4.5,2.0,4.0,4.0,3.5,3.0,3.0,3.0,3.5
287,Slakoth,normal,280,8.7,10.3,11.9,32.4,5.4,34.7,11.9,36.5,40.2,6.5,2.0,2.0,2.0,3.0,2.0,3.0,2.0,3.0,3.0,2.0,2.0,2.5
288,Vigoroth,normal,440,76.1,36.3,71.1,64.6,30.2,61.7,71.1,70.5,71.3,78.0,4.0,2.0,3.5,3.5,2.0,3.0,3.5,3.5,3.5,4.0,3.0,3.5
289,Slaking,normal,670,85.9,78.8,98.2,97.7,65.4,96.8,98.2,92.2,94.7,93.8,3.5,3.5,4.0,4.0,3.0,4.0,4.0,4.0,4.0,4.0,4.0,4.0
290,Nincada,bug|ground,266,18.9,5.9,8.8,14.3,2.7,10.3,8.8,47.7,9.2,25.9,2.5,2.0,2.0,2.5,2.0,2.0,2.0,3.5,2.0,2.5,2.0,2.5
291,Ninjask,bug|flying,456,99.9,29.2,91.9,65.1,22.0,49.6,91.9,23.8,36.6,89.7,5.0,2.0,4.5,3.5,1.5,3.0,4.5,2.0,2.5,4.5,3.0,3.0
292,Shedinja,bug|ghost,236,18.9,5.9,39.3,55.1,2.7,32.4,39.3,23.8,10.3,10.1,2.5,2.0,3.0,3.5,1.5,3.0,3.0,2.5,2.0,2.0,2.0,2.5
293,Whismur,normal,240,6.0,32.2,6.5,22.0,11.8,25.3,6.5,9.2,35.7,1.4,2.0,3.0,2.0,2.5,2.0,2.5,2.0,2.0,3.0,1.5,2.0,2.5
294,Loudred,normal,360,28.2,58.7,31.7,48.2,32.6,54.6,31.7,27.7,62.9,18.2,2.5,3.5,2.5,3.0,2.5,3.5,2.5,2.5,3.5,2.0,2.5,3.0
295,Exploud,normal,490,53.6,76.3,65.1,74.2,71.0,77.4,65.1,59.7,86.3,53.3,3.0,3.5,3.0,3.5,3.5,3.5,3.0,3.0,4.0,3.0,3.5,3.5
296,Makuhita,fighting,237,5.0,1.2,9.9,48.4,1.5,56.9,9.9,22.8,64.2,1.3,2.0,1.5,2.0,3.5,1.5,4.0,2.0,2.5,4.0,1.5,2.0,2.5
297,Hariyama,fighting,474,31.6,16.2,64.7,100.0,24.4,95.5,64.7,67.4,97.9,28.6,2.0,1.5,3.5,5.0,2.0,4.5,3.5,3.5,4.5,2.0,3.0,3.0
298,Azurill,normal|fairy,190,3.0,1.2,0.3,0.1,13.7,1.0,0.3,2.0,4.9,0.9,2.0,2.0,2.0,2.0,2.5,2.0,2.0,2.0,2.0,2.0,2.0,2.0
299,Nosepass,rock,375,8.7,23.0,5.5,28.4,49.9,48.3,5.5,89.2,43.9,20.2,1.5,2.5,1.5,2.5,3.5,3.5,1.5,5.0,3.0,2.0,2.5,2.5
300,Skitty,normal,260,31.6,10.3,13.8,18.3,5.4,18.3,13.8,18.4,25.2,23.5,3.0,2.0,2.0,2.5,2.0,2.5,2.0,2.5,2.5,2.5,2.0,2.5
301,Delcatty,normal,400,76.1,36.3,58.8,46.3,30.2,45.8,58.8,50.6,56.7,74.0,4.0,2.5,3.5,3.0,2.0,3.0,3.5,3.0,3.0,4.0,3.0,3.0
302,Sableye,dark|ghost,380,31.6,51.1,37.3,31.8,48.0,35.7,47.3,38.0,22.3,34.1,2.5,3.5,2.5,2.5,3.0,2.5,3.0,3.0,2.0,2.5,2.5,3.0
303,Mawile,steel|fairy,380,31.6,36.3,45.3,45.1,40.2,45.6,45.3,60.0,25.6,36.8,2.5,2.5,3.0,3.0,3.0,3.0,3.0,3.5,2.0,2.5,2.5,3.0
304,Aron,steel|rock,330,8.7,16.2,18.2,26.1,9.9,59.5,18.2,59.4,35.2,17.1,2.0,2.0,2.0,2.5,2.0,4.0,2.0,4.0,3.0,2.0,2.5,2.5
305,Lairon,steel|rock,430,18.9,29.2,39.3,56.7,22.0,80.4,39.3,86.1,58.2,31.2,2.0,2.0,2.5,3.5,2.0,4.5,2.5,4.5,3.5,2.5,3.0,3.0
306,Aggron,steel|rock,530,31.6,43.5,60.5,92.0,37.2,94.4,60.5,100.0,85.9,45.4,2.0,2.5,3.0,4.5,2.0,4.5,3.0,4.5,4.0,2.5,3.5,3.5
307,Meditite,fighting|psychic,280,43.2,16.2,18.9,26.0,29.8,16.1,18.9,25.7,15.7,38.7,3.0,2.0,2.5,2.5,2.5,2.0,2.5,2.5,2.0,3.0,2.0,2.5
308,Medicham,fighting|psychic,410,66.3,43.5,47.3,58.8,61.5,39.4,47.3,63.7,52.2,67.0,3.5,2.5,3.0,3.5,3.5,2.5,3.0,3.5,3.0,3.5,3.0,3.0
309,Electrike,electric,295,59.8,51.1,24.7,18.3,27.2,21.2,24.7,15.1,22.6,40.2,4.0,3.5,2.5,2.0,2.5,2.0,2.5,2.0,2.5,3.0,2.5,2.5
310,Manectric,electric,475,99.5,86.5,75.6,64.0,65.0,56.5,75.6,56.4,64.2,84.0,4.5,4.0,3.5,3.0,3.0,3.0,3.5,3.0,3.0,4.0,3.0,3.5
311,Plusle,electric,405,91.0,70.8,49.7,13.3,68.6,11.8,49.7,6.9,18.6,70.1,4.5,4.0,3.0,1.5,4.0,1.5,3.0,1.5,2.0,4.0,3.0,3.0
312,Minun,electric,405,91.0,61.6,43.7,6.7,71.4,6.1,43.7,13.4,18.6,73.6,5.0,3.5,3.0,1.5,4.0,1.5,3.0,1.5,2.0,4.0,3.0,3.0
313,Volbeat,bug,430,71.6,25.6,61.5,38.9,48.7,40.4,61.5,46.1,39.2,72.9,4.0,2.0,3.5,2.5,3.0,2.5,3.5,3.0,2.5,4.0,3.0,3.0
314,Illumise,bug,430,71.6,59.5,42.0,19.1,70.6,23.3,42.0,41.5,36.8,72.9,4.0,3.5,2.5,2.0,4.0,2.0,2.5,2.5,2.5,4.0,3.0,3.0
315,Roselia,grass|poison,400,49.8,83.4,35.9,15.3,80.0,15.1,35.9,6.0,6.7,42.2,3.5,4.5,2.5,2.0,4.5,2.0,2.5,1.5,1.5,3.0,3.0,2.5
316,Gulpin,poison,302,18.9,20.1,8.3,7.9,20.0,16.4,8.3,16.4,31.0,13.6,2.5,2.5,2.0,2.0,2.5,2.5,2.0,2.5,3.0,2.0,2.5,2.5
317,Swalot,poison,467,36.8,59.5,38.3,66.8,67.9,65.0,38.3,80.7,87.5,42.0,2.5,3.0,2.5,3.5,3.5,3.5,2.5,4.0,4.5,2.5,3.0,3.0
318,Carvanha,water|dark,305,49.8,51.1,61.0,55.1,20.6,55.9,71.0,16.2,31.6,37.8,3.0,3.0,3.5,3.5,2.0,3.5,4.0,1.5,2.5,2.5,2.5,3.0
319,Sharpedo,water|dark,460,81.0,78.8,93.5,91.3,43.1,90.2,100.0,46.7,77.7,70.1,3.5,3.5,4.0,4.0,2.0,4.0,4.5,2.5,3.5,3.5,3.0,3.5
320,Wailmer,water,400,43.2,56.7,40.2,68.8,27.6,67.8,40.2,46.6,94.4,32.9,2.5,3.0,2.5,3.5,2.0,3.5,2.5,3.0,4.5,2.5,3.0,3.0
321,Wailord,water,500,43.2,74.7,56.5,87.8,44.0,87.8,56.5,60.5,99.8,35.0,2.5,3.5,3.0,4.0,2.5,4.0,3.0,3.0,4.5,2.0,3.5,3.5
322,Numel,fire|ground,305,14.0,51.1,13.4,29.2,30.8,34.7,13.4,18.9,39.0,5.8,2.0,3.5,2.0,2.5,2.5,3.0,2.0,2.5,3.0,1.5,2.5,2.5
323,Camerupt,fire|ground,460,18.9,86.5,46.7,85.6,78.3,89.8,46.7,72.3,82.5,18.7,1.5,4.0,2.5,4.0,4.0,4.5,2.5,3.5,4.0,1.5,3.0,3.5
324,Torkoal,fire,470,3.0,70.8,25.3,39.7,64.6,72.5,25.3,61.4,51.2,15.0,1.5,4.0,2.0,2.5,3.5,4.0,2.0,3.5,3.0,1.5,3.0,3.0
325,Spoink,psychic,330,43.2,56.7,14.2,15.7,73.4,23.7,14.2,15.9,40.7,32.9,3.0,3.5,2.0,2.0,4.5,2.5,2.0,2.0,3.0,2.5,2.5,2.5
326,Grumpig,psychic,470,66.3,74.7,35.4,26.3,99.5,43.8,35.4,43.0,65.3,64.0,3.5,4.0,2.5,2.0,5.0,2.5,2.5,2.5,3.5,3.5,3.0,3.0
327,Spinda,normal,360,43.2,43.5,31.9,42.4,37.2,19.8,31.9,44.9,35.4,40.5,3.0,3.0,2.5,3.0,2.5,2.0,2.5,3.0,2.5,3.0,2.5,2.5
328,Trapinch,ground,290,0.5,23.0,34.6,57.6,15.1,58.1,34.6,21.7,27.5,0.7,1.5,2.5,3.0,4.0,2.0,4.0,3.0,2.5,2.5,1.5,2.0,2.5
329,Vibrava,ground|dragon,340,56.3,29.2,49.4,50.7,22.0,36.2,49.4,37.2,37.2,52.2,3.5,2.5,3.0,3.0,2.0,2.5,3.0,2.5,2.5,3.0,2.5,3.0
330,Flygon,ground|dragon,520,85.9,65.7,88.6,87.3,70.1,81.7,88.6,82.9,83.5,87.5,4.0,3.0,4.0,4.0,3.0,3.5,4.0,3.5,3.5,4.0,3.5,3.5
331,Cacnea,grass,335,14.0,70.8,34.1,34.9,36.5,67.1,34.1,6.9,33.4,5.8,2.0,4.0,2.5,2.5,3.0,4.0,2.5,1.5,2.5,1.5,2.5,2.5
332,Cacturne,grass|dark,475,36.8,91.1,66.0,79.3,66.8,87.5,76.0,52.2,67.9,33.9,2.0,4.5,3.5,4.0,3.5,4.0,3.5,3.0,3.5,2.0,3.0,3.5
333,Swablu,normal|flying,310,31.6,16.2,12.2,16.7,35.0,2.6,12.2,20.9,6.0,28.6,3.0,2.5,2.0,2.5,3.0,1.5,2.0,2.5,2.0,3.0,2.5,2.5
334,Altaria,dragon|flying,490,66.3,56.7,56.2,60.7,78.1,41.6,56.2,68.3,54.9,71.5,3.5,3.0,3.0,3.0,4.0,2.5,3.0,3.5,3.0,3.5,3.5,3.0
335,Zangoose,normal,458,76.1,43.5,89.2,79.3,37.2,77.6,89.2,52.2,63.3,72.3,3.5,2.5,4.0,4.0,2.0,3.5,4.0,2.5,3.0,3.5,3.0,3.5
336,Seviper,poison,458,49.8,83.4,66.9,89.7,62.1,74.7,66.9,69.0,78.2,48.5,2.5,4.0,3.5,4.0,3.0,3.5,3.5,3.5,4.0,2.5,3.0,3.5
337,Lunatone,rock|psychic,460,56.3,78.8,37.8,34.1,90.9,60.0,37.8,57.0,78.1,56.0,3.0,4.0,2.5,2.0,4.5,3.0,2.5,3.0,4.0,3.0,3.0,3.0
338,Solrock,rock|psychic,460,56.3,36.3,67.9,69.1,49.1,86.0,67.9,78.6,81.8,61.2,3.0,2.0,3.5,3.5,2.5,4.0,3.5,4.0,4.0,3.0,3.0,3.5
339,Barboach,water|ground,288,43.2,25.3,22.1,11.0,14.2,5.9,22.1,8.6,9.9,34.7,3.5,2.5,2.5,2.0,2.0,2.0,2.5,2.0,2.0,3.0,2.0,2.5
340,Whiscash,water|ground,468,43.2,62.8,46.5,49.4,61.4,49.5,46.5,51.0,62.8,46.3,2.5,3.5,3.0,3.0,3.5,3.0,3.0,3.0,3.5,3.0,3.0,3.0
341,Corphish,water,308,14.0,29.2,29.0,40.5,13.1,40.7,29.0,34.0,21.7,13.0,2.0,2.5,2.5,3.0,2.0,3.0,2.5,3.0,2.5,2.0,2.5,2.5
342,Crawdaunt,water|dark,468,36.8,74.7,67.3,76.3,52.7,75.1,77.3,64.4,50.9,42.5,2.0,4.0,3.5,4.0,3.0,4.0,4.0,3.5,3.0,2.5,3.0,3.0
343,Baltoy,ground|psychic,300,36.8,16.2,14.4,11.3,41.7,23.1,14.4,21.3,22.7,32.6,3.0,2.0,2.0,2.0,3.0,2.5,2.0,2.5,2.5,3.0,2.5,2.5
344,Claydol,ground|psychic,500,61.9,56.7,53.3,60.0,90.6,66.4,53.3,87.5,67.2,70.8,3.0,3.0,3.0,3.0,4.5,3.5,3.0,4.0,3.5,3.5,3.5,3.5
345,Lileep,rock|grass,355,4.2,46.8,3.0,27.4,62.7,24.7,3.0,66.7,48.1,7.3,1.5,3.5,1.5,2.5,4.0,2.5,1.5,4.0,3.5,1.5,2.5,2.5
346,Cradily,rock|grass,495,22.3,68.0,35.5,68.5,85.1,67.4,35.5,93.8,78.5,30.5,1.5,3.5,2.5,3.5,4.0,3.5,2.5,4.5,4.0,2.0,3.5,3.0
347,Anorith,rock|bug,355,61.9,16.2,72.7,54.8,16.0,53.0,72.7,36.2,26.4,56.5,3.5,1.5,4.0,3.5,1.5,3.0,4.0,2.5,2.0,3.5,2.5,3.0
348,Armaldo,rock|bug,495,25.2,56.7,62.2,88.1,63.4,89.0,62.2,95.4,73.4,34.3,1.5,3.0,3.0,4.0,3.0,4.5,3.0,4.5,3.5,2.0,3.5,3.5
349,Feebas,water,200,66.3,0.2,26.8,10.8,11.6,4.9,26.8,9.1,11.6,55.7,4.0,1.5,2.5,2.0,2.0,2.0,2.5,2.0,2.0,4.0,2.0,2.5
350,Milotic,water,540,68.2,83.4,48.3,67.4,96.0,62.2,48.3,87.2,94.3,70.7,3.5,4.0,2.5,3.0,4.5,3.0,2.5,4.0,4.5,3.5,3.5,3.5
351,Castform,normal,420,56.3,56.7,49.4,22.2,54.9,20.0,49.4,24.9,17.9,57.8,3.5,3.5,3.0,2.0,3.5,2.0,3.0,2.0,2.0,3.5,3.0,3.0
352,Kecleon,normal,440,18.9,43.5,39.3,60.6,73.6,57.3,39.3,51.7,42.7,18.7,2.0,3.0,2.5,3.5,4.0,3.5,2.5,3.0,3.0,2.0,3.0,3.0
353,Shuppet,ghost,295,25.2,48.0,32.9,35.7,21.0,25.1,32.9,12.2,11.7,14.5,2.5,3.5,3.0,3.0,2.5,2.5,3.0,2.0,2.0,2.0,2.5,2.5
354,Banette,ghost,455,49.8,68.9,74.3,74.3,56.6,61.6,74.3,50.6,42.6,50.8,3.0,3.5,4.0,4.0,3.0,3.5,4.0,3.0,2.5,3.0,3.0,3.0
355,Duskull,ghost,295,5.0,5.9,2.5,22.4,40.5,19.3,2.5,60.2,23.2,10.9,2.0,2.0,1.5,2.5,3.0,2.5,1.5,4.0,2.5,2.0,2.5,2.5
356,Dusclops,ghost,455,5.0,43.5,16.1,62.8,74.3,48.2,16.1,92.8,45.4,16.4,1.5,3.0,2.0,3.5,4.0,3.0,2.0,5.0,3.0,2.0,3.0,3.0
357,Tropius,grass|flying,460,34.5,59.1,33.8,77.6,71.7,64.6,33.8,84.1,90.5,39.4,2.0,3.0,2.0,4.0,3.5,3.5,2.0,4.0,4.5,2.5,3.0,3.0
358,Chimecho,psychic,455,49.8,78.8,28.6,21.2,94.2,5.7,28.6,45.8,30.7,54.7,3.0,4.5,2.5,2.0,5.0,1.5,2.5,3.0,2.5,3.5,3.0,3.0
359,Absol,dark,465,61.9,61.6,85.5,81.1,49.2,85.4,95.5,48.7,58.9,59.0,3.0,3.0,4.0,4.0,2.5,4.0,4.5,2.5,3.0,3.0,3.0,3.5
360,Wynaut,psychic,260,4.2,1.8,0.7,11.1,18.2,13.4,0.7,20.1,49.1,2.2,2.0,2.0,2.0,2.0,2.5,2.5,2.0,2.5,3.5,2.0,2.0,2.0
361,Snorunt,ice,300,31.6,29.2,17.5,24.9,22.0,24.5,17.5,26.2,30.5,25.5,3.0,2.5,2.0,2.5,2.5,2.5,2.0,2.5,2.5,2.5,2.5,2.5
362,Glalie,ice,480,66.3,65.7,64.1,67.1,70.1,78.5,64.1,72.8,84.1,68.9,3.0,3.0,3.0,3.5,3.5,3.5,3.0,3.5,4.0,3.5,3.0,3.5
363,Spheal,ice|water,290,5.0,36.3,2.5,22.4,26.2,30.9,2.5,27.9,51.8,2.7,2.0,3.0,1.5,2.5,2.5,3.0,1.5,2.5,3.5,1.5,2.0,2.5
364,Sealeo,ice|water,410,25.2,61.6,20.5,42.4,58.3,57.1,20.5,55.0,76.4,26.4,2.0,3.5,2.0,3.0,3.5,3.5,2.0,3.5,4.0,2.0,3.0,3.0
365,Walrein,ice|water,530,49.8,78.8,52.6,64.6,84.2,74.8,52.6,77.5,89.0,57.2,2.5,4.0,2.5,3.0,4.0,3.5,2.5,3.5,4.0,3.0,3.5,3.5
366,Clamperl,water,345,11.4,60.0,14.6,21.7,43.9,51.8,14.6,39.7,27.1,16.1,2.0,4.0,2.0,2.5,3.0,3.5,2.0,3.0,2.5,2.0,2.5,2.5
367,Huntail,water,485,34.9,77.0,59.3,84.5,73.0,66.8,59.3,90.7,53.9,45.9,2.0,4.0,3.0,4.0,3.5,3.5,3.0,4.5,3.0,2.5,3.5,3.5
368,Gorebyss,water,485,34.9,90.5,46.0,75.0,80.3,53.3,46.0,91.5,53.6,45.9,2.0,4.5,2.5,4.0,4.0,3.0,2.5,4.5,3.0,2.5,3.5,3.0
369,Relicanth,water|rock,485,36.8,23.0,51.9,60.6,31.2,58.4,51.9,88.5,62.6,50.3,2.5,2.0,3.0,3.5,2.0,3.5,3.0,4.5,3.5,3.0,3.5,3.0
370,Luvdisc,water,330,83.1,16.2,42.7,13.7,27.4,9.6,42.7,25.7,18.9,76.8,4.5,2.0,3.0,2.0,2.5,1.5,3.0,2.5,2.0,4.5,2.5,2.5
371,Bagon,dragon,300,31.6,16.2,37.3,35.7,7.1,57.9,37.3,28.9,35.0,28.6,2.5,2.0,3.0,3.0,1.5,3.5,3.0,2.5,3.0,2.5,2.5,2.5
372,Shelgon,dragon,420,31.6,43.5,51.6,66.3,28.8,82.9,51.6,74.1,63.5,40.8,2.0,2.5,3.0,3.5,2.0,4.0,3.0,4.0,3.5,2.5,3.0,3.0
373,Salamence,dragon|flying,600,85.9,89.0,97.5,100.0,83.3,94.1,97.5,72.8,85.7,87.5,3.5,4.0,4.0,4.0,3.5,4.0,4.0,3.0,3.5,3.5,4.0,4.0
374,Beldum,steel|psychic,300,8.7,10.3,9.4,24.1,30.1,54.9,9.4,55.8,39.1,12.4,2.0,2.0,2.0,2.5,2.5,3.5,2.0,3.5,3.0,2.0,2.5,2.5
375,Metang,steel|psychic,420,31.6,36.3,37.3,56.0,60.9,73.2,37.3,88.0,64.7,40.8,2.0,2.5,2.5,3.0,3.5,4.0,2.5,4.5,3.5,2.5,3.0,3.0
376,Metagross,steel|psychic,600,56.3,78.8,84.3,92.3,94.2,99.4,84.3,100.0,87.4,66.4,2.5,3.5,3.5,4.0,4.0,4.5,3.5,4.5,4.0,3.0,4.0,3.5
377,Regirock,rock,580,31.6,29.2,55.1,82.0,58.9,90.0,55.1,100.0,86.9,45.6,2.0,2.0,3.0,4.0,3.0,4.5,3.0,4.5,4.0,2.5,4.0,3.5
378,Regice,ice,580,31.6,83.4,17.5,52.6,96.8,55.7,17.5,90.3,86.8,40.8,2.0,4.0,1.5,3.0,4.5,3.0,1.5,4.5,4.5,2.5,4.0,3.0
379,Registeel,steel,580,31.6,61.6,37.3,70.2,86.0,73.3,37.3,100.0,88.3,45.2,2.0,3.0,2.0,3.5,4.0,3.5,2.0,4.5,4.5,2.5,4.0,3.5
380,Latias,dragon|psychic,600,92.7,89.0,81.0,64.6,100.0,60.1,81.0,77.5,69.6,97.0,4.0,4.0,3.5,3.0,4.5,3.0,3.5,3.5,3.0,4.5,4.0,3.5
381,Latios,dragon|psychic,600,92.7,96.4,86.9,80.6,100.0,72.0,86.9,82.9,81.7,95.7,4.0,4.0,3.5,3.5,4.0,3.0,3.5,3.5,3.5,4.0,4.0,4.0
382,Kyogre,water,670,76.1,99.4,83.4,91.6,100.0,91.5,83.4,92.4,97.5,80.5,3.5,4.0,3.5,4.0,4.0,4.0,3.5,4.0,4.0,3.5,4.0,4.0
383,Groudon,ground,670,76.1,83.4,94.7,99.8,88.3,100.0,94.7,99.7,97.8,85.7,3.0,3.5,4.0,4.0,3.5,4.0,4.0,4.0,4.0,3.5,4.0,4.0
384,Rayquaza,dragon|flying,680,81.0,99.4,96.3,100.0,95.1,98.1,96.3,92.9,97.0,85.1,3.5,4.0,4.0,4.0,4.0,4.0,4.0,4.0,4.0,3.5,4.0,4.0
385,Jirachi,steel|psychic,600,85.9,83.4,88.6,39.9,100.0,37.4,88.6,53.6,32.2,93.8,4.0,4.0,4.0,2.0,4.5,2.0,4.0,2.5,2.0,4.5,4.0,3.5
386,Deoxys,psychic,600,99.6,99.4,100.0,94.5,73.0,90.6,100.0,53.7,60.2,91.6,4.5,4.5,4.5,4.0,3.0,4.0,4.5,2.5,2.5,4.0,4.0,3.5
387,Turtwig,grass,318,11.0,23.0,18.1,25.0,23.5,30.4,18.1,23.6,20.8,9.3,2.0,2.5,2.5,2.5,2.5,3.0,2.5,2.5,2.5,2.0,2.5,2.5
388,Grotle,grass,405,15.9,36.3,36.9,62.3,39.1,77.1,36.9,64.4,69.8,20.9,1.5,2.5,2.5,3.5,2.5,4.0,2.5,3.5,4.0,2.0,3.0,3.0
389,Torterra,grass|ground,525,38.6,61.6,64.6,91.8,71.4,93.1,64.6,94.8,94.1,50.0,2.0,3.0,3.0,4.0,3.5,4.5,3.0,4.5,4.5,2.5,3.5,3.5
390,Chimchar,fire,309,46.1,39.7,32.2,21.9,23.1,20.2,32.2,12.7,12.4,37.4,3.5,3.0,2.5,2.5,2.5,2.5,2.5,2.0,2.0,3.0,2.5,2.5
391,Monferno,fire|fighting,405,68.2,63.3,63.4,59.4,43.9,48.6,63.4,32.9,42.8,62.2,3.5,3.5,3.5,3.5,2.5,3.0,3.5,2.0,2.5,3.5,3.0,3.0
392,Infernape,fire|fighting,534,91.1,85.6,93.4,83.2,75.4,77.8,93.4,60.4,67.1,91.0,4.0,4.0,4.0,3.5,3.5,3.5,4.0,3.0,3.0,4.0,3.5,3.5
393,Piplup,water,314,18.9,46.8,12.1,14.6,36.2,14.4,12.1,16.4,13.6,13.6,2.5,3.5,2.0,2.0,3.0,2.0,2.0,2.5,2.0,2.0,2.5,2.5
394,Prinplup,water,405,31.6,68.0,30.7,38.0,68.2,40.3,30.7,42.4,42.0,31.7,2.5,4.0,2.5,2.5,4.0,3.0,2.5,3.0,3.0,2.5,3.0,3.0
395,Empoleon,water|steel,530,43.2,89.9,54.6,75.6,95.6,74.3,54.6,92.9,82.7,51.1,2.5,4.0,3.0,3.5,4.5,3.5,3.0,4.5,4.0,2.5,3.5,3.5
396,Starly,normal|flying,245,43.2,5.9,27.3,22.2,2.7,11.3,27.3,1.5,3.3,32.1,3.5,2.0,2.5,2.5,2.0,2.0,2.5,1.5,2.0,3.0,2.0,2.5
397,Staravia,normal|flying,340,66.3,16.2,59.9,45.7,9.9,40.9,59.9,22.3,29.6,60.0,4.0,2.0,3.5,3.0,1.5,3.0,3.5,2.0,2.5,3.5,2.5,3.0
398,Staraptor,normal|flying,485,85.9,29.2,95.1,88.9,29.4,70.9,95.1,57.7,61.9,84.3,4.0,2.0,4.5,4.0,2.0,3.5,4.5,3.0,3.0,4.0,3.5,3.5
399,Bidoof,normal,250,11.0,10.3,6.0,14.3,8.0,23.8,6.0,11.2,30.6,4.0,2.0,2.0,2.0,2.5,2.0,2.5,2.0,2.0,3.0,2.0,2.0,2.5
400,Bibarel,normal|water,410,58.9,36.3,63.4,57.1,33.4,59.9,63.4,41.3,58.7,56.8,3.5,2.5,3.5,3.0,2.5,3.5,3.5,2.5,3.5,3.0,3.0,3.0
401,Kricketot,bug,194,5.0,2.8,1.2,1.2,4.8,1.5,1.2,4.8,2.4,1.6,2.0,2.0,2.0,2.0,2.0,2.0,2.0,2.0,2.0,2.0,2.0,2.0
402,Kricketune,bug,384,49.8,36.3,57.7,57.1,27.8,55.6,57.7,36.0,56.4,45.5,3.0,2.5,3.5,3.5,2.0,3.5,3.5,2.5,3.5,3.0,2.5,3.0
403,Shinx,electric,263,35.2,16.2,24.3,26.5,7.9,28.2,24.3,7.7,17.1,14.1,3.0,2.0,2.5,2.5,2.0,2.5,2.5,2.0,2.5,2.0,2.0,2.5
404,Luxio,electric,363,53.2,43.5,53.0,54.3,28.0,59.1,53.0,28.2,43.8,36.2,3.0,3.0,3.0,3.5,2.0,3.5,3.0,2.0,3.0,2.5,2.5,3.0
405,Luxray,electric,523,66.3,78.8,80.5,83.3,75.5,80.0,80.5,69.1,70.2,59.4,3.0,3.5,3.5,4.0,3.5,3.5,3.5,3.5,3.5,3.0,3.5,3.5
406,Budew,grass|poison,280,36.8,29.2,12.4,0.6,39.1,1.2,12.4,0.8,1.4,26.8,3.0,3.0,2.0,1.5,3.0,1.5,2.0,1.5,1.5,2.5,2.0,2.5
407,Roserade,grass|poison,515,76.1,94.3,62.9,44.0,96.9,35.4,62.9,43.0,38.2,74.0,4.0,4.5,3.5,2.5,4.5,2.0,3.5,2.5,2.5,3.5,3.5,3.5
408,Cranidos,rock,350,39.7,5.9,72.2,72.1,2.7,76.7,72.2,33.2,49.2,30.1,2.5,1.5,4.0,4.0,1.0,4.0,4.0,2.5,3.0,2.5,2.5,3.0
409,Rampardos,rock,495,39.7,51.1,76.0,93.3,33.9,95.3,76.0,69.5,87.6,36.6,2.5,2.5,3.5,4.5,2.0,4.5,3.5,3.5,4.0,2.0,3.5,3.5
410,Shieldon,rock|steel,350,8.7,19.7,4.7,12.8,45.4,37.1,4.7,69.2,29.3,18.3,2.0,2.5,1.5,2.0,3.5,3.0,1.5,4.5,2.5,2.0,2.5,2.5
411,Bastiodon,rock|steel,495,8.7,25.6,8.2,42.9,63.9,56.5,8.2,99.0,65.7,21.3,1.5,2.0,1.5,3.0,4.0,3.5,1.5,5.0,4.0,2.0,3.5,3.0
412,Burmy,bug,224,15.9,3.9,4.2,0.4,7.8,2.4,4.2,4.6,3.0,7.9,2.5,2.0,2.0,2.0,2.0,2.0,2.0,2.0,2.0,2.0,2.0,2.0
413,Wormadam,bug|grass,424,15.9,63.6,13.1,22.0,82.0,20.8,13.1,44.0,23.9,20.9,2.0,4.0,2.0,2.0,4.5,2.0,2.0,3.0,2.5,2.0,3.0,2.5
414,Mothim,bug|flying,424,52.5,77.0,64.9,68.6,49.6,59.8,64.9,31.0,47.9,47.9,3.0,4.0,3.5,3.5,3.0,3.5,3.5,2.0,3.0,3.0,3.0,3.0
415,Combee,bug|flying,244,56.3,5.9,22.8,11.8,7.6,4.6,22.8,5.3,3.8,49.2,4.0,2.0,2.5,2.0,2.0,2.0,2.5,2.0,2.0,3.5,2.0,2.5
416,Vespiquen,bug|flying,474,18.9,65.7,32.4,69.2,82.8,59.1,32.4,79.1,59.8,28.4,1.5,3.5,2.0,3.5,4.5,3.5,2.0,4.0,3.5,2.0,3.0,3.0
417,Pachirisu,electric,405,91.0,23.0,46.1,9.5,49.9,7.3,46.1,29.7,17.4,79.3,5.0,2.0,3.0,1.5,3.0,1.5,3.0,2.5,2.0,4.5,3.0,3.0
418,Buizel,water,330,71.6,43.5,55.9,33.3,18.7,43.3,55.9,15.9,37.7,60.8,4.0,3.0,3.5,2.5,2.0,3.0,3.5,2.0,2.5,3.5,2.5,3.0
419,Floatzel,water,495,94.7,70.8,94.9,70.6,45.0,71.0,94.9,40.4,63.4,87.8,4.5,3.5,4.5,3.5,2.5,3.5,4.5,2.0,3.0,4.0,3.5,3.5
420,Cherubi,grass,275,14.0,47.4,5.0,5.4,34.3,3.5,5.0,10.2,8.9,6.7,2.5,3.5,2.0,2.0,3.0,2.0,2.0,2.0,2.0,2.0,2.0,2.5
421,Cherrim,grass,450,71.6,73.0,51.4,23.5,72.3,24.6,51.4,33.7,33.0,71.0,4.0,4.0,3.0,2.0,4.0,2.0,3.0,2.5,2.5,4.0,3.0,3.0
422,Shellos,water,325,12.2,39.2,7.4,6.0,36.3,13.0,7.4,7.9,28.9,6.2,2.0,3.0,2.0,2.0,3.0,2.0,2.0,2.0,3.0,2.0,2.5,2.5
423,Gastrodon,water|ground,475,16.9,76.7,34.0,52.8,78.5,56.1,34.0,45.7,65.0,16.2,1.5,4.0,2.5,3.0,4.0,3.5,2.5,3.0,3.5,1.5,3.0,3.0
424,Ambipom,normal,482,94.7,43.5,93.6,71.1,44.3,61.3,93.6,55.1,57.3,92.8,4.5,2.5,4.5,3.5,2.5,3.0,4.5,3.0,3.0,4.5,3.0,3.5
425,Drifloon,ghost|flying,348,56.3,43.5,33.5,23.3,25.5,6.2,33.5,4.4,31.9,46.7,3.5,3.0,2.5,2.5,2.5,1.5,2.5,1.5,2.5,3.5,2.5,2.5
426,Drifblim,ghost|flying,498,66.3,74.7,64.1,69.2,51.2,45.1,64.1,35.0,66.8,58.2,3.5,4.0,3.5,3.5,3.0,2.5,3.5,2.0,3.5,3.0,3.5,3.0
427,Buneary,normal,350,71.6,20.5,57.4,24.6,24.6,24.8,57.4,8.7,15.4,62.4,4.0,2.0,3.5,2.0,2.5,2.5,3.5,1.5,2.0,4.0,2.5,2.5
428,Lopunny,normal,480,89.5,33.7,77.1,57.3,60.4,54.7,77.1,67.1,55.4,92.7,4.5,2.0,4.0,3.0,3.0,3.0,4.0,3.5,3.0,4.5,3.0,3.5
429,Mismagius,ghost,495,89.5,86.5,63.2,34.5,94.0,19.4,63.2,39.1,30.9,84.0,4.5,4.0,3.5,2.0,4.5,1.5,3.5,2.5,2.0,4.0,3.5,3.0
430,Honchkrow,dark|flying,505,58.9,86.5,82.8,82.1,57.5,73.7,92.8,32.9,61.6,54.4,3.0,4.0,4.0,4.0,3.0,3.5,4.5,2.0,3.0,3.0,3.5,3.5
431,Glameow,normal,310,71.6,19.7,47.1,20.1,11.3,14.6,47.1,12.5,12.1,62.2,4.0,2.0,3.0,2.0,2.0,2.0,3.0,2.0,2.0,4.0,2.5,2.5
432,Purugly,normal,452,93.9,48.4,82.9,55.5,40.4,62.7,82.9,44.8,58.9,90.3,4.5,2.5,4.0,3.0,2.5,3.0,4.0,2.5,3.0,4.5,3.0,3.5
433,Chingling,psychic,285,25.2,51.1,7.8,0.6,43.9,0.4,7.8,7.5,2.3,17.5,2.5,3.5,2.0,1.5,3.5,1.5,2.0,2.0,2.0,2.5,2.0,2.5
434,Stunky,poison|dark,329,60.4,19.5,46.3,21.5,11.9,33.3,56.3,11.8,31.1,54.2,3.5,2.0,3.0,2.0,2.0,2.5,3.5,2.0,2.5,3.5,2.5,2.5
435,Skuntank,poison|dark,479,69.5,58.7,75.8,61.9,49.5,67.0,85.8,49.0,69.5,67.9,3.5,3.0,3.5,3.0,2.5,3.5,4.0,2.5,3.5,3.5,3.0,3.5
436,Bronzor,steel|psychic,300,4.2,1.9,0.8,6.2,45.3,33.2,0.8,55.6,40.6,9.8,2.0,1.5,1.5,2.0,3.5,3.0,1.5,4.0,3.0,2.0,2.5,2.5
437,Bronzong,steel|psychic,500,11.9,63.6,34.5,68.0,94.8,81.8,34.5,95.6,71.8,22.5,1.5,3.5,2.0,3.5,4.5,4.0,2.0,4.5,3.5,1.5,3.5,3.0
438,Bonsly,rock,290,0.5,0.2,20.0,35.2,6.4,45.1,20.0,61.1,24.2,8.5,1.5,1.5,2.5,3.0,2.0,3.5,2.5,4.0,2.5,2.0,2.0,2.5
439,Mime Jr.,psychic|fairy,310,43.2,56.7,14.2,11.6,82.1,13.1,14.2,18.4,16.4,35.0,3.0,3.5,2.0,2.0,4.5,2.0,2.0,2.0,2.0,3.0,2.5,2.5
440,Happiny,normal,220,8.7,0.6,1.6,10.5,19.2,20.1,1.6,8.8,56.2,1.8,2.0,2.0,2.0,2.0,2.5,2.5,2.0,2.0,4.0,2.0,2.0,2.5
441,Chatot,normal|flying,411,78.2,76.7,60.4,36.5,43.8,19.2,60.4,14.0,29.8,68.6,4.0,4.0,3.5,2.5,3.0,2.0,3.5,1.5,2.0,4.0,3.0,3.0
442,Spiritomb,ghost|dark,485,14.0,76.7,38.3,61.6,89.9,80.6,48.3,73.2,52.9,24.2,1.5,4.0,2.5,3.5,4.5,4.0,3.0,4.0,3.0,2.0,3.5,3.0
443,Gible,dragon|ground,300,21.5,16.2,25.3,36.7,12.2,41.2,25.3,21.7,35.8,13.3,2.5,2.0,2.5,3.0,2.0,3.0,2.5,2.5,3.0,2.0,2.5,2.5
444,Gabite,dragon|ground,410,68.6,29.2,73.1,70.3,26.6,70.6,73.1,59.0,64.0,66.1,3.5,2.0,3.5,3.5,2.0,3.5,3.5,3.0,3.5,3.5,3.0,3.0
445,Garchomp,dragon|ground,600,88.2,65.7,97.6,95.1,73.7,92.3,97.6,89.6,91.7,95.3,4.0,3.0,4.0,4.0,3.0,4.0,4.0,4.0,4.0,4.0,4.0,4.0
446,Munchlax,normal,390,0.1,16.2,23.5,45.1,42.4,75.9,23.5,15.1,73.1,0.2,1.5,2.0,2.5,3.0,3.0,4.5,2.5,2.0,4.5,1.5,2.5,2.5
447,Riolu,fighting,285,43.2,10.3,40.2,46.7,8.0,40.8,40.2,18.9,27.4,33.5,3.0,2.0,3.0,3.5,1.5,3.0,3.0,2.0,2.5,2.5,2.0,2.5
448,Lucario,fighting|steel,525,76.1,91.1,87.3,85.4,77.0,79.3,87.3,67.7,62.3,75.7,3.5,4.0,4.0,4.0,3.5,3.5,4.0,3.0,3.0,3.5,3.5,3.5
449,Hippopotas,ground,330,11.4,12.7,21.1,42.8,9.1,57.7,21.1,51.7,52.6,14.6,2.0,2.0,2.5,3.0,2.0,3.5,2.5,3.5,3.5,2.0,2.5,2.5
450,Hippowdon,ground,525,27.8,54.3,58.6,91.5,56.5,94.2,58.6,95.9,95.1,38.9,2.0,3.0,3.0,4.5,3.0,4.5,3.0,4.5,4.5,2.0,3.5,3.5
451,Skorupi,poison|bug,330,49.8,5.9,28.6,27.1,13.9,21.5,28.6,60.2,25.4,57.2,3.5,1.5,2.5,2.5,2.0,2.0,2.5,4.0,2.5,3.5,2.5,2.5
452,Drapion,poison|dark,500,81.0,43.5,81.3,69.2,51.5,72.3,91.3,83.6,66.0,88.7,4.0,2.5,4.0,3.5,2.5,3.5,4.0,4.0,3.0,4.0,3.5,3.5
453,Croagunk,poison|fighting,300,31.6,46.8,25.1,40.2,25.3,35.5,25.1,18.9,31.7,22.0,2.5,3.5,2.5,3.0,2.5,3.0,2.5,2.0,2.5,2.5,2.5,2.5
454,Toxicroak,poison|fighting,490,71.6,72.6,84.1,87.2,60.8,76.1,84.1,56.1,70.5,69.2,3.5,3.5,4.0,4.0,3.0,3.5,4.0,3.0,3.5,3.5,3.5,3.5
455,Carnivine,grass,454,27.4,74.7,52.4,76.6,69.2,65.2,52.4,64.0,60.7,29.6,2.0,4.0,3.0,4.0,3.5,3.5,3.0,3.5,3.5,2.0,3.0,3.0
456,Finneon,water,330,52.5,26.2,29.3,11.4,29.6,14.6,29.3,19.5,12.9,50.1,3.5,2.5,2.5,2.0,2.5,2.0,2.5,2.0,2.0,3.5,2.5,2.5
457,Lumineon,water,460,78.2,54.7,63.0,52.1,67.4,42.6,63.0,62.3,53.2,79.0,4.0,3.0,3.5,3.0,3.5,2.5,3.5,3.5,3.0,4.0,3.0,3.0
458,Mantyke,water|flying,345,31.6,43.5,9.0,33.0,73.6,33.9,9.0,34.4,45.6,25.5,2.5,3.0,1.5,2.5,4.5,2.5,1.5,2.5,3.0,2.5,2.5,2.5
459,Snover,grass|ice,334,18.9,47.4,18.6,40.1,40.9,50.3,18.6,34.4,51.4,11.7,2.0,3.0,2.0,3.0,3.0,3.5,2.0,2.5,3.5,2.0,2.5,2.5
460,Abomasnow,grass|ice,494,43.2,76.7,58.1,84.1,79.8,83.1,58.1,81.1,91.2,46.9,2.5,3.5,3.0,4.0,4.0,4.0,3.0,4.0,4.0,2.5,3.5,3.5
461,Weavile,dark|ice,510,97.5,23.0,98.6,76.3,46.0,76.6,100.0,50.6,57.3,95.5,4.5,1.5,4.5,3.5,2.5,3.5,4.5,2.5,3.0,4.5,3.5,3.5
462,Magnezone,electric|steel,535,53.2,96.4,40.2,53.0,93.1,69.1,40.2,91.6,71.9,54.9,3.0,4.5,2.5,3.0,4.5,3.5,2.5,4.5,3.5,3.0,3.5,3.5
463,Lickilicky,normal,515,31.6,65.7,45.3,74.7,78.9,78.6,45.3,87.4,92.5,39.6,2.0,3.5,2.5,3.5,4.0,4.0,2.5,4.0,4.5,2.5,3.5,3.5
464,Rhyperior,ground|rock,535,18.9,36.3,61.4,98.7,30.2,98.8,61.4,100.0,97.3,30.9,1.5,2.0,3.0,4.5,2.0,4.5,3.0,4.5,4.5,2.0,3.5,3.5
465,Tangrowth,grass,535,31.6,89.0,55.1,87.3,57.1,87.7,55.1,96.3,92.9,43.8,2.0,4.0,3.0,4.0,3.0,4.0,3.0,4.5,4.5,2.5,3.5,3.5
466,Electivire,electric,540,91.0,78.8,94.1,92.6,80.9,93.6,94.1,69.8,83.0,78.5,4.0,3.5,4.0,4.0,3.5,4.0,4.0,3.0,3.5,3.5,3.5,3.5
467,Magmortar,fire,540,69.0,94.3,76.7,78.0,94.5,76.4,76.7,66.1,76.3,67.1,3.0,4.0,3.5,3.5,4.0,3.5,3.5,3.0,3.5,3.0,3.5,3.5
468,Togekiss,fairy|flying,545,66.3,92.2,38.7,56.0,100.0,35.4,38.7,82.5,72.3,73.2,3.5,4.5,2.0,3.0,4.5,2.0,2.0,4.0,3.5,3.5,3.5,3.5
469,Yanmega,bug|flying,515,81.0,91.5,71.9,81.9,65.6,61.0,71.9,85.9,81.4,84.5,3.5,4.0,3.5,3.5,3.0,3.0,3.5,4.0,3.5,4.0,3.5,3.5
470,Leafeon,grass,525,81.0,43.5,90.9,69.6,43.5,68.2,90.9,78.5,47.5,91.1,4.0,2.5,4.0,3.5,2.5,3.5,4.0,3.5,2.5,4.0,3.5,3.5
471,Glaceon,ice,525,49.8,96.4,35.9,32.4,95.8,35.6,35.9,68.2,43.7,59.8,3.0,4.5,2.5,2.0,4.5,2.5,2.5,3.5,2.5,3.5,3.5,3.0
472,Gliscor,ground|flying,510,81.0,23.0,83.1,93.5,40.2,69.6,83.1,96.3,75.4,90.7,4.0,1.5,4.0,4.5,2.0,3.5,4.0,4.5,3.5,4.0,3.5,3.5
473,Mamoswine,ice|ground,530,66.3,56.7,88.0,97.9,45.2,97.8,88.0,86.0,97.1,68.9,3.0,2.5,4.0,4.5,2.0,4.5,4.0,4.0,4.5,3.0,3.5,3.5
474,Porygon-Z,normal,535,76.1,97.7,71.1,51.3,84.9,57.4,71.1,48.1,60.5,75.7,3.5,4.5,3.5,2.5,4.0,3.0,3.5,2.5,3.0,3.5,3.5,3.5
475,Gallade,psychic|fighting,518,66.3,51.1,86.9,100.0,87.2,85.2,86.9,63.3,67.2,64.0,3.0,2.5,4.0,4.5,4.0,4.0,4.0,3.0,3.0,3.0,3.5,3.5
476,Probopass,rock|steel,525,18.9,61.6,13.0,47.7,86.0,63.4,13.0,99.9,70.7,31.6,1.5,3.5,1.5,3.0,4.5,3.5,1.5,5.0,4.0,2.5,3.5,3.0
477,Dusknoir,ghost,525,25.2,51.1,51.0,88.7,79.1,85.5,51.0,98.2,65.5,37.2,1.5,3.0,3.0,4.5,4.0,4.0,3.0,4.5,3.5,2.0,3.5,3.5
478,Froslass,ice|ghost,480,92.7,65.7,81.0,62.5,61.1,52.4,81.0,60.7,57.9,91.8,4.5,3.0,4.0,3.0,3.0,2.5,4.0,3.0,3.0,4.5,3.0,3.5
479,Rotom,electric|ghost,440,88.2,78.8,47.5,7.5,75.2,4.4,47.5,30.5,4.8,79.1,4.5,4.0,3.0,1.5,4.0,1.0,3.0,2.5,1.5,4.0,3.0,3.0
480,Uxie,psychic,580,81.0,61.6,69.9,25.5,95.0,21.8,69.9,52.6,21.3,91.1,4.0,3.5,3.5,2.0,4.5,1.5,3.5,3.0,1.5,4.5,4.0,3.0
481,Mesprit,psychic,580,66.3,86.5,80.7,43.8,100.0,38.7,80.7,46.5,24.1,74.7,3.5,4.0,4.0,2.5,4.5,2.5,4.0,2.5,1.5,3.5,4.0,3.5
482,Azelf,psychic,580,94.7,94.3,98.7,51.1,88.8,47.1,98.7,24.9,21.3,94.6,4.5,4.5,4.5,2.5,4.0,2.5,4.5,1.5,1.5,4.5,4.0,3.5
483,Dialga,steel|dragon,680,76.1,99.4,91.5,97.6,97.6,97.2,91.5,100.0,98.3,84.9,3.0,4.0,4.0,4.0,4.0,4.0,4.0,4.0,4.0,3.5,4.0,4.0
484,Palkia,water|dragon,680,85.9,99.4,95.1,97.5,99.5,96.6,95.1,96.1,94.9,93.8,3.5,4.0,4.0,4.0,4.0,4.0,4.0,4.0,4.0,4.0,4.0,4.0
485,Heatran,fire|steel,600,63.6,96.4,70.7,77.5,97.6,87.9,70.7,100.0,91.9,72.5,3.0,4.0,3.0,3.5,4.0,4.0,3.0,4.5,4.0,3.0,4.0,3.5
486,Regigigas,normal,670,85.9,65.7,98.2,99.9,84.6,99.7,98.2,97.5,99.0,95.4,3.5,3.0,4.0,4.0,3.5,4.0,4.0,4.0,4.0,4.0,4.0,4.0
487,Giratina,ghost|dragon,680,76.1,83.4,83.4,91.6,95.4,91.8,83.4,99.0,99.6,84.9,3.5,3.5,3.5,4.0,4.0,4.0,3.5,4.0,4.0,3.5,4.0,4.0
488,Cresselia,psychic,580,71.6,61.6,59.3,60.0,93.8,64.4,59.3,88.2,88.4,79.5,3.5,3.0,3.0,3.0,4.5,3.0,3.0,4.0,4.0,3.5,4.0,3.5
489,Phione,water,480,66.3,65.7,64.1,30.8,70.1,29.1,64.1,37.6,30.3,68.9,3.5,3.5,3.5,2.0,4.0,2.0,3.5,2.5,2.0,3.5,3.0,3.0
490,Manaphy,water,600,85.9,83.4,88.6,39.9,91.0,38.3,88.6,43.6,32.4,93.8,4.0,4.0,4.0,2.0,4.5,2.0,4.0,2.5,2.0,4.5,4.0,3.5
491,Darkrai,dark,600,97.5,97.7,89.8,72.9,94.1,68.7,99.8,79.8,66.9,99.1,4.0,4.0,4.0,3.0,4.0,3.0,4.5,3.5,3.0,4.0,4.0,3.5
492,Shaymin,grass,600,85.9,83.4,88.6,36.4,91.0,40.2,88.6,40.6,31.5,93.8,4.0,4.0,4.0,2.0,4.5,2.0,4.0,2.5,2.0,4.5,4.0,3.5
493,Arceus,normal,720,96.2,92.2,98.4,96.9,97.8,96.1,98.4,98.5,98.8,99.5,4.0,3.5,4.0,4.0,4.0,4.0,4.0,4.0,4.0,4.0,4.0,4.0
494,Victini,psychic|fire,600,85.9,83.4,88.6,45.5,100.0,44.3,88.6,49.4,38.0,93.8,4.0,4.0,4.0,2.5,4.5,2.5,4.0,2.5,2.0,4.5,4.0,3.5
495,Snivy,grass,308,46.6,23.0,22.6,18.3,23.5,14.1,22.6,25.7,19.8,42.3,3.5,2.5,2.5,2.0,2.5,2.0,2.5,2.5,2.5,3.0,2.5,2.5
496,Servine,grass,413,69.0,43.5,49.1,32.4,51.5,29.7,49.1,50.2,37.5,70.2,4.0,3.0,3.0,2.5,3.0,2.0,3.0,3.0,2.5,4.0,3.0,3.0
497,Serperior,grass,528,94.1,61.6,78.8,76.0,76.8,63.6,78.8,93.7,82.2,98.3,4.0,3.0,3.5,3.5,3.5,3.0,3.5,4.0,3.5,4.5,3.5,3.5
498,Tepig,fire,308,25.2,23.0,22.1,25.2,15.1,26.8,22.1,14.0,29.9,16.8,2.5,2.5,2.5,2.5,2.0,2.5,2.5,2.0,3.0,2.0,2.5,2.5
499,Pignite,fire|fighting,418,36.8,56.7,54.0,71.9,41.8,72.2,54.0,38.4,69.5,32.6,2.5,3.0,3.0,4.0,2.5,4.0,3.0,2.5,3.5,2.0,3.0,3.0
500,Emboar,fire|fighting,528,49.8,83.4,77.4,99.4,67.1,93.9,77.4,63.3,91.6,50.8,2.5,4.0,3.5,4.5,3.0,4.0,3.5,3.0,4.0,2.5,3.5,3.5
501,Oshawott,water,308,25.2,48.0,16.8,20.1,28.1,18.0,16.8,14.0,20.0,16.8,2.5,3.5,2.0,2.5,2.5,2.5,2.0,2.0,2.5,2.0,2.5,2.5
502,Dewott,water,413,43.2,68.9,44.6,44.5,53.3,48.0,44.6,36.5,50.0,40.5,3.0,4.0,3.0,3.0,3.0,3.0,3.0,2.5,3.0,2.5,3.0,3.0
503,Samurott,water,528,56.3,87.6,72.2,78.4,74.6,83.7,72.2,77.0,84.9,61.2,3.0,4.0,3.5,3.5,3.5,4.0,3.5,3.5,4.0,3.0,3.5,3.5
504,Patrat,normal,255,21.5,10.3,14.9,20.1,6.9,24.0,14.9,9.0,19.3,10.6,2.5,2.0,2.5,2.5,2.0,2.5,2.5,2.0,2.5,2.0,2.0,2.5
505,Watchog,normal,420,63.6,43.5,66.7,61.0,44.6,56.3,66.7,53.7,46.0,62.7,3.5,2.5,3.5,3.5,2.5,3.0,3.5,3.0,2.5,3.5,3.0,3.0
506,Lillipup,normal,275,36.8,2.8,26.9,19.2,7.5,18.9,26.9,10.2,9.8,28.9,3.0,1.5,2.5,2.5,2.0,2.5,2.5,2.0,2.0,3.0,2.0,2.5
507,Herdier,normal,370,43.2,10.3,47.7,51.3,24.8,44.1,47.7,43.0,40.9,42.9,3.0,1.5,3.0,3.5,2.0,3.0,3.0,3.0,3.0,3.0,2.5,3.0
508,Stoutland,normal,500,66.3,23.0,82.3,75.4,49.9,82.7,82.3,71.3,72.5,71.5,3.5,1.5,4.0,3.5,2.5,4.0,4.0,3.5,3.5,3.5,3.5,3.5
509,Purrloin,dark,281,52.5,29.2,30.6,13.3,13.6,19.9,40.6,5.6,12.7,42.9,3.5,2.5,2.5,2.0,2.0,2.5,3.0,1.5,2.0,3.0,2.0,2.5
510,Liepard,dark,446,90.4,73.2,84.7,62.2,46.9,64.3,94.7,37.2,53.1,81.8,4.0,3.5,4.0,3.0,2.5,3.0,4.5,2.0,2.5,4.0,3.0,3.5
511,Pansage,grass,316,47.0,32.9,29.5,22.7,21.2,21.9,29.5,20.1,24.4,39.9,3.5,2.5,2.5,2.5,2.5,2.5,2.5,2.0,2.5,3.0,2.5,2.5
512,Simisage,grass,498,87.8,81.2,87.8,67.5,64.1,65.8,87.8,48.3,58.5,83.2,4.0,4.0,4.0,3.0,3.0,3.0,4.0,2.5,3.0,4.0,3.5,3.5
513,Pansear,fire,316,47.0,32.9,29.5,22.7,21.2,22.2,29.5,20.1,25.2,39.9,3.5,2.5,2.5,2.5,2.5,2.5,2.5,2.0,2.5,3.0,2.5,2.5
514,Simisear,fire,498,87.8,81.2,87.8,64.3,64.1,64.2,87.8,44.5,55.5,83.2,4.0,4.0,4.0,3.0,3.0,3.0,4.0,2.5,3.0,4.0,3.5,3.5
515,Panpour,water,316,47.0,32.9,29.5,22.7,21.2,24.2,29.5,20.1,26.6,39.9,3.5,2.5,2.5,2.5,2.5,2.5,2.5,2.0,2.5,3.0,2.5,2.5
516,Simipour,water,498,87.8,81.2,87.8,64.3,64.1,65.1,87.8,44.5,56.1,83.2,4.0,4.0,4.0,3.0,3.0,3.0,4.0,2.5,3.0,4.0,3.5,3.5
517,Munna,psychic,292,4.4,54.1,0.9,11.6,50.8,20.7,0.9,18.4,45.8,1.7,2.0,3.5,1.5,2.0,3.5,2.5,1.5,2.5,3.5,1.5,2.5,2.5
518,Musharna,psychic,487,6.4,87.4,8.5,37.8,100.0,48.8,8.5,64.4,78.9,11.0,1.5,4.5,1.5,2.5,5.0,3.0,1.5,3.5,4.5,1.5,3.5,3.0
519,Pidove,normal|flying,264,22.3,12.2,15.2,22.2,4.4,11.8,15.2,9.5,7.0,15.6,2.5,2.0,2.5,2.5,2.0,2.0,2.5,2.0,2.0,2.5,2.0,2.5
520,Tranquill,normal|flying,358,49.8,29.2,50.6,48.2,17.6,42.5,50.6,31.4,34.6,49.4,3.0,2.5,3.0,3.0,2.0,3.0,3.0,2.5,2.5,3.0,2.5,3.0
521,Unfezant,normal|flying,488,79.1,51.1,91.4,87.2,38.2,71.4,91.4,65.5,61.5,81.2,3.5,2.5,4.0,4.0,2.0,3.5,4.0,3.0,3.0,4.0,3.5,3.5
522,Blitzle,electric,295,73.3,29.2,45.6,32.4,12.4,37.8,45.6,17.2,35.1,53.4,4.0,2.5,3.0,2.5,1.5,2.5,3.0,2.0,2.5,3.5,2.5,3.0
523,Zebstrika,electric,497,100.0,65.7,93.9,80.0,53.9,80.7,93.9,61.6,77.5,92.0,4.5,3.0,4.0,3.5,2.5,3.5,4.0,3.0,3.5,4.0,3.5,3.5
524,Roggenrola,rock,280,1.5,2.8,17.8,28.1,0.9,43.2,17.8,49.7,26.0,6.9,1.5,1.5,2.5,2.5,1.5,3.5,2.5,3.5,2.5,2.0,2.0,2.5
525,Boldore,rock,390,3.0,29.2,38.5,65.5,16.8,87.8,38.5,79.9,62.1,12.0,1.5,2.5,2.5,4.0,2.0,4.5,2.5,4.5,3.5,1.5,2.5,3.0
526,Gigalith,rock,515,5.0,43.5,51.5,93.8,55.6,98.4,51.5,100.0,88.7,16.4,1.0,2.5,3.0,4.5,3.0,4.5,3.0,5.0,4.5,1.5,3.5,3.0
527,Woobat,psychic|flying,323,59.5,36.3,31.5,19.5,30.5,4.8,31.5,8.6,20.0,52.8,4.0,3.0,2.5,2.0,2.5,1.5,2.5,2.0,2.0,3.5,2.5,2.5
528,Swoobat,psychic|flying,425,94.2,63.0,64.5,43.1,54.9,24.4,64.5,35.4,39.6,86.5,4.5,3.5,3.5,2.5,3.0,2.0,3.5,2.5,2.5,4.5,3.0,3.0
529,Drilbur,ground,328,53.6,5.9,59.7,30.1,8.5,41.7,59.7,4.0,20.1,45.1,3.5,1.5,3.5,2.5,1.5,3.0,3.5,1.5,2.0,3.0,2.5,2.5
530,Excadrill,ground|steel,508,74.0,29.2,93.8,69.5,34.5,84.1,93.8,43.3,65.1,69.8,3.5,2.0,4.5,3.5,2.0,4.0,4.5,2.5,3.5,3.5,3.5,3.5
531,Audino,normal,445,31.6,43.5,23.9,42.4,60.5,39.2,23.9,66.4,69.3,37.3,2.5,3.0,2.0,3.0,3.5,2.5,2.0,4.0,4.0,2.5,3.0,3.0
532,Timburr,fighting,305,14.0,2.8,29.0,50.5,3.5,42.7,29.0,25.7,40.4,9.5,2.0,1.5,2.5,3.5,1.5,3.0,2.5,2.5,3.0,2.0,2.5,2.5
533,Gurdurr,fighting,405,18.9,16.2,50.0,83.6,16.0,73.6,50.0,68.6,67.9,24.6,2.0,1.5,3.0,4.5,1.5,4.0,3.0,4.0,4.0,2.0,3.0,3.0
534,Conkeldurr,fighting,505,25.2,36.3,66.2,98.5,39.1,92.7,66.2,80.3,85.0,33.1,2.0,2.0,3.5,4.5,2.5,4.5,3.5,4.0,4.0,2.0,3.5,3.0
535,Tympole,water,294,47.0,29.2,26.3,17.4,16.8,12.1,26.3,11.2,14.3,37.4,3.5,2.5,2.5,2.0,2.0,2.0,2.5,2.0,2.0,3.0,2.5,2.5
536,Palpitoad,water|ground,384,54.0,51.1,44.2,36.1,38.2,34.1,44.2,32.0,46.3,51.3,3.5,3.0,3.0,2.5,2.5,2.5,3.0,2.5,3.0,3.0,2.5,3.0
537,Seismitoad,water|ground,509,60.4,70.8,71.6,75.8,68.6,74.9,71.6,69.5,83.8,62.3,3.0,3.5,3.5,3.5,3.5,3.5,3.5,3.5,4.0,3.0,3.5,3.5
538,Throh,fighting,465,25.2,5.9,51.0,83.9,35.5,75.8,51.0,71.1,81.8,30.7,2.0,1.0,3.0,4.5,2.5,4.0,3.0,4.0,4.0,2.0,3.0,3.0
539,Sawk,fighting,465,71.6,5.9,90.2,95.3,28.2,85.0,90.2,66.6,69.1,72.9,3.5,1.0,4.5,4.5,2.0,4.0,4.5,3.5,3.5,3.5,3.0,3.5
540,Sewaddle,bug|grass,310,21.5,16.2,12.9,10.2,24.4,11.0,12.9,24.9,5.0,22.4,2.5,2.5,2.0,2.0,2.5,2.0,2.0,2.5,2.0,2.5,2.5,2.5
541,Swadloon,bug|grass,380,21.5,29.2,20.1,25.2,45.7,23.9,20.1,47.7,21.6,27.9,2.5,2.5,2.0,2.5,3.5,2.5,2.0,3.5,2.5,2.5,2.5,2.5
542,Leavanny,bug|grass,500,78.7,56.7,86.5,72.8,63.4,63.4,86.5,65.5,57.4,80.9,3.5,3.0,4.0,3.5,3.0,3.0,4.0,3.0,3.0,4.0,3.5,3.5
543,Venipede,bug|poison,260,39.0,5.9,18.7,9.5,4.1,9.8,18.7,19.7,5.5,35.4,3.0,2.0,2.5,2.0,2.0,2.0,2.5,2.5,2.0,3.0,2.0,2.5
544,Whirlipede,bug|poison,360,27.8,16.2,19.1,41.8,35.8,47.7,19.1,75.9,45.9,36.1,2.5,2.0,2.0,3.0,2.5,3.0,2.0,4.5,3.0,2.5,2.5,2.5
545,Scolipede,bug|poison,485,93.9,36.3,93.1,89.5,41.4,89.3,93.1,89.8,78.7,97.2,4.0,2.0,4.0,4.0,2.0,4.0,4.0,4.0,3.5,4.5,3.5,3.5
546,Cottonee,grass|fairy,280,52.5,12.4,19.9,1.4,23.4,0.2,19.9,17.1,2.0,51.6,3.5,2.0,2.5,1.5,2.5,1.5,2.5,2.5,1.5,3.5,2.0,2.5
547,Whimsicott,grass|fairy,480,95.3,63.0,73.3,34.8,73.1,26.4,73.3,54.4,29.3,97.6,4.5,3.5,3.5,2.0,3.5,2.0,3.5,3.0,2.0,4.5,3.0,3.0
548,Petilil,grass,280,8.7,56.7,3.2,10.1,36.0,7.8,3.2,17.8,13.7,4.4,2.0,4.0,2.0,2.0,3.0,2.0,2.0,2.5,2.0,2.0,2.0,2.5
549,Lilligant,grass,480,76.1,89.0,54.3,42.4,79.3,29.9,54.3,58.6,49.0,76.7,4.0,4.5,3.0,2.5,4.0,2.0,3.0,3.0,2.5,4.0,3.0,3.0
550,Basculin,water,460,83.7,65.7,84.0,61.6,47.6,55.4,84.0,47.0,47.2,80.7,4.0,3.5,4.0,3.0,2.5,3.0,4.0,2.5,2.5,4.0,3.0,3.5
551,Sandile,ground|dark,292,49.8,10.3,46.7,38.8,5.4,37.8,56.7,15.9,29.4,39.0,3.5,2.0,3.0,3.0,1.5,3.0,3.5,2.0,2.5,3.0,2.5,2.5
552,Krokorok,ground|dark,351,60.4,23.0,62.6,55.5,15.1,58.9,72.6,30.4,46.8,54.0,3.5,2.0,3.5,3.5,1.5,3.5,4.0,2.5,3.0,3.0,2.5,3.0
553,Krookodile,ground|dark,519,78.7,51.1,92.0,84.8,52.1,90.3,100.0,72.8,85.1,80.9,3.5,2.5,4.0,4.0,2.5,4.0,4.5,3.5,4.0,3.5,3.5,3.5
554,Darumaka,fire,315,31.6,0.6,48.1,48.6,6.6,65.4,48.1,18.4,46.3,23.5,2.5,1.5,3.0,3.5,1.5,4.0,3.0,2.0,3.0,2.5,2.5,2.5
555,Darmanitan,fire,480,81.0,5.9,96.1,86.5,13.9,93.9,96.1,47.3,84.1,75.0,4.0,1.0,4.5,4.0,1.0,4.5,4.5,2.5,4.0,3.5,3.0,3.5
556,Maractus,grass,461,43.2,87.3,54.6,58.2,72.8,58.6,54.6,49.0,55.5,43.7,2.5,4.5,3.0,3.0,4.0,3.0,3.0,3.0,3.0,2.5,3.0,3.0
557,Dwebble,bug|rock,325,36.8,10.3,32.9,18.9,5.4,32.3,32.9,45.8,17.1,42.5,3.0,2.0,3.0,2.0,1.5,2.5,3.0,3.5,2.0,3.0,2.5,2.5
558,Crustle,bug|rock,485,25.2,51.1,53.8,78.6,56.2,90.9,53.8,98.9,76.0,36.4,2.0,3.0,3.0,4.0,3.0,4.5,3.0,4.5,4.0,2.0,3.5,3.0
559,Scraggy,dark|fighting,348,28.2,10.3,34.8,45.7,27.9,36.6,44.8,38.6,25.9,29.3,2.5,2.0,2.5,3.0,2.5,3.0,3.0,3.0,2.5,2.5,2.5,2.5
560,Scrafty,dark|fighting,488,39.7,23.0,54.2,73.6,59.3,61.1,64.2,79.0,51.0,52.4,2.5,2.0,3.0,4.0,3.5,3.5,3.5,4.0,3.0,3.0,3.5,3.0
561,Sigilyph,psychic|flying,490,83.1,85.4,57.1,59.1,91.2,27.2,57.1,70.5,55.2,84.7,4.0,4.0,3.0,3.0,4.5,1.5,3.0,3.5,3.0,4.0,3.5,3.5
562,Yamask,ghost,303,8.7,36.3,2.2,8.2,39.1,1.2,2.2,44.0,5.6,14.0,2.0,3.0,2.0,2.0,3.0,1.5,2.0,3.5,2.0,2.0,2.5,2.5
563,Cofagrigus,ghost,483,8.7,78.8,6.9,51.6,90.2,47.7,6.9,95.1,64.8,20.6,1.5,4.0,1.5,3.0,4.5,3.0,1.5,5.0,3.5,2.0,3.0,3.0
564,Tirtouga,water|rock,355,3.9,32.9,20.7,43.8,20.3,44.4,20.7,73.0,32.0,13.2,1.5,2.5,2.0,3.0,2.0,3.0,2.0,4.5,2.5,2.0,2.5,2.5
565,Carracosta,water|rock,495,11.4,68.9,45.9,75.0,58.5,85.6,45.9,95.0,69.4,23.1,1.5,3.5,2.5,4.0,3.0,4.5,2.5,4.5,3.5,2.0,3.5,3.0
566,Archen,rock|flying,401,56.3,60.0,77.5,64.7,35.2,58.3,77.5,24.0,23.5,49.8,3.0,3.5,4.0,3.5,2.5,3.5,4.0,2.0,2.0,3.0,3.0,3.0
567,Archeops,rock|flying,567,92.7,90.2,99.4,98.5,72.4,80.0,99.4,69.0,63.2,89.3,4.0,4.0,4.5,4.0,3.0,3.5,4.5,3.0,3.0,4.0,4.0,3.5
568,Trubbish,poison,329,49.8,16.2,28.6,21.2,25.6,32.2,28.6,31.4,33.7,49.4,3.5,2.0,2.5,2.0,2.5,2.5,2.5,2.5,2.5,3.5,2.5,2.5
569,Garbodor,poison,474,61.9,43.5,72.7,82.7,57.6,81.9,72.7,83.5,85.6,65.0,3.0,2.5,3.5,4.0,3.0,4.0,3.5,4.0,4.0,3.0,3.0,3.5
570,Zorua,dark,330,49.8,65.7,42.3,33.3,35.1,31.2,52.3,18.9,23.2,40.2,3.0,4.0,3.0,2.5,2.5,2.5,3.5,2.0,2.0,3.0,2.5,3.0
571,Zoroark,dark,510,89.5,92.2,93.3,82.9,68.0,84.3,100.0,59.5,66.4,84.0,4.0,4.0,4.0,3.5,3.0,3.5,4.5,2.5,3.0,3.5,3.5,3.5
572,Minccino,normal,300,61.9,16.2,36.9,13.3,9.9,13.8,36.9,6.9,15.8,53.8,4.0,2.0,3.0,2.0,2.0,2.0,3.0,1.5,2.0,3.5,2.5,2.5
573,Cinccino,normal,470,94.7,51.1,91.7,46.6,42.9,46.7,91.7,24.3,34.5,89.5,4.5,3.0,4.5,2.5,2.5,2.5,4.5,1.5,2.0,4.5,3.0,3.0
574,Gothita,psychic,290,25.2,36.3,7.8,4.5,49.1,4.9,7.8,13.4,10.9,17.5,2.5,3.0,2.0,2.0,3.5,2.0,2.0,2.0,2.0,2.5,2.0,2.5
575,Gothorita,psychic,390,36.8,61.6,17.1,21.8,81.4,22.6,17.1,41.8,36.3,37.6,2.5,3.5,2.0,2.0,4.5,2.0,2.0,3.0,2.5,3.0,2.5,2.5
576,Gothitelle,psychic,490,49.8,78.8,33.2,50.6,100.0,43.5,33.2,82.5,65.6,58.0,3.0,4.0,2.0,3.0,5.0,2.5,2.0,4.0,3.5,3.0,3.5,3.0
577,Solosis,psychic,290,3.0,86.5,1.0,1.8,65.3,0.8,1.0,4.0,4.1,0.9,2.0,5.0,1.5,1.5,4.5,1.5,1.5,2.0,2.0,1.5,2.0,2.5
578,Duosion,psychic,370,8.7,94.3,3.9,16.0,80.7,11.6,3.9,22.3,31.4,4.4,2.0,5.0,1.5,2.0,4.5,2.0,1.5,2.5,2.5,1.5,2.5,2.5
579,Reuniclus,psychic,490,8.7,94.3,14.7,43.4,99.6,36.3,14.7,55.4,63.0,10.4,1.5,5.0,1.5,3.0,5.0,2.5,1.5,3.5,3.5,1.5,3.5,3.0
580,Ducklett,water|flying,305,36.8,20.5,15.9,22.9,18.0,9.2,15.9,17.8,25.1,30.4,3.0,2.5,2.0,2.5,2.5,2.0,2.0,2.5,2.5,3.0,2.5,2.5
581,Swanna,water|flying,473,83.7,73.0,81.5,77.9,58.5,56.7,81.5,54.9,59.9,79.8,4.0,3.5,4.0,3.5,3.0,3.0,4.0,3.0,3.0,4.0,3.0,3.5
582,Vanillite,ice,305,23.0,51.1,12.6,13.3,42.9,13.6,12.6,13.4,6.6,16.0,2.5,3.5,2.0,2.0,3.5,2.0,2.0,2.0,2.0,2.0,2.5,2.5
583,Vanillish,ice,395,40.2,65.7,35.0,46.3,65.7,50.1,35.0,50.6,47.0,39.3,2.5,3.5,2.5,3.0,3.5,3.0,2.5,3.0,3.0,2.5,2.5,3.0
584,Vanilluxe,ice,535,64.5,89.0,73.8,71.1,92.0,73.5,73.8,71.1,66.4,68.3,3.0,4.0,3.5,3.5,4.0,3.5,3.5,3.5,3.0,3.0,3.5,3.5
585,Deerling,normal|grass,335,61.9,16.2,44.8,26.8,16.0,31.9,44.8,22.3,34.7,56.5,4.0,2.0,3.0,2.5,2.0,2.5,3.0,2.0,2.5,3.5,2.5,2.5
586,Sawsbuck,normal|grass,475,81.0,43.5,85.8,85.6,46.9,83.5,85.8,72.3,84.0,79.3,3.5,2.0,4.0,4.0,2.5,4.0,4.0,3.5,4.0,3.5,3.0,3.5
587,Emolga,electric|flying,428,98.4,61.6,74.6,38.1,49.2,28.7,74.6,20.9,14.7,82.9,5.0,3.5,4.0,2.5,3.0,2.0,4.0,1.5,1.5,4.0,3.0,3.0
588,Karrablast,bug,315,43.2,16.2,44.6,31.8,12.2,29.5,44.6,14.0,15.9,35.0,3.0,2.0,3.0,2.5,2.0,2.5,3.0,2.0,2.0,3.0,2.5,2.5
589,Escavalier,bug|steel,495,3.0,43.5,50.0,77.4,70.8,80.2,50.0,81.8,54.4,12.0,1.0,2.5,3.0,4.0,4.0,4.0,3.0,4.0,3.0,1.5,3.5,3.0
590,Foongus,grass|poison,294,1.5,36.3,6.2,8.7,30.2,9.3,6.2,4.6,13.5,1.2,2.0,3.0,2.0,2.0,3.0,2.0,2.0,2.0,2.5,2.0,2.5,2.0
591,Amoonguss,grass|poison,464,8.7,70.8,30.2,45.1,73.2,45.0,30.2,38.6,50.6,9.6,1.5,4.0,2.5,3.0,4.0,3.0,2.5,2.5,3.0,1.5,3.0,3.0
592,Frillish,water|ghost,335,18.9,51.1,7.3,31.5,64.4,28.6,7.3,39.7,48.2,11.7,2.0,3.5,1.5,2.5,4.0,2.5,1.5,3.0,3.5,2.0,2.5,2.5
593,Jellicent,water|ghost,480,43.2,70.8,31.9,63.4,86.4,61.2,31.9,76.8,93.5,44.8,2.5,3.5,2.0,3.5,4.0,3.0,2.0,4.0,4.5,2.5,3.0,3.0
594,Alomomola,water,470,49.8,16.2,48.5,56.0,12.2,52.2,48.5,65.5,74.4,54.7,3.0,1.5,3.0,3.5,1.5,3.0,3.0,3.5,4.0,3.0,3.0,3.0
595,Joltik,bug|electric,319,59.8,39.2,25.6,3.5,27.7,3.7,25.6,6.2,3.7,44.2,4.0,3.0,2.5,1.5,2.5,1.5,2.5,2.0,1.5,3.5,2.5,2.5
596,Galvantula,bug|electric,472,100.0,80.8,78.2,45.9,61.3,41.5,78.2,36.5,42.3,85.4,4.5,4.0,4.0,2.5,3.0,2.5,4.0,2.0,2.5,4.0,3.0,3.5
597,Ferroseed,grass|steel,305,0.5,1.9,4.5,21.2,35.3,25.4,4.5,64.8,25.8,7.7,1.5,1.5,2.0,2.5,3.0,2.5,2.0,4.0,2.5,2.0,2.5,2.5
598,Ferrothorn,grass|steel,489,3.0,33.7,31.3,62.1,66.3,81.2,31.3,88.9,67.5,14.9,1.0,2.5,2.5,3.5,3.5,4.5,2.5,4.5,3.5,1.5,3.5,3.0
599,Klink,steel,300,8.7,23.0,9.4,12.2,27.0,30.0,9.4,34.9,14.6,9.6,2.0,2.5,2.0,2.0,2.5,3.0,2.0,3.0,2.0,2.0,2.5,2.5
600,Klang,steel,440,31.6,56.7,40.7,40.5,67.3,63.0,40.7,65.7,43.0,39.6,2.5,3.5,2.5,2.5,3.5,3.5,2.5,3.5,2.5,2.5,3.0,3.0
601,Klinklang,steel,520,76.1,56.7,83.4,53.8,67.3,81.3,83.4,71.9,47.8,84.6,3.5,3.0,4.0,2.5,3.5,4.0,4.0,3.5,2.5,4.0,3.5,3.5
602,Tynamo,electric,275,53.2,23.0,27.3,8.7,12.6,7.5,27.3,2.0,0.2,33.5,3.5,2.5,2.5,2.0,2.0,2.0,2.5,1.5,1.5,3.0,2.0,2.5
603,Eelektrik,electric,405,28.9,61.6,37.7,63.8,58.3,54.2,37.7,57.7,50.2,18.7,2.0,3.5,2.5,3.5,3.5,3.0,2.5,3.5,3.0,2.0,3.0,3.0
604,Eelektross,electric,515,41.6,86.5,62.7,93.1,81.7,88.2,62.7,83.9,86.4,35.9,2.0,4.0,3.0,4.5,4.0,4.0,3.0,4.0,4.0,2.0,3.5,3.5
605,Elgyem,psychic,335,8.7,70.8,9.4,20.1,60.1,21.6,9.4,21.3,23.1,5.4,2.0,4.5,2.0,2.5,4.0,2.5,2.0,2.5,2.5,1.5,2.5,2.5
606,Beheeyem,psychic,485,18.9,94.3,27.7,50.9,100.0,54.0,27.7,55.4,58.4,21.3,1.5,5.0,2.0,3.0,5.0,3.0,2.0,3.0,3.5,2.0,3.5,3.0
607,Litwick,ghost|fire,275,3.0,51.1,1.0,1.8,38.2,2.7,1.0,13.0,8.3,2.5,2.0,4.0,2.0,2.0,3.5,2.0,2.0,2.5,2.0,2.0,2.0,2.0
608,Lampent,ghost|fire,370,36.8,78.8,14.4,16.0,59.8,17.8,14.4,28.9,31.7,33.9,3.0,4.5,2.0,2.0,3.5,2.0,2.0,2.5,2.5,2.5,2.5,2.5
609,Chandelure,ghost|fire,520,66.3,98.8,43.9,34.1,94.8,37.3,43.9,64.1,47.6,71.5,3.5,4.5,2.5,2.0,4.5,2.5,2.5,3.5,2.5,3.5,3.5,3.0
610,Axew,dragon,320,39.0,5.9,51.7,47.0,6.1,52.6,51.7,28.9,27.2,36.3,3.0,1.5,3.5,3.0,1.5,3.5,3.5,2.5,2.5,3.0,2.5,2.5
611,Fraxure,dragon,410,53.0,16.2,77.3,72.3,16.0,76.5,77.3,51.7,52.8,54.5,3.0,1.5,4.0,4.0,1.5,4.0,4.0,3.0,3.0,3.0,3.0,3.0
612,Haxorus,dragon,540,83.1,43.5,97.2,95.8,46.9,95.2,97.2,86.6,82.4,87.0,3.5,2.0,4.5,4.0,2.0,4.0,4.5,4.0,3.5,4.0,3.5,3.5
613,Cubchoo,ice,305,18.9,43.5,24.1,28.7,24.0,29.8,24.1,11.2,22.8,9.4,2.5,3.5,2.5,2.5,2.5,2.5,2.5,2.0,2.5,2.0,2.5,2.5
614,Beartic,ice,505,31.6,56.7,67.4,98.0,63.4,97.7,67.4,86.6,94.5,35.9,2.0,3.0,3.5,4.5,3.0,4.5,3.5,4.0,4.5,2.0,3.5,3.5
615,Cryogonal,ice,515,89.5,78.8,55.4,33.8,94.3,55.2,55.4,37.2,75.6,81.3,4.5,4.0,3.0,2.0,4.5,3.0,3.0,2.0,3.5,4.0,3.5,3.5
616,Shelmet,bug,305,5.0,16.2,2.5,6.7,27.4,11.1,2.5,39.7,14.6,9.9,2.0,2.5,2.0,2.0,3.0,2.0,2.0,3.5,2.5,2.0,2.5,2.5
617,Accelgor,bug,495,99.4,83.4,77.6,40.9,62.1,45.3,77.6,20.7,53.8,87.1,4.5,4.0,4.0,2.5,3.0,2.5,4.0,1.5,3.0,4.0,3.5,3.5
618,Stunfisk,ground|electric,471,21.4,68.0,17.9,34.6,81.6,30.8,17.9,53.3,53.7,15.7,2.0,4.0,2.0,2.5,4.5,2.5,2.0,3.5,3.5,2.0,3.0,3.0
619,Mienfoo,fighting,350,49.8,36.3,57.7,64.3,26.2,52.7,57.7,31.0,33.1,44.2,3.0,2.5,3.5,3.5,2.0,3.0,3.5,2.5,2.5,3.0,2.5,3.0
620,Mienshao,fighting,510,89.5,78.8,97.3,95.3,59.8,78.8,97.3,54.6,59.3,84.0,4.0,3.5,4.5,4.0,3.0,3.5,4.5,2.5,3.0,4.0,3.5,3.5
621,Druddigon,dragon,485,28.2,43.5,62.4,88.7,62.5,92.7,62.4,82.2,82.3,34.8,2.0,2.5,3.0,4.5,3.0,4.5,3.0,4.0,4.0,2.0,3.5,3.5
622,Golett,ground|ghost,303,14.0,10.3,23.2,49.2,12.9,66.7,23.2,34.4,56.8,7.5,2.0,2.0,2.5,3.5,2.0,4.0,2.5,3.0,3.5,1.5,2.5,2.5
623,Golurk,ground|ghost,483,36.8,36.3,68.6,97.2,50.9,97.1,68.6,87.0,93.8,41.2,2.0,2.0,3.5,4.5,2.5,4.5,3.5,4.0,4.5,2.5,3.0,3.5
624,Pawniard,dark|steel,340,43.2,16.2,53.0,39.7,9.9,43.9,63.0,43.7,18.1,44.8,3.0,2.0,3.5,3.0,1.5,3.0,4.0,3.0,2.0,3.0,2.5,3.0
625,Bisharp,dark|steel,490,56.3,43.5,81.9,90.0,46.9,89.1,91.9,98.0,68.9,63.7,3.0,2.5,4.0,4.0,2.5,4.0,4.0,4.5,3.5,3.0,3.5,3.5
626,Bouffalant,normal,490,36.8,16.2,63.9,85.0,48.8,88.5,63.9,85.1,86.7,45.8,2.0,1.5,3.5,4.0,2.5,4.5,3.5,4.0,4.0,2.5,3.5,3.0
627,Rufflet,normal|flying,350,43.2,12.4,51.2,47.8,13.4,42.7,51.2,17.8,33.8,36.6,3.0,2.0,3.5,3.0,2.0,3.0,3.5,2.0,2.5,3.0,2.5,2.5
628,Braviary,normal|flying,510,66.3,39.2,86.3,97.7,48.9,80.8,86.3,69.5,79.3,67.0,3.0,2.0,4.0,4.5,2.5,4.0,4.0,3.5,3.5,3.0,3.5,3.5
629,Vullaby,dark|flying,370,43.2,23.0,27.3,30.1,31.2,21.6,37.3,38.0,32.7,46.9,3.0,2.5,2.5,2.5,2.5,2.0,3.0,3.0,2.5,3.0,2.5,2.5
630,Mandibuzz,dark|flying,510,66.3,36.3,52.1,60.2,60.9,49.2,62.1,79.5,75.4,74.7,3.5,2.0,3.0,3.0,3.0,2.5,3.5,4.0,4.0,4.0,3.5,3.0
631,Heatmor,fire,484,49.8,86.5,65.6,74.4,72.2,74.5,65.6,60.6,75.2,51.4,2.5,4.0,3.5,3.5,3.5,3.5,3.5,3.0,3.5,2.5,3.0,3.5
632,Durant,bug|steel,484,91.6,25.9,94.6,44.7,18.4,72.0,94.6,58.4,29.7,98.6,4.5,2.0,4.5,2.5,1.5,3.5,4.5,3.0,2.0,4.5,3.0,3.5
633,Deino,dark|dragon,300,16.5,23.0,19.5,36.1,19.0,34.2,29.5,27.9,34.1,9.8,2.0,2.5,2.5,3.0,2.5,3.0,2.5,2.5,3.0,2.0,2.5,2.5
634,Zweilous,dark|dragon,420,39.7,51.1,50.5,68.3,52.1,66.5,60.5,62.5,66.7,41.0,2.5,3.0,3.0,3.5,3.0,3.5,3.5,3.5,3.5,2.5,3.0,3.0
635,Hydreigon,dark|dragon,600,83.7,94.3,90.6,87.0,92.3,90.4,100.0,86.6,90.0,88.4,3.5,4.0,4.0,3.5,4.0,4.0,4.0,3.5,4.0,3.5,4.0,4.0
636,Larvesta,bug|fire,360,43.2,29.2,53.0,61.0,26.6,58.2,53.0,40.4,43.9,38.7,3.0,2.5,3.0,3.5,2.0,3.5,3.0,2.5,3.0,2.5,2.5,3.0
637,Volcarona,bug|fire,550,85.9,97.7,60.8,55.6,97.9,47.4,60.8,63.3,77.3,82.2,4.0,4.5,3.0,3.0,4.5,2.5,3.0,3.0,3.5,4.0,3.5,3.5
638,Cobalion,steel|fighting,580,91.1,74.7,86.0,91.7,69.2,86.1,86.0,100.0,93.3,98.8,4.0,3.0,3.5,4.0,3.0,3.5,3.5,4.0,4.0,4.0,4.0,4.0
639,Terrakion,rock|fighting,580,91.1,59.1,98.1,100.0,73.1,97.5,98.1,97.6,92.7,96.3,4.0,2.5,4.0,4.0,3.0,4.0,4.0,4.0,4.0,4.0,4.0,4.0
640,Virizion,grass|fighting,580,91.1,74.7,86.0,90.6,91.7,83.8,86.0,77.8,92.3,91.3,4.0,3.5,3.5,4.0,4.0,3.5,3.5,3.5,4.0,4.0,4.0,3.5
641,Tornadus,flying,580,93.6,94.3,96.6,94.0,87.2,85.4,96.6,64.9,75.7,93.0,4.0,4.0,4.0,4.0,3.5,3.5,4.0,3.0,3.5,4.0,4.0,4.0
642,Thundurus,electric|flying,580,100.0,94.3,96.6,94.0,87.2,84.5,96.6,64.9,74.8,93.0,4.0,4.0,4.0,4.0,3.5,3.5,4.0,3.0,3.0,4.0,4.0,4.0
643,Reshiram,dragon|fire,680,76.1,99.4,91.5,96.9,99.5,96.4,91.5,95.5,96.3,82.5,3.0,4.0,4.0,4.0,4.0,4.0,4.0,4.0,4.0,3.5,4.0,4.0
644,Zekrom,dragon|electric,680,86.1,92.2,94.7,99.5,95.7,99.6,94.7,97.9,96.2,84.9,3.5,4.0,4.0,4.0,4.0,4.0,4.0,4.0,4.0,3.5,4.0,4.0
645,Landorus,ground|flying,600,87.8,91.1,96.7,98.1,84.7,88.9,96.7,79.8,80.2,92.7,3.5,4.0,4.0,4.0,3.5,4.0,4.0,3.5,3.5,4.0,4.0,4.0
646,Kyurem,dragon|ice,660,81.0,96.4,95.2,98.2,93.1,98.3,95.2,91.2,98.9,85.1,3.5,4.0,4.0,4.0,4.0,4.0,4.0,4.0,4.0,3.5,4.0,4.0
647,Keldeo,water|fighting,580,91.1,95.8,74.1,68.8,92.7,57.6,74.1,77.5,77.0,96.3,4.0,4.0,3.5,3.0,4.0,2.5,3.5,3.5,3.5,4.0,4.0,3.5
648,Meloetta,normal|psychic,600,76.1,95.7,67.7,38.2,100.0,32.0,67.7,43.0,44.5,76.8,4.0,4.5,3.5,2.0,4.5,2.0,3.5,2.5,2.5,4.0,4.0,3.5
649,Genesect,bug|steel,600,84.1,92.2,94.5,86.1,93.4,89.5,94.5,92.5,73.2,89.9,3.5,4.0,4.0,3.5,4.0,4.0,4.0,4.0,3.0,4.0,4.0,4.0
650,Chespin,grass,313,16.5,25.9,16.2,20.7,17.4,25.6,16.2,25.3,21.0,15.2,2.5,2.5,2.0,2.5,2.5,2.5,2.0,2.5,2.5,2.0,2.5,2.5
651,Quilladin,grass,405,39.0,38.9,44.1,43.8,33.1,52.0,44.1,60.0,41.4,48.3,2.5,2.5,3.0,3.0,2.5,3.0,3.0,3.5,3.0,3.0,3.0,3.0
652,Chesnaught,grass|fighting,530,47.0,60.0,69.5,93.7,61.5,87.0,69.5,91.8,83.2,58.4,2.5,3.0,3.5,4.5,3.0,4.0,3.5,4.0,4.0,3.0,3.5,3.5
653,Fennekin,fire,307,43.2,47.4,21.0,9.5,40.9,16.5,21.0,6.9,11.3,33.5,3.0,3.5,2.5,2.0,3.0,2.0,2.5,2.0,2.0,3.0,2.5,2.5
654,Braixen,fire,409,60.1,74.7,42.8,36.6,66.5,27.7,42.8,39.3,38.6,56.9,3.5,4.0,2.5,2.5,3.5,2.0,2.5,2.5,2.5,3.5,3.0,3.0
655,Delphox,fire|psychic,534,88.7,90.5,69.7,58.7,100.0,50.8,69.7,67.3,67.7,88.6,4.0,4.0,3.5,3.0,4.5,2.5,3.5,3.0,3.0,4.0,3.5,3.5
656,Froakie,water,314,58.9,47.4,39.9,13.9,27.1,21.0,39.9,4.0,8.1,51.2,3.5,3.5,3.0,2.0,2.5,2.0,3.0,1.5,1.5,3.5,2.5,2.5
657,Frogadier,water,405,83.1,68.9,61.1,27.9,51.2,28.0,61.1,23.4,26.5,76.1,4.5,3.5,3.5,2.0,3.0,2.0,3.5,2.0,2.0,4.0,3.0,3.0
658,Greninja,water|dark,530,96.8,85.4,92.2,75.8,75.3,68.5,100.0,62.7,66.2,95.6,4.0,4.0,4.0,3.5,3.5,3.0,4.5,3.0,3.0,4.0,3.5,3.5
659,Bunnelby,normal,237,39.0,8.0,15.1,5.7,4.5,6.0,15.1,5.7,6.1,29.1,3.5,2.0,2.5,2.0,2.0,2.0,2.5,2.0,2.0,3.0,2.0,2.5
660,Diggersby,normal|ground,423,64.1,29.2,44.0,35.4,44.2,44.6,44.0,56.7,63.9,65.7,3.5,2.0,3.0,2.5,3.0,3.0,3.0,3.5,3.5,3.5,3.0,3.0
661,Fletchling,normal|flying,278,46.3,16.2,25.6,17.5,8.8,6.8,25.6,5.4,4.4,37.7,3.5,2.5,2.5,2.5,2.0,2.0,2.5,2.0,2.0,3.0,2.0,2.5
662,Fletchinder,fire|flying,382,69.5,38.9,60.7,48.9,28.3,39.1,60.7,28.9,37.4,63.5,4.0,2.5,3.5,3.0,2.0,2.5,3.5,2.0,2.5,3.5,2.5,3.0
663,Talonflame,fire|flying,499,97.7,60.0,84.8,71.1,55.8,53.2,84.8,60.4,59.8,97.1,4.5,3.0,4.0,3.5,3.0,2.5,4.0,3.0,3.0,4.5,3.5,3.5
664,Scatterbug,bug,200,14.0,3.6,5.0,2.7,1.7,3.0,5.0,4.0,2.9,5.8,2.5,2.0,2.0,2.0,2.0,2.0,2.0,2.0,2.0,2.0,2.0,2.0
665,Spewpa,bug,213,6.4,3.6,1.5,1.1,1.9,7.2,1.5,17.1,10.5,5.1,2.0,2.0,2.0,2.0,2.0,2.0,2.0,2.5,2.5,2.0,2.0,2.0
666,Vivillon,bug|flying,411,74.2,74.7,46.9,49.0,48.5,26.0,46.9,39.7,58.3,66.3,4.0,4.0,3.0,3.0,3.0,2.0,3.0,2.5,3.5,3.5,3.0,3.0
667,Litleo,fire|normal,369,59.5,59.5,35.3,21.2,41.6,22.5,35.3,27.6,34.1,56.7,3.5,3.5,2.5,2.0,3.0,2.0,2.5,2.5,2.5,3.5,2.5,3.0
668,Pyroar,fire|normal,507,90.4,87.9,71.3,58.4,72.9,61.5,71.3,67.3,80.9,90.2,4.0,4.0,3.5,3.0,3.5,3.0,3.5,3.0,3.5,4.0,3.5,3.5
669,Flabébé,fairy,303,21.5,46.8,7.5,0.7,65.9,0.7,7.5,1.1,0.8,10.6,2.5,3.5,2.0,1.5,4.5,1.5,2.0,1.5,1.5,2.0,2.5,2.5
670,Floette,fairy,371,34.9,61.6,15.9,3.2,88.0,3.1,15.9,5.5,5.2,27.1,3.0,4.0,2.0,1.5,5.0,1.5,2.0,1.5,1.5,2.5,2.5,2.5
671,Florges,fairy,552,61.9,90.2,48.9,46.3,100.0,28.8,48.9,53.6,49.6,61.4,3.5,4.5,3.0,2.5,5.0,2.0,3.0,3.0,3.0,3.5,4.0,3.0
672,Skiddo,grass,350,34.9,47.4,31.0,39.3,37.8,45.2,31.0,28.0,48.6,27.4,2.5,3.0,2.5,3.0,3.0,3.0,2.5,2.5,3.0,2.5,2.5,2.5
673,Gogoat,grass,531,53.6,80.8,70.1,82.0,80.5,83.3,70.1,62.9,90.6,53.2,2.5,4.0,3.5,4.0,4.0,4.0,3.5,3.0,4.0,2.5,3.5,3.5
674,Pancham,fighting,348,22.3,25.3,36.4,53.1,18.3,37.2,36.4,31.4,32.5,19.6,2.5,2.5,3.0,3.5,2.0,3.0,3.0,2.5,2.5,2.0,2.5,2.5
675,Pangoro,fighting|dark,495,39.7,54.7,71.4,100.0,56.0,93.8,81.4,81.7,92.4,43.5,2.0,3.0,3.5,4.5,3.0,4.5,4.0,4.0,4.5,2.5,3.5,3.5
676,Furfrou,normal,472,88.2,51.1,78.7,59.2,66.9,53.4,78.7,48.7,59.4,82.7,4.0,2.5,4.0,3.0,3.5,3.0,4.0,2.5,3.0,4.0,3.0,3.5
677,Espurr,psychic,355,53.6,48.0,29.7,6.0,51.2,8.4,29.7,12.3,15.5,50.0,3.5,3.5,2.5,1.5,3.5,1.5,2.5,2.0,2.0,3.5,2.5,2.5
678,Meowstic,psychic,466,88.7,68.9,52.8,19.5,83.8,16.9,52.8,42.6,36.9,89.0,4.5,3.5,3.0,1.5,4.0,1.5,3.0,2.5,2.5,4.5,3.0,3.0
679,Honedge,steel|ghost,325,6.0,10.3,23.3,48.4,6.7,27.6,23.3,73.9,17.2,14.8,1.5,2.0,2.5,3.5,2.0,2.5,2.5,4.5,2.0,2.0,2.5,2.5
680,Doublade,steel|ghost,448,14.0,23.0,47.8,65.2,17.9,49.9,47.8,83.6,28.0,26.9,2.0,2.0,3.0,4.0,2.0,3.0,3.0,4.5,2.5,2.5,3.0,3.0
681,Aegislash,steel|ghost,500,43.2,29.2,23.7,51.6,66.0,42.1,23.7,100.0,63.1,56.2,2.5,2.0,2.0,3.0,3.5,2.5,2.0,5.0,3.5,3.5,3.5,3.0
682,Spritzee,fairy,341,4.2,48.0,6.1,6.1,54.8,6.1,6.1,14.6,21.1,3.8,2.0,3.5,2.0,2.0,4.0,2.0,2.0,2.0,2.5,2.0,2.5,2.5
683,Aromatisse,fairy,462,6.4,81.5,18.3,42.8,94.5,38.2,18.3,47.4,57.7,8.2,1.5,4.5,2.0,3.0,5.0,2.5,2.0,3.0,3.5,1.5,3.0,3.0
684,Swirlix,fairy,341,28.7,40.2,13.5,11.0,44.2,8.4,13.5,26.9,19.6,28.3,2.5,3.0,2.0,2.0,3.5,2.0,2.0,2.5,2.5,2.5,2.5,2.5
685,Slurpuff,fairy,480,59.5,70.8,59.1,48.4,78.6,31.8,59.1,57.3,42.5,64.2,3.0,3.5,3.0,3.0,4.0,2.0,3.0,3.0,2.5,3.5,3.0,3.0
686,Inkay,dark|psychic,288,25.2,12.4,15.7,14.9,21.7,12.5,25.7,16.4,11.9,19.3,2.5,2.0,2.5,2.0,2.5,2.0,2.5,2.5,2.0,2.5,2.0,2.5
687,Malamar,dark|psychic,482,60.1,54.3,69.4,74.4,67.8,69.4,79.4,78.7,76.2,64.6,3.0,3.0,3.5,3.5,3.5,3.5,4.0,4.0,3.5,3.0,3.0,3.5
688,Binacle,rock|water,306,31.6,12.8,19.2,18.6,19.4,33.4,29.2,41.2,27.6,31.7,2.5,2.0,2.0,2.0,2.0,3.0,2.5,3.0,2.5,2.5,2.5,2.5
689,Barbaracle,rock|water,500,53.6,33.7,73.0,76.8,54.1,87.3,83.0,94.8,72.0,63.2,3.0,2.0,3.5,3.5,3.0,4.0,4.0,4.5,3.5,3.0,3.5,3.5
690,Skrelp,poison|water,320,8.7,43.5,11.9,23.5,37.2,22.4,11.9,24.3,18.3,6.5,2.0,3.5,2.0,2.5,3.0,2.5,2.0,2.5,2.5,2.0,2.5,2.5
691,Dragalge,poison|dragon,494,23.0,80.8,30.9,69.5,94.4,66.3,30.9,86.6,72.6,29.9,1.5,4.0,2.0,3.5,4.5,3.5,2.0,4.5,3.5,2.0,3.5,3.0
692,Clauncher,water,330,23.0,39.7,14.0,18.7,37.8,19.7,14.0,27.4,19.2,20.3,2.5,3.0,2.0,2.5,3.0,2.5,2.0,2.5,2.5,2.5,2.5,2.5
693,Clawitzer,water,500,40.2,92.2,41.2,56.9,90.1,52.9,41.2,72.0,61.4,47.8,2.5,4.5,2.5,3.0,4.5,3.0,2.5,3.5,3.5,2.5,3.5,3.0
694,Helioptile,electric|normal,289,66.3,46.8,25.0,10.4,26.9,7.3,25.0,7.6,12.1,46.6,4.0,3.5,2.5,2.0,2.5,1.5,2.5,2.0,2.0,3.5,2.0,2.5
695,Heliolisk,electric|normal,481,100.0,87.9,60.9,34.1,90.2,30.0,60.9,36.1,44.2,83.4,4.5,4.5,3.0,2.0,4.5,2.0,3.0,2.0,2.5,4.0,3.0,3.5
696,Tyrunt,rock|dragon,362,28.2,23.0,45.1,53.8,15.1,58.5,45.1,61.3,39.4,31.5,2.5,2.0,3.0,3.5,2.0,3.5,3.0,3.5,3.0,2.5,2.5,3.0
697,Tyrantrum,rock|dragon,521,58.9,54.7,82.3,96.5,43.7,96.2,82.3,100.0,92.0,68.4,3.0,2.5,3.5,4.5,2.0,4.5,3.5,4.5,4.0,3.0,3.5,3.5
698,Amaura,rock|ice,362,27.4,54.1,20.2,47.6,46.3,34.1,20.2,52.5,61.0,20.7,2.5,3.5,2.0,3.0,3.0,2.5,2.0,3.5,3.5,2.0,2.5,3.0
699,Aurorus,rock|ice,521,39.7,81.5,44.3,76.8,88.4,75.7,44.3,91.1,97.6,41.7,2.0,4.0,2.5,3.5,4.0,3.5,2.5,4.5,4.5,2.5,3.5,3.5
700,Sylveon,fairy,525,43.2,89.0,36.6,43.4,100.0,38.8,36.6,47.0,61.2,42.9,2.5,4.5,2.5,2.5,5.0,2.5,2.5,3.0,3.5,2.5,3.5,3.0
701,Hawlucha,fighting|flying,500,95.6,60.0,90.5,66.1,50.5,58.5,90.5,50.2,50.5,96.5,4.5,3.0,4.0,3.0,2.5,3.0,4.0,2.5,2.5,4.5,3.5,3.5
702,Dedenne,electric|fairy,431,97.8,68.0,60.2,10.7,70.0,13.7,60.2,12.1,14.9,81.7,5.0,3.5,3.5,1.5,4.0,1.5,3.5,1.5,1.5,4.5,3.0,3.0
703,Carbink,rock|fairy,500,31.6,29.2,17.5,7.5,76.4,13.6,17.5,64.0,10.6,45.2,2.5,2.5,2.0,1.5,4.5,2.0,2.0,4.0,2.0,3.0,3.5,2.5
704,Goomy,dragon,300,18.9,36.3,10.5,7.5,46.2,9.1,10.5,2.5,5.3,8.4,2.5,3.0,2.0,2.0,3.5,2.0,2.0,2.0,2.0,2.0,2.5,2.5
705,Sliggoo,dragon,452,43.2,68.9,44.6,44.5,88.2,42.9,44.6,30.6,42.2,37.9,3.0,4.0,3.0,3.0,4.5,2.5,3.0,2.5,2.5,2.5,3.0,3.0
706,Goodra,dragon,600,66.3,89.0,78.2,87.3,98.1,88.4,78.2,74.8,90.2,65.7,3.0,4.0,3.5,4.0,4.5,4.0,3.5,3.5,4.0,3.0,4.0,3.5
707,Klefki,steel|fairy,470,61.9,65.7,61.0,25.8,84.7,28.9,61.0,47.8,9.8,67.5,3.5,3.5,3.5,2.0,4.5,2.0,3.5,3.0,1.5,3.5,3.0,3.0
708,Phantump,ghost|grass,309,16.5,29.2,22.3,26.1,29.4,28.3,22.3,12.0,11.0,9.1,2.0,3.0,2.5,2.5,3.0,2.5,2.5,2.0,2.0,2.0,2.5,2.5
709,Trevenant,ghost|grass,474,38.6,51.1,65.3,82.4,62.0,84.6,65.3,70.3,79.3,41.8,2.5,3.0,3.5,4.0,3.0,4.0,3.5,3.5,4.0,2.5,3.0,3.5
710,Pumpkaboo,ghost|grass,335,34.5,20.5,33.0,24.6,20.7,24.2,33.0,29.7,11.1,35.3,3.0,2.5,3.0,2.5,2.5,2.5,3.0,2.5,2.0,3.0,2.5,2.5
711,Gourgeist,ghost|grass,494,69.5,39.7,73.9,56.7,49.2,50.0,73.9,73.6,40.0,78.7,3.5,2.5,3.5,3.0,3.0,3.0,3.5,3.5,2.5,4.0,3.5,3.0
712,Bergmite,ice,304,6.0,8.0,15.3,45.8,4.0,64.9,15.3,61.8,55.3,10.8,1.5,1.5,2.0,3.5,1.5,4.0,2.0,4.0,3.5,2.0,2.5,2.5
713,Avalugg,ice,514,6.0,20.5,46.2,92.8,14.6,96.3,46.2,97.7,94.0,17.3,1.0,2.0,3.0,4.5,1.5,5.0,3.0,5.0,4.5,1.5,3.5,3.0
714,Noibat,flying|dragon,245,36.8,23.0,12.4,18.2,12.6,8.1,12.4,8.1,12.3,26.8,3.0,2.5,2.0,2.5,2.0,2.0,2.0,2.0,2.0,2.5,2.0,2.5
715,Noivern,flying|dragon,535,97.0,80.8,76.2,70.0,78.6,64.0,76.2,72.8,80.6,97.7,4.5,3.5,3.5,3.0,3.5,3.0,3.5,3.5,3.5,4.5,3.5,3.5
716,Xerneas,fairy,680,84.1,97.0,96.4,98.8,100.0,97.6,96.4,93.3,98.0,89.9,3.5,4.0,4.0,4.0,4.0,4.0,4.0,4.0,4.0,3.5,4.0,4.0
717,Yveltal,dark|flying,680,84.1,97.0,96.4,100.0,96.6,96.9,100.0,94.5,98.6,89.9,3.5,4.0,4.0,4.0,4.0,4.0,4.0,4.0,4.0,3.5,4.0,4.0
718,Zygarde,dragon|ground,600,81.0,68.0,85.8,91.7,80.3,90.8,85.8,99.5,98.4,90.4,3.5,3.0,3.5,4.0,3.5,4.0,3.5,4.0,4.0,4.0,4.0,3.5
719,Diancie,rock|fairy,600,31.6,83.4,55.1,57.6,100.0,51.3,55.1,80.7,26.3,45.2,2.0,4.0,3.0,3.0,5.0,3.0,3.0,4.0,2.0,2.5,4.0,3.0
720,Hoopa,psychic|ghost,600,56.3,99.4,76.5,54.0,100.0,56.0,76.5,24.3,38.4,54.3,3.0,4.5,4.0,3.0,4.5,3.0,4.0,1.5,2.5,3.0,4.0,3.5
721,Volcanion,fire|water,600,56.3,96.4,76.5,87.6,93.1,91.7,76.5,93.2,86.1,66.0,2.5,4.0,3.5,4.0,4.0,4.0,3.5,4.0,4.0,3.0,4.0,3.5
722,Rowlet,grass|flying,320,21.5,29.2,14.9,22.2,22.0,10.6,14.9,13.0,16.6,16.5,2.5,3.0,2.0,2.5,2.5,2.0,2.0,2.0,2.5,2.5,2.5,2.5
723,Dartrix,grass|flying,420,34.9,56.7,38.4,51.4,54.9,41.5,38.4,46.1,45.6,37.1,2.5,3.5,2.5,3.0,3.5,3.0,2.5,3.0,3.0,2.5,3.0,3.0
724,Decidueye,grass|ghost,530,56.3,83.4,75.7,83.7,91.0,73.1,75.7,71.5,70.7,58.8,3.0,4.0,3.5,4.0,4.0,3.5,3.5,3.5,3.5,3.0,3.5,3.5
725,Litten,fire,320,56.3,43.5,45.6,23.2,24.0,22.3,45.6,6.9,10.1,48.1,3.5,3.0,3.0,2.5,2.5,2.0,3.0,1.5,2.0,3.5,2.5,2.5
726,Torracat,fire,420,76.1,65.7,74.9,49.7,42.6,55.5,74.9,26.2,41.9,68.3,4.0,3.5,4.0,3.0,2.5,3.0,4.0,2.0,2.5,3.5,3.0,3.0
727,Incineroar,fire|dark,530,43.2,65.7,70.3,90.0,76.5,88.6,80.3,86.6,87.7,51.8,2.0,3.0,3.5,4.0,3.5,4.0,3.5,4.0,4.0,2.5,3.5,3.5
728,Popplio,water,320,18.9,53.9,12.5,14.9,42.1,18.9,12.5,16.6,14.0,13.8,2.5,3.5,2.0,2.0,3.0,2.5,2.0,2.0,2.0,2.0,2.5,2.5
729,Brionne,water,420,31.6,76.3,31.1,31.6,77.9,36.4,31.1,36.8,33.9,31.9,2.5,4.0,2.5,2.5,4.5,2.5,2.5,2.5,2.5,2.5,3.0,3.0
730,Primarina,water|fairy,530,43.2,95.3,43.4,68.3,100.0,56.6,43.4,74.7,77.3,46.5,2.5,4.5,2.5,3.5,4.5,3.0,2.5,3.5,4.0,2.5,3.5,3.5
731,Pikipek,normal|flying,265,49.8,5.9,48.5,35.5,2.7,23.4,48.5,1.5,1.5,38.3,3.5,1.5,3.5,3.0,1.5,2.5,3.5,1.5,1.5,3.0,2.0,2.5
732,Trumbeak,normal|flying,355,61.9,16.2,65.9,55.1,16.0,48.5,65.9,22.3,29.1,56.5,3.5,2.0,4.0,3.5,2.0,3.0,4.0,2.0,2.5,3.5,2.5,3.0
733,Toucannon,normal|flying,485,43.2,61.6,72.5,86.3,62.3,71.8,72.5,58.6,59.6,46.9,2.5,3.0,3.5,4.0,3.0,3.5,3.5,3.0,3.0,2.5,3.5,3.5
734,Yungoos,normal,253,25.2,5.9,28.2,26.1,2.7,26.9,28.2,3.5,11.8,13.7,2.5,2.0,3.0,2.5,2.0,2.5,3.0,2.0,2.0,2.0,2.0,2.5
735,Gumshoos,normal,418,25.2,36.3,56.1,61.8,33.4,60.9,56.1,33.3,48.9,22.3,2.0,2.5,3.5,3.5,2.5,3.5,3.5,2.5,3.0,2.0,3.0,3.0
736,Grubbin,bug,300,27.4,36.3,23.2,20.8,22.8,20.8,23.2,10.2,10.7,18.1,2.5,3.0,2.5,2.5,2.5,2.5,2.5,2.0,2.0,2.5,2.5,2.5
737,Charjabug,bug|electric,400,25.9,36.3,32.8,37.6,46.2,42.0,32.8,51.1,25.7,23.9,2.5,2.5,2.5,3.0,3.0,3.0,2.5,3.5,2.5,2.0,3.0,2.5
738,Vikavolt,bug|electric,500,32.3,98.8,25.7,60.0,85.3,55.1,25.7,79.8,71.0,29.3,2.0,5.0,2.0,3.5,4.5,3.0,2.0,4.0,3.5,2.0,3.5,3.0
739,Crabrawler,fighting,338,46.6,19.7,52.8,53.1,14.3,35.9,52.8,26.9,19.5,43.1,3.0,2.0,3.5,3.5,2.0,2.5,3.5,2.5,2.0,3.0,2.5,2.5
740,Crabominable,fighting|ice,478,22.3,47.4,62.8,100.0,47.5,96.7,62.8,75.3,90.4,25.7,1.5,2.5,3.5,4.5,2.5,4.5,3.5,3.5,4.5,2.0,3.0,3.5
741,Oricorio,fire|flying,476,79.1,81.2,65.1,43.0,71.7,23.5,65.1,38.6,33.3,77.7,4.0,4.0,3.5,2.5,3.5,2.0,3.5,2.5,2.0,4.0,3.0,3.0
742,Cutiefly,bug|fairy,304,69.5,36.3,38.1,3.0,29.4,2.3,38.1,1.8,0.6,59.5,4.0,3.0,3.0,1.5,2.5,1.5,3.0,1.5,1.5,4.0,2.5,2.5
743,Ribombee,bug|fairy,464,97.1,78.8,64.8,8.7,79.5,7.9,64.8,14.6,9.3,92.6,5.0,4.0,3.5,1.5,4.0,1.5,3.5,1.5,1.5,4.5,3.0,3.0
744,Rockruff,rock,280,43.2,5.9,36.6,26.5,6.1,28.0,36.6,21.2,16.8,33.5,3.0,1.5,3.0,2.5,1.5,2.5,3.0,2.5,2.0,3.0,2.0,2.5
745,Lycanroc,rock,487,93.9,36.3,96.8,66.9,39.1,69.0,96.8,50.2,50.1,91.4,4.5,2.0,4.5,3.5,2.0,3.5,4.5,2.5,2.5,4.5,3.5,3.5
746,Wishiwashi,water,175,18.9,2.8,4.8,0.1,0.9,0.0,4.8,0.0,2.1,7.0,2.5,2.0,2.0,2.0,2.0,2.0,2.0,2.0,2.0,2.0,2.0,2.0
747,Mareanie,poison|water,305,25.2,20.1,15.4,14.7,19.6,19.5,15.4,23.0,15.2,23.0,2.5,2.5,2.0,2.0,2.5,2.5,2.0,2.5,2.0,2.5,2.5,2.5
748,Toxapex,poison|water,495,14.0,32.9,15.8,31.2,69.0,30.3,15.8,70.8,29.0,27.0,2.0,2.5,2.0,2.5,4.0,2.5,2.0,4.0,2.5,2.5,3.5,2.5
749,Mudbray,ground,385,25.2,23.0,51.0,65.9,23.5,86.2,51.0,51.7,64.6,26.4,2.0,2.0,3.0,3.5,2.0,4.5,3.0,3.0,3.5,2.0,2.5,3.0
750,Mudsdale,ground,500,14.0,36.3,54.5,97.2,54.4,98.5,54.5,94.2,96.7,22.7,1.5,2.0,3.0,4.5,3.0,4.5,3.0,4.5,4.5,1.5,3.5,3.0
751,Dewpider,water|bug,269,5.8,16.2,2.9,3.7,32.8,5.2,2.9,11.9,3.7,3.2,2.0,2.5,2.0,2.0,3.0,2.0,2.0,2.5,2.0,2.0,2.0,2.0
752,Araquanid,water|bug,454,21.5,29.2,25.3,66.4,65.9,63.3,25.3,87.8,74.3,29.2,2.0,2.0,2.0,3.5,3.5,3.5,2.0,4.5,4.0,2.0,3.0,3.0
753,Fomantis,grass,250,14.0,29.2,11.3,12.2,13.1,10.6,11.3,2.5,2.8,4.9,2.5,3.0,2.0,2.5,2.5,2.0,2.0,2.0,2.0,2.0,2.0,2.0
754,Lurantis,grass,480,25.2,65.7,53.8,65.5,76.5,62.1,53.8,61.7,45.1,32.3,2.0,3.5,3.0,3.5,4.0,3.5,3.0,3.5,2.5,2.0,3.0,3.0
755,Morelull,grass|fairy,285,1.5,51.1,1.3,0.9,66.2,1.8,1.3,11.7,1.6,2.0,2.0,4.0,2.0,2.0,4.5,2.0,2.0,2.0,2.0,2.0,2.0,2.5
756,Shiinotic,grass|fairy,405,8.7,74.7,5.5,28.4,97.5,18.7,5.5,59.8,38.5,12.4,1.5,4.5,1.5,2.5,5.0,2.0,1.5,3.5,3.0,2.0,3.0,2.5
757,Salandit,poison|fire,320,63.6,58.7,33.5,17.6,31.5,7.7,33.5,15.1,16.5,55.3,4.0,3.5,2.5,2.0,2.5,1.5,2.5,2.0,2.0,3.5,2.5,2.5
758,Salazzle,poison|fire,480,95.5,89.9,70.3,48.1,66.6,36.1,70.3,48.7,52.0,90.8,4.5,4.5,3.5,2.5,3.5,2.0,3.5,2.5,2.5,4.5,3.0,3.5
759,Stufful,normal|fighting,340,31.6,23.0,37.3,41.8,19.0,31.0,37.3,17.8,30.8,25.5,2.5,2.5,3.0,3.0,2.0,2.5,3.0,2.0,2.5,2.5,2.5,2.5
760,Bewear,normal|fighting,500,43.2,36.3,74.0,100.0,33.4,94.0,74.0,83.9,94.6,48.9,2.5,2.0,3.5,4.5,2.0,4.5,3.5,4.0,4.5,2.5,3.5,3.5
761,Bounsweet,grass,210,11.4,5.9,3.4,1.8,3.9,2.8,3.4,2.9,4.6,3.7,2.5,2.0,2.0,2.0,2.0,2.0,2.0,2.0,2.0,2.0,2.0,2.0
762,Steenee,grass,290,46.3,16.2,20.3,19.4,13.3,12.0,20.3,23.1,26.8,39.1,3.5,2.0,2.5,2.5,2.0,2.0,2.5,2.5,2.5,3.0,2.0,2.5
763,Tsareena,grass,510,59.5,29.2,82.1,78.9,57.7,68.9,82.1,75.5,55.9,66.2,3.0,2.0,4.0,4.0,3.0,3.5,4.0,3.5,3.0,3.5,3.5,3.5
764,Comfey,fairy,485,85.9,68.4,54.8,5.6,96.2,5.6,54.8,35.1,4.2,90.6,4.5,3.5,3.0,1.0,5.0,1.0,3.0,2.5,1.0,4.5,3.5,3.0
765,Oranguru,normal|psychic,490,43.2,74.7,31.9,53.1,99.5,54.8,31.9,72.8,81.5,48.9,2.5,4.0,2.0,3.0,5.0,3.0,2.0,3.5,4.0,3.0,3.5,3.0
766,Passimian,fighting,490,66.3,16.2,85.1,100.0,24.4,89.6,85.1,88.4,89.7,71.5,3.0,1.0,4.0,4.5,1.5,4.0,4.0,4.0,4.0,3.5,3.5,3.5
767,Wimpod,bug|water,230,66.3,1.2,31.3,10.1,1.5,14.8,31.3,11.2,12.5,57.4,4.0,1.5,3.0,2.0,1.5,2.0,3.0,2.0,2.0,4.0,2.0,2.5
768,Golisopod,bug|water,530,18.9,43.5,58.0,94.9,62.5,92.4,58.0,97.4,83.1,31.2,1.5,2.5,3.0,4.5,3.0,4.5,3.0,4.5,4.0,2.0,3.5,3.5
769,Sandygast,ghost|ground,320,1.5,56.7,6.2,20.1,32.9,50.2,6.2,40.8,40.8,6.3,1.5,3.5,1.5,2.5,3.0,3.5,1.5,3.0,3.0,1.5,2.5,2.5
770,Palossand,ghost|ground,480,14.0,83.4,24.6,58.5,76.0,74.4,24.6,83.6,82.8,24.3,1.5,4.0,2.0,3.0,4.0,4.0,2.0,4.5,4.0,2.0,3.0,3.0
771,Pyukumuku,water,410,0.1,5.9,8.4,15.3,50.6,13.3,8.4,52.6,9.1,11.3,1.5,2.0,2.0,2.5,3.5,2.0,2.0,4.0,2.0,2.0,3.0,2.5
772,Type: Null,normal,534,40.2,78.8,57.9,82.7,87.9,84.1,57.9,89.6,90.4,49.5,2.0,3.5,3.0,4.0,4.0,4.0,3.0,4.0,4.0,2.5,3.5,3.5
773,Silvally,normal,570,81.0,78.8,83.1,86.4,87.9,81.4,83.1,91.6,91.5,85.8,3.5,3.5,3.5,4.0,4.0,3.5,3.5,4.0,4.0,3.5,4.0,3.5
774,Minior,rock|flying,440,43.2,43.5,31.9,25.3,67.7,45.5,31.9,53.6,34.2,53.5,3.0,3.0,2.5,2.0,4.0,3.0,2.5,3.5,2.5,3.5,3.0,3.0
775,Komala,normal,480,49.8,61.6,74.3,51.9,76.8,66.6,74.3,25.3,32.6,50.8,3.0,3.5,4.0,3.0,4.0,3.5,4.0,2.0,2.0,3.0,3.0,3.0
776,Turtonator,fire|dragon,485,15.9,76.3,28.0,73.4,79.6,75.5,28.0,97.0,77.6,27.8,1.5,4.0,2.0,4.0,4.0,4.0,2.0,4.5,4.0,2.0,3.5,3.0
777,Togedemaru,electric|steel,435,92.6,16.2,85.0,37.9,33.0,40.2,85.0,29.8,17.3,78.6,4.5,1.5,4.5,2.5,2.5,2.5,4.5,2.0,1.5,4.0,3.0,3.0
778,Mimikyu,ghost|fairy,476,82.6,29.2,81.7,30.2,70.6,31.5,81.7,30.1,5.8,84.4,4.0,2.0,4.0,2.0,4.0,2.0,4.0,2.0,1.0,4.5,3.0,3.0
779,Bruxish,water|psychic,475,78.7,56.7,87.1,65.5,64.9,62.3,87.1,48.1,44.0,77.4,4.0,3.0,4.0,3.5,3.5,3.0,4.0,2.5,2.5,4.0,3.0,3.5
780,Drampa,normal|dragon,485,15.9,97.7,15.0,65.3,95.5,62.8,15.0,89.3,89.2,20.9,1.5,5.0,1.5,3.5,4.5,3.5,1.5,4.5,4.5,1.5,3.5,3.0
781,Dhelmise,ghost|grass,517,18.9,72.6,60.1,99.3,80.5,97.2,60.1,96.0,86.6,27.6,1.5,3.5,3.0,4.5,4.0,4.5,3.0,4.5,4.0,1.5,3.5,3.5
782,Jangmo-o,dragon,300,25.2,23.0,16.8,24.1,15.1,34.4,16.8,34.0,30.4,24.4,2.5,2.5,2.0,2.5,2.0,3.0,2.0,3.0,2.5,2.5,2.5,2.5
783,Hakamo-o,dragon|fighting,420,49.8,51.1,48.5,66.0,52.1,59.2,48.5,71.3,51.6,57.2,3.0,3.0,3.0,3.5,3.0,3.5,3.0,3.5,3.0,3.0,3.0,3.0
784,Kommo-o,dragon|fighting,600,71.6,83.4,84.9,95.0,92.5,85.9,84.9,91.9,77.4,81.1,3.0,3.5,3.5,4.0,4.0,3.5,3.5,4.0,3.5,3.5,4.0,3.5
785,Tapu Koko,electric|fairy,570,100.0,78.8,98.0,90.0,83.9,67.5,98.0,83.5,61.3,98.9,4.5,3.5,4.0,4.0,3.5,3.0,4.0,3.5,2.5,4.0,4.0,3.5
786,Tapu Lele,psychic|fairy,570,81.0,96.4,77.8,63.8,100.0,51.2,77.8,61.2,51.5,81.5,4.0,4.5,3.5,3.0,4.5,2.5,3.5,3.0,2.5,4.0,4.0,3.5
787,Tapu Bulu,grass|fairy,570,61.9,70.8,85.5,95.1,92.2,84.9,85.5,94.3,71.6,71.2,3.0,3.0,4.0,4.0,4.0,4.0,4.0,4.0,3.0,3.0,4.0,3.5
788,Tapu Fini,water|fairy,570,71.6,78.8,63.7,58.5,100.0,46.0,63.7,84.8,56.1,80.0,3.5,3.5,3.0,3.0,4.5,2.5,3.0,4.0,3.0,4.0,4.0,3.5
789,Cosmog,psychic,200,16.3,3.9,4.5,0.4,12.0,0.1,4.5,0.4,1.2,6.1,2.5,2.0,2.0,2.0,2.5,2.0,2.0,2.0,2.0,2.0,2.0,2.0
790,Cosmoem,psychic,400,16.3,3.9,4.5,0.2,59.7,52.5,4.5,47.9,36.5,28.1,2.0,1.5,1.5,1.5,4.0,3.5,1.5,3.5,3.0,2.5,3.0,2.5
791,Solgaleo,psychic|steel,680,83.1,90.3,97.0,99.4,99.3,98.2,97.0,100.0,98.8,91.5,3.5,3.5,4.0,4.0,4.0,4.0,4.0,4.0,4.0,3.5,4.0,4.0
792,Lunala,psychic|ghost,680,83.1,98.4,92.3,95.9,100.0,90.7,92.3,91.0,96.5,86.2,3.5,4.0,4.0,4.0,4.0,4.0,4.0,4.0,4.0,3.5,4.0,4.0
793,Nihilego,rock|poison,570,88.4,95.5,56.9,39.5,99.4,45.4,56.9,48.0,78.8,78.9,4.0,4.5,3.0,2.0,4.5,2.5,3.0,2.5,4.0,4.0,4.0,3.5
794,Buzzwole,bug|fighting,570,64.5,32.9,89.0,100.0,26.8,99.1,89.0,98.7,96.9,75.3,3.0,2.0,4.0,4.5,1.5,4.5,4.0,4.5,4.5,3.5,4.0,3.5
795,Pheromosa,bug|fighting,570,99.8,98.4,99.9,100.0,52.8,75.4,99.9,44.3,64.4,86.3,4.5,4.5,4.5,4.5,2.5,3.5,4.5,2.0,3.0,4.0,4.0,3.5
796,Xurkitree,electric,570,79.0,100.0,72.9,84.7,83.8,77.3,72.9,81.8,89.3,69.4,3.5,4.5,3.5,4.0,3.5,3.5,3.5,3.5,4.0,3.0,4.0,3.5
797,Celesteela,steel|flying,570,46.1,87.4,66.6,100.0,93.9,93.2,66.6,100.0,98.1,56.3,2.0,4.0,3.0,4.5,4.0,4.0,3.0,4.5,4.5,2.5,4.0,3.5
798,Kartana,grass|steel,570,91.6,40.2,99.6,54.5,18.1,50.7,99.6,62.9,8.6,99.0,4.5,2.5,4.5,3.0,1.5,3.0,4.5,3.5,1.0,4.5,4.0,3.0
799,Guzzlord,dark|dragon,570,22.3,80.8,50.6,92.9,54.0,92.8,60.6,66.2,100.0,16.6,1.5,4.0,3.0,4.5,3.0,4.5,3.0,3.5,4.5,1.5,4.0,3.5
800,Necrozma,psychic,600,64.5,95.5,80.5,92.2,100.0,92.0,80.5,95.0,94.2,72.6,3.0,4.0,3.5,4.0,4.5,4.0,3.5,4.0,4.0,3.0,4.0,3.5
801,Magearna,steel|fairy,600,49.8,96.4,64.4,63.2,100.0,78.5,64.4,85.0,68.7,60.7,2.5,4.5,3.0,3.0,4.5,3.5,3.0,4.0,3.5,3.0,4.0,3.5
802,Marshadow,fighting|ghost,600,97.5,74.7,99.1,77.3,81.8,71.5,99.1,50.8,54.6,97.9,4.5,3.5,4.5,3.5,3.5,3.5,4.5,2.5,2.5,4.5,4.0,3.5
803,Poipole,poison,420,60.1,59.5,54.1,34.4,54.2,22.8,54.1,36.0,26.7,59.6,3.5,3.5,3.0,2.5,3.0,2.0,3.0,2.5,2.0,3.5,3.0,3.0
804,Naganadel,poison|dragon,540,96.6,95.5,78.4,74.9,81.4,70.1,78.4,82.2,87.0,96.7,4.0,4.0,3.5,3.5,3.5,3.0,3.5,3.5,4.0,4.0,3.5,3.5
805,Stakataka,rock|steel,570,0.8,32.9,47.6,99.6,61.9,99.3,47.6,100.0,84.5,13.4,1.0,2.0,2.5,5.0,3.5,5.0,2.5,5.0,4.0,1.5,4.0,3.0
806,Blacephalon,fire|ghost,570,90.7,99.8,97.9,93.4,88.5,66.0,97.9,57.0,47.1,82.8,4.0,4.5,4.5,4.0,4.0,3.0,4.5,2.5,2.0,3.5,4.0,3.5
807,Zeraora,electric,600,100.0,85.3,97.8,83.0,81.1,78.2,97.8,69.5,75.8,98.2,4.5,3.5,4.0,3.5,3.5,3.5,4.0,3.0,3.5,4.0,4.0,3.5
808,Meltan,steel,300,12.2,36.3,16.6,16.7,17.3,26.5,16.6,29.4,9.6,10.5,2.0,3.0,2.5,2.5,2.5,2.5,2.5,3.0,2.0,2.0,2.5,2.5
809,Melmetal,steel,600,12.2,65.7,57.3,99.1,56.8,99.8,57.3,100.0,99.2,24.8,1.0,3.5,3.0,4.5,3.0,4.5,3.0,4.5,4.5,1.5,4.0,3.5
810,Grookey,grass,310,49.8,16.2,42.3,18.9,9.9,23.0,42.3,9.5,10.2,44.2,3.5,2.0,3.0,2.0,2.0,2.5,3.0,2.0,2.0,3.0,2.5,2.5
811,Thwackey,grass,420,66.3,36.3,68.2,49.7,33.4,48.1,68.2,41.8,40.2,65.7,3.5,2.5,3.5,3.0,2.5,3.0,3.5,2.5,2.5,3.5,3.0,3.0
812,Rillaboom,grass,530,71.6,43.5,90.2,96.1,46.9,91.4,90.2,89.5,91.3,76.5,3.5,2.0,4.0,4.5,2.5,4.0,4.0,4.0,4.0,3.5,3.5,3.5
813,Scorbunny,fire,310,54.0,16.2,48.8,23.8,9.9,26.3,48.8,4.0,10.0,45.7,3.5,2.0,3.5,2.5,2.0,2.5,3.5,1.5,2.0,3.5,2.5,2.5
814,Raboot,fire,420,79.3,36.3,79.3,46.2,33.4,44.0,79.3,28.9,32.3,75.2,4.0,2.5,4.0,3.0,2.5,2.5,4.0,2.0,2.0,4.0,3.0,3.0
815,Cinderace,fire,530,95.7,51.1,97.6,81.6,56.2,74.2,97.6,66.6,67.0,96.6,4.5,2.5,4.5,3.5,2.5,3.5,4.5,3.0,3.0,4.5,3.5,3.5
816,Sobble,water,310,56.3,56.7,26.0,3.7,29.1,5.2,26.0,4.0,9.5,48.1,3.5,3.5,2.5,1.5,2.5,1.5,2.5,1.5,2.0,3.5,2.5,2.5
817,Drizzile,water,420,76.1,78.8,54.3,29.2,55.3,26.7,54.3,28.9,36.3,70.4,4.0,4.0,3.0,2.0,3.0,2.0,3.0,2.0,2.5,4.0,3.0,3.0
818,Inteleon,water,530,96.2,94.3,86.0,77.6,74.5,65.6,86.0,68.9,71.5,94.3,4.0,4.0,4.0,3.5,3.5,3.0,4.0,3.0,3.0,4.0,3.5,3.5
819,Skwovet,normal,275,5.0,10.3,8.0,12.2,5.4,12.4,8.0,13.0,20.7,3.3,2.0,2.0,2.0,2.5,2.0,2.5,2.0,2.5,2.5,2.0,2.0,2.0
820,Greedent,normal,460,3.0,36.3,33.3,51.8,46.2,44.6,33.3,55.7,47.0,10.0,1.5,2.5,2.5,3.5,3.0,3.0,2.5,3.5,3.0,1.5,3.0,2.5
821,Rookidee,flying,245,39.0,8.2,19.7,14.1,4.2,5.0,19.7,0.8,1.1,28.2,3.5,2.0,2.5,2.5,2.0,2.0,2.5,2.0,2.0,3.0,2.0,2.5
822,Corvisquire,flying,365,63.6,20.1,52.4,48.7,20.7,34.9,52.4,32.0,41.5,59.1,3.5,2.0,3.0,3.0,2.0,2.5,3.0,2.5,3.0,3.5,2.5,3.0
823,Corviknight,flying|steel,495,53.0,32.9,61.2,91.0,52.5,72.8,61.2,100.0,89.4,62.1,3.0,2.0,3.0,4.5,2.5,3.5,3.0,4.5,4.0,3.0,3.5,3.5
824,Blipbug,bug,180,25.2,2.8,6.3,3.3,7.5,6.6,6.3,3.1,7.6,13.1,3.0,2.0,2.0,2.0,2.0,2.0,2.0,2.0,2.0,2.5,2.0,2.0
825,Dottler,bug|psychic,335,8.7,29.2,3.2,5.4,63.6,20.5,3.2,37.6,23.6,12.4,2.0,3.0,1.5,2.0,4.0,2.5,1.5,3.0,2.5,2.0,2.5,2.5
826,Orbeetle,bug|psychic,505,76.1,65.7,43.2,9.5,96.7,34.0,43.2,53.1,36.7,83.6,4.0,3.5,2.5,1.5,5.0,2.5,2.5,3.0,2.5,4.5,3.5,3.0
827,Nickit,dark,245,31.6,25.6,9.8,12.6,22.7,8.9,19.8,9.8,16.8,19.0,3.0,2.5,2.0,2.0,2.5,2.0,2.5,2.0,2.5,2.5,2.0,2.5
828,Thievul,dark,455,76.1,73.0,52.3,44.2,82.5,30.7,62.3,46.1,52.3,70.9,4.0,3.5,3.0,2.5,4.0,2.0,3.5,2.5,3.0,3.5,3.0,3.0
829,Gossifleur,grass,250,0.5,16.2,1.7,6.7,24.4,3.6,1.7,20.9,5.0,2.4,2.0,2.5,2.0,2.0,3.0,2.0,2.0,2.5,2.0,2.0,2.0,2.0
830,Eldegoss,grass,460,43.2,65.7,23.7,17.4,86.7,8.6,23.7,47.7,19.5,51.8,3.0,4.0,2.0,2.0,4.5,1.5,2.0,3.0,2.0,3.5,3.0,3.0
831,Wooloo,normal,270,28.2,16.2,10.4,16.0,12.2,8.4,10.4,25.7,15.0,24.0,3.0,2.5,2.0,2.5,2.0,2.0,2.0,2.5,2.5,2.5,2.0,2.5
832,Dubwool,normal,490,74.0,43.5,68.7,62.5,62.5,60.7,68.7,80.8,63.6,81.0,3.5,2.5,3.5,3.0,3.0,3.0,3.5,4.0,3.0,4.0,3.5,3.5
833,Chewtle,water,284,23.0,12.7,21.2,17.7,7.8,25.8,21.2,9.5,12.3,16.0,2.5,2.0,2.5,2.5,2.0,2.5,2.5,2.0,2.0,2.5,2.0,2.5
834,Drednaw,water|rock,485,60.4,25.9,80.8,71.5,34.7,91.0,80.8,74.1,76.5,65.5,3.0,1.5,4.0,3.5,2.0,4.5,4.0,3.5,3.5,3.5,3.5,3.5
835,Yamper,electric,270,15.7,16.2,4.3,4.9,16.0,20.4,4.3,9.5,22.5,3.0,2.5,2.5,2.0,2.0,2.5,2.5,2.0,2.0,2.5,2.0,2.0,2.0
836,Boltund,electric,490,100.0,74.7,89.6,60.6,57.2,64.1,89.6,41.3,53.0,92.3,4.5,3.5,4.0,3.0,3.0,3.0,4.0,2.0,2.5,4.0,3.5,3.5
837,Rolycoly,rock,240,8.7,16.2,3.9,3.7,16.0,17.1,3.9,19.5,8.5,4.4,2.0,2.5,2.0,2.0,2.5,2.5,2.0,2.5,2.0,2.0,2.0,2.0
838,Carkol,rock|fire,410,31.6,43.5,23.9,42.4,46.9,55.0,23.9,78.3,70.4,38.1,2.5,3.0,2.0,3.0,3.0,3.5,2.0,4.0,4.0,2.5,3.0,3.0
839,Coalossal,rock|fire,510,8.7,65.7,24.9,77.9,76.5,79.0,24.9,100.0,97.7,19.1,1.0,3.5,2.0,4.0,4.0,4.0,2.0,5.0,5.0,1.5,3.5,3.0
840,Applin,grass|dragon,260,3.0,16.2,1.9,2.3,9.9,1.7,1.9,30.1,0.7,7.1,2.0,2.5,2.0,2.0,2.0,2.0,2.0,3.0,2.0,2.0,2.0,2.0
841,Flapple,grass|dragon,485,56.3,78.8,76.5,45.6,59.8,43.3,76.5,32.7,18.3,60.5,3.0,4.0,4.0,2.5,3.5,2.5,4.0,2.0,1.5,3.5,3.5,3.0
842,Appletun,grass|dragon,485,8.7,83.4,30.2,34.9,80.0,47.3,30.2,37.6,46.1,12.4,1.5,4.5,2.5,2.5,4.5,3.0,2.5,2.5,3.0,1.5,3.5,3.0
843,Silicobra,ground,315,27.4,10.3,19.8,61.4,12.9,21.3,19.8,81.1,45.7,30.0,2.5,2.0,2.0,4.0,2.0,2.0,2.0,4.5,3.0,2.5,2.5,2.5
844,Sandaconda,ground,510,58.9,51.1,77.2,94.1,52.1,82.4,77.2,99.4,81.3,69.1,3.0,2.5,3.5,4.5,2.5,4.0,3.5,4.5,4.0,3.5,3.5,3.5
845,Cramorant,flying|water,475,71.6,70.8,72.5,62.3,82.2,51.0,72.5,32.0,43.5,65.3,3.5,3.5,3.5,3.0,4.0,3.0,3.5,2.0,2.5,3.5,3.0,3.0
846,Arrokuda,water,280,52.5,16.2,40.7,25.2,7.1,15.4,40.7,11.2,7.3,43.6,3.5,2.0,3.0,2.5,2.0,2.0,3.0,2.0,2.0,3.0,2.0,2.5
847,Barraskewda,water,490,98.9,43.5,99.3,81.5,28.8,74.4,99.3,52.2,54.1,95.1,4.5,2.5,4.5,4.0,1.5,3.5,4.5,2.5,2.5,4.5,3.5,3.5
848,Toxel,electric|poison,242,28.9,33.7,6.4,5.8,14.6,14.3,6.4,5.1,12.0,8.4,3.0,3.0,2.0,2.0,2.5,2.5,2.0,2.0,2.0,2.0,2.0,2.5
849,Toxtricity,electric|poison,502,71.9,90.5,73.4,79.2,76.3,69.5,73.4,67.7,70.0,62.0,3.5,4.0,3.5,3.5,3.5,3.5,3.5,3.0,3.5,3.0,3.5,3.5
850,Sizzlipede,fire|bug,305,25.2,29.2,24.3,33.3,22.0,17.4,24.3,21.7,16.2,16.8,2.5,2.5,2.5,3.0,2.5,2.0,2.5,2.5,2.0,2.0,2.5,2.5
851,Centiskorch,fire|bug,525,49.8,74.7,74.3,95.4,81.8,91.1,74.3,74.4,93.9,50.8,2.5,3.5,3.5,4.5,4.0,4.0,3.5,3.5,4.0,2.5,3.5,3.5
852,Clobbopus,fighting,310,11.4,29.2,18.5,41.2,22.0,23.2,18.5,28.9,17.8,8.6,2.0,2.5,2.5,3.0,2.5,2.5,2.5,2.5,2.5,2.0,2.5,2.5
853,Grapploct,fighting,480,21.5,56.7,56.8,97.8,63.4,77.5,56.8,82.2,72.4,27.9,1.5,3.0,3.0,4.5,3.5,4.0,3.0,4.0,3.5,2.0,3.0,3.0
854,Sinistea,ghost,308,31.6,60.0,13.8,3.0,42.2,2.3,13.8,3.3,0.6,23.5,3.0,4.0,2.0,1.5,3.5,1.5,2.0,1.5,1.5,2.5,2.5,2.5
855,Polteageist,ghost,508,56.3,97.3,45.6,16.7,98.9,16.3,45.6,19.4,9.0,56.0,3.5,5.0,3.0,1.5,5.0,1.5,3.0,2.0,1.5,3.5,3.5,3.0
856,Hatenna,psychic,265,16.9,38.9,5.2,4.5,38.5,2.9,5.2,10.2,7.3,8.8,2.5,3.5,2.0,2.0,3.5,2.0,2.0,2.0,2.0,2.0,2.0,2.5
857,Hattrem,psychic,370,28.7,72.6,10.8,16.0,77.5,6.6,10.8,34.0,22.9,27.5,2.5,4.5,2.0,2.0,4.5,1.5,2.0,2.5,2.5,2.5,2.5,2.5
858,Hatterene,psychic|fairy,510,6.4,98.2,31.6,81.7,100.0,38.9,31.6,91.1,45.0,14.2,1.0,5.0,2.0,4.0,5.0,2.5,2.0,4.5,2.5,1.5,3.5,3.0
859,Impidimp,dark|fairy,265,31.6,36.3,13.8,9.5,29.4,10.3,23.8,3.5,10.8,19.5,3.0,3.0,2.0,2.0,3.0,2.0,2.5,2.0,2.0,2.5,2.0,2.5
860,Morgrem,dark|fairy,370,56.3,61.6,41.6,32.4,54.4,27.8,51.6,23.8,39.0,49.8,3.5,3.5,3.0,2.5,3.5,2.0,3.0,2.0,2.5,3.0,2.5,3.0
861,Grimmsnarl,dark|fairy,510,43.2,78.8,72.5,86.1,83.9,86.6,82.5,60.9,82.0,42.9,2.5,3.5,3.5,4.0,4.0,4.0,4.0,3.0,4.0,2.5,3.5,3.5
862,Obstagoon,dark|normal,520,81.0,43.5,81.3,75.4,57.3,68.1,91.3,89.0,80.1,88.5,3.5,2.0,3.5,3.5,3.0,3.0,4.0,4.0,3.5,4.0,3.5,3.5
863,Perrserker,steel,440,31.6,29.2,60.5,65.2,29.4,68.8,60.5,73.9,47.7,40.8,2.0,2.0,3.5,3.5,2.0,3.5,3.5,4.0,3.0,2.5,3.0,3.0
864,Cursola,ghost,510,8.7,98.8,36.2,63.2,99.8,33.0,36.2,34.4,28.2,4.4,1.5,5.0,2.5,3.5,5.0,2.5,2.5,2.5,2.0,1.5,3.5,3.0
865,Sirfetch’d,fighting,507,49.8,54.3,80.6,82.2,65.0,95.1,80.6,62.0,58.1,58.0,2.5,3.0,4.0,4.0,3.0,4.5,4.0,3.0,3.0,3.0,3.5,3.5
866,Mr. Rime,ice|psychic,520,56.3,89.0,61.8,70.0,100.0,68.3,61.8,69.5,75.1,58.8,3.0,4.0,3.0,3.5,4.5,3.5,3.0,3.5,3.5,3.0,3.5,3.5
867,Runerigus,ground|ghost,483,8.7,29.2,36.2,78.0,60.6,76.2,36.2,93.8,62.7,20.6,1.5,2.0,2.5,4.0,3.5,4.0,2.5,4.5,3.5,2.0,3.0,3.0
868,Milcery,fairy,270,12.2,29.2,5.4,2.3,42.2,1.4,5.4,2.0,2.1,4.8,2.5,3.0,2.0,2.0,3.5,2.0,2.0,2.0,2.0,2.0,2.0,2.0
869,Alcremie,fairy,495,47.0,89.0,34.9,15.3,100.0,11.8,34.9,28.1,13.1,51.5,3.0,4.5,2.5,2.0,5.0,1.5,2.5,2.5,1.5,3.0,3.5,3.0
870,Falinks,fighting,470,61.9,56.7,75.4,100.0,45.2,78.3,75.4,95.2,75.0,69.6,3.0,3.0,3.5,4.5,2.5,3.5,3.5,4.5,3.5,3.5,3.0,3.5
871,Pincurchin,electric,435,11.5,76.3,37.6,42.0,79.6,39.1,37.6,41.0,4.5,9.0,1.5,4.5,2.5,3.0,4.5,3.0,2.5,3.0,1.5,1.5,3.0,3.0
872,Snom,ice|bug,185,3.0,23.0,0.5,1.2,9.0,2.6,0.5,2.5,2.7,0.6,2.0,3.0,2.0,2.0,2.5,2.0,2.0,2.0,2.0,2.0,2.0,2.0
873,Frosmoth,ice|bug,475,49.8,94.3,42.3,52.7,92.3,50.4,42.3,52.2,61.7,48.5,3.0,4.5,2.5,3.0,4.5,3.0,2.5,3.0,3.5,3.0,3.0,3.0
874,Stonjourner,rock,470,56.3,1.2,81.9,97.2,0.2,97.9,81.9,100.0,96.1,66.6,3.0,1.0,4.0,4.5,1.0,4.5,4.0,4.5,4.5,3.5,3.0,3.5
875,Eiscue,ice,470,31.6,51.1,40.7,64.6,66.9,70.3,40.7,86.2,74.2,42.1,2.0,3.0,2.5,3.5,3.5,3.5,2.5,4.5,4.0,2.5,3.0,3.0
876,Indeedee,psychic|normal,475,81.0,86.5,62.4,39.3,100.0,42.3,62.4,35.4,42.7,75.0,4.0,4.0,3.0,2.5,4.5,2.5,3.0,2.0,2.5,3.5,3.0,3.5
877,Morpeko,electric|dark,436,93.1,56.7,84.6,36.5,44.1,38.0,94.6,15.5,11.2,76.9,4.5,3.0,4.5,2.5,2.5,2.5,4.5,1.5,1.5,4.0,3.0,3.0
878,Cufant,steel,330,18.9,16.2,32.4,59.2,13.5,71.8,32.4,48.8,70.3,11.2,2.0,2.0,2.5,3.5,2.0,4.0,2.5,3.0,4.0,1.5,2.5,2.5
879,Copperajah,steel,500,8.7,65.7,52.5,98.2,58.6,99.0,52.5,87.2,99.1,8.7,1.0,3.5,3.0,4.5,3.0,4.5,3.0,4.0,4.5,1.0,3.5,3.5
880,Dracozolt,electric|dragon,505,71.9,65.7,75.4,83.9,61.1,89.0,75.4,86.6,89.6,66.7,3.5,3.0,3.5,4.0,3.0,4.0,3.5,4.0,4.0,3.0,3.5,3.5
881,Arctozolt,electric|ice,505,46.8,74.7,58.5,89.1,75.0,88.3,58.5,89.9,91.8,43.9,2.5,3.5,3.0,4.0,3.5,4.0,3.0,4.0,4.0,2.5,3.5,3.5
882,Dracovish,water|dragon,505,61.9,56.7,68.4,83.1,63.4,84.8,68.4,93.9,93.0,69.6,3.0,3.0,3.0,4.0,3.0,4.0,3.0,4.5,4.0,3.5,3.5,3.5
883,Arctovish,water|ice,505,36.8,65.7,51.9,80.6,76.5,83.1,51.9,92.2,91.0,47.6,2.0,3.5,2.5,4.0,3.5,4.0,2.5,4.5,4.5,2.5,3.5,3.5
884,Duraludon,steel|dragon,535,71.6,92.2,79.1,80.9,58.7,68.5,79.1,100.0,69.0,80.0,3.5,4.0,3.5,3.5,3.0,3.0,3.5,4.5,3.0,3.5,3.5,3.5
885,Dreepy,dragon|ghost,270,68.6,16.2,48.7,23.5,7.1,15.1,48.7,6.4,4.7,57.5,4.0,2.0,3.5,2.5,1.5,2.0,3.5,1.5,1.5,3.5,2.0,2.5
886,Drakloak,dragon|ghost,410,88.2,43.5,78.7,64.6,28.8,39.8,78.7,45.4,49.4,79.8,4.5,2.5,4.0,3.5,2.0,2.5,4.0,2.5,3.0,4.0,3.0,3.0
887,Dragapult,dragon|ghost,600,99.2,83.4,99.0,96.6,76.0,82.3,99.0,83.1,84.3,98.1,4.0,3.5,4.0,4.0,3.0,3.5,4.0,3.5,3.5,4.0,4.0,4.0
888,Zacian,fairy,660,99.1,65.7,98.9,96.3,95.4,91.5,98.9,97.1,92.2,99.9,4.0,3.0,4.0,4.0,4.0,4.0,4.0,4.0,4.0,4.0,4.0,4.0
889,Zamazenta,fighting,660,99.1,65.7,98.9,100.0,85.4,94.8,98.9,97.2,93.9,99.9,4.0,3.0,4.0,4.0,3.5,4.0,4.0,4.0,4.0,4.0,4.0,4.0
890,Eternatus,poison|dragon,690,98.1,98.8,87.2,84.6,96.4,86.4,87.2,95.0,99.9,99.4,4.0,4.0,3.5,3.5,4.0,3.5,3.5,4.0,4.0,4.0,4.0,4.0
891,Kubfu,fighting,385,59.5,32.9,67.1,58.6,25.1,49.6,67.1,28.9,31.3,57.3,3.5,2.5,3.5,3.5,2.0,3.0,3.5,2.0,2.5,3.5,2.5,3.0
892,Urshifu,fighting|dark,550,83.1,48.0,95.7,100.0,41.2,93.3,100.0,91.3,90.7,90.2,3.5,2.5,4.0,4.5,2.0,4.0,4.5,4.0,4.0,4.0,3.5,3.5
893,Zarude,dark|grass,600,89.5,56.7,96.0,91.3,74.1,88.0,100.0,91.5,88.5,96.9,4.0,2.5,4.0,4.0,3.0,4.0,4.5,4.0,4.0,4.0,4.0,3.5
894,Regieleki,electric,580,100.0,83.4,95.3,71.1,53.1,88.2,95.3,39.7,78.0,92.2,4.5,3.5,4.0,3.5,2.5,4.0,4.0,2.0,3.5,4.0,4.0,3.5
895,Regidrago,dragon,580,66.3,83.4,78.2,88.3,53.1,89.2,78.2,59.3,96.4,60.0,3.0,4.0,3.5,4.0,2.5,4.0,3.5,3.0,4.5,3.0,4.0,3.5
896,Glastrier,ice,580,8.7,51.1,54.9,98.4,75.8,99.9,54.9,97.6,95.9,19.7,1.0,2.5,3.0,4.5,3.5,4.5,3.0,4.5,4.5,1.5,4.0,3.5
897,Spectrier,ghost,580,98.1,98.8,73.2,65.8,89.0,51.2,73.2,65.9,85.4,94.5,4.5,4.5,3.5,3.0,4.0,2.5,3.5,3.0,4.0,4.0,4.0,3.5
898,Calyrex,psychic|grass,500,66.3,65.7,64.1,56.4,80.1,35.1,64.1,62.2,57.5,68.9,3.5,3.5,3.5,3.0,4.0,2.0,3.5,3.0,3.0,3.5,3.5,3.0
899,Wyrdeer,normal|psychic,525,49.8,86.5,70.7,87.0,88.3,87.1,70.7,73.8,89.9,53.1,2.5,4.0,3.5,4.0,4.0,4.0,3.5,3.5,4.0,2.5,3.5,3.5
900,Kleavor,bug|rock,500,71.6,23.0,92.5,94.8,34.8,92.5,92.5,98.7,77.8,77.2,3.5,1.5,4.0,4.5,2.0,4.0,4.0,4.5,3.5,3.5,3.5,3.5
901,Ursaluna,ground|normal,550,31.6,23.0,70.5,98.7,43.3,98.9,70.5,95.6,98.2,41.5,2.0,1.5,3.5,4.5,2.5,4.5,3.5,4.5,4.5,2.5,3.5,3.5
902,Basculegion,water|ghost,530,64.1,65.7,82.1,94.6,65.7,90.1,82.1,74.4,95.1,62.5,3.0,3.0,3.5,4.0,3.0,4.0,3.5,3.5,4.0,3.0,3.5,3.5
903,Sneasler,fighting|poison,510,96.2,16.2,99.5,94.4,39.9,83.8,99.5,52.2,69.1,91.5,4.5,1.0,4.5,4.5,2.0,4.0,4.5,2.5,3.5,4.0,3.5,3.5
904,Overqwil,dark|poison,510,71.6,51.1,86.6,94.4,48.0,84.2,96.6,92.6,85.3,77.2,3.5,2.5,4.0,4.0,2.5,4.0,4.5,4.0,4.0,3.5,3.5,3.5
905,Enamorus,fairy|flying,580,90.4,97.7,95.6,96.8,98.7,79.7,95.6,67.7,70.8,89.0,4.0,4.0,4.0,4.0,4.0,3.5,4.0,3.0,3.0,4.0,4.0,4.0
906,Sprigatito,grass,310,49.8,23.0,38.0,20.7,15.1,20.2,38.0,16.6,6.9,46.1,3.5,2.5,3.0,2.5,2.0,2.5,3.0,2.0,1.5,3.5,2.5,2.5
907,Floragato,grass,410,69.0,43.5,66.1,51.3,41.1,42.2,66.1,40.9,38.7,65.9,3.5,2.5,3.5,3.0,2.5,2.5,3.5,2.5,2.5,3.5,3.0,3.0
908,Meowscarada,grass|dark,530,97.0,68.0,96.9,82.4,61.8,71.3,100.0,64.9,66.1,96.4,4.5,3.0,4.5,3.5,3.0,3.0,4.5,3.0,3.0,4.0,3.5,3.5
909,Fuecoco,fire,310,15.9,48.0,7.6,9.5,25.7,16.7,7.6,19.7,28.5,11.4,2.5,3.5,2.0,2.0,2.5,2.5,2.0,2.5,3.0,2.0,2.5,2.5
910,Crocalor,fire,411,28.7,74.7,19.4,34.1,54.7,35.3,19.4,57.1,60.3,32.4,2.5,4.0,2.0,2.5,3.5,2.5,2.0,3.5,3.5,2.5,3.0,3.0
911,Skeledirge,fire|ghost,530,52.5,89.0,50.8,66.2,79.3,76.2,50.8,88.0,93.1,61.0,2.5,4.0,2.5,3.0,4.0,3.5,2.5,4.0,4.5,3.0,3.5,3.5
912,Quaxly,water,310,31.6,29.2,29.3,26.5,18.5,24.4,29.3,14.0,20.5,23.5,3.0,2.5,2.5,2.5,2.0,2.5,2.5,2.0,2.5,2.5,2.5,2.5
913,Quaxwell,water,410,49.8,51.1,57.7,63.8,42.9,53.9,57.7,54.0,54.2,50.8,3.0,3.0,3.0,3.5,2.5,3.0,3.0,3.0,3.0,3.0,3.0,3.0
914,Quaquaval,water|fighting,530,71.6,70.8,88.0,100.0,68.6,86.8,88.0,80.5,82.1,74.4,3.0,3.0,4.0,4.5,3.0,4.0,4.0,3.5,3.5,3.5,3.5,3.5
915,Lechonk,normal,254,14.0,10.3,6.7,14.3,11.0,17.2,6.7,11.2,23.0,5.8,2.5,2.0,2.0,2.5,2.0,2.5,2.0,2.0,2.5,2.0,2.0,2.0
916,Oinkologne,normal,489,49.8,40.2,66.9,65.9,52.9,86.9,66.9,55.4,81.9,53.7,2.5,2.5,3.5,3.5,3.0,4.0,3.5,3.0,4.0,3.0,3.5,3.0
917,Tarountula,bug,210,3.0,3.9,2.4,4.2,4.3,6.4,2.4,6.0,3.5,1.5,2.0,2.0,2.0,2.0,2.0,2.0,2.0,2.0,2.0,2.0,2.0,2.0
918,Spidops,bug,404,14.0,32.3,26.5,52.5,53.4,44.9,26.5,66.8,40.5,21.1,2.0,2.5,2.5,3.5,3.5,3.0,2.5,4.0,3.0,2.0,3.0,3.0
919,Nymble,bug,210,25.2,1.7,12.2,4.0,0.4,4.0,12.2,2.0,0.3,15.3,3.0,2.0,2.5,2.0,2.0,2.0,2.5,2.0,2.0,2.5,2.0,2.0
920,Lokix,bug|dark,450,78.7,32.3,86.4,67.7,27.9,60.6,96.4,57.1,48.7,79.6,4.0,2.0,4.0,3.5,2.0,3.0,4.5,3.0,2.5,4.0,3.0,3.5
921,Pawmi,electric,240,53.2,16.2,23.7,7.5,6.3,8.6,23.7,1.0,5.0,31.4,4.0,2.5,2.5,2.0,2.0,2.0,2.5,1.5,2.0,3.0,2.0,2.5
922,Pawmo,electric|fighting,350,81.6,29.2,63.7,38.1,16.8,30.5,63.7,6.9,20.9,61.5,4.5,2.5,3.5,2.5,2.0,2.5,3.5,1.5,2.0,3.5,2.5,3.0
923,Pawmot,electric|fighting,490,99.5,56.7,95.4,78.9,45.2,78.0,95.4,48.1,54.9,88.2,4.5,3.0,4.5,3.5,2.5,3.5,4.5,2.5,2.5,4.0,3.5,3.5
924,Tandemaus,normal,305,61.9,16.2,36.9,7.5,12.2,7.0,36.9,6.0,6.3,55.1,4.0,2.0,3.0,2.0,2.0,2.0,3.0,1.5,2.0,3.5,2.5,2.5
925,Maushold,normal,470,93.6,51.1,77.8,25.5,56.2,25.7,77.8,24.9,23.3,93.0,4.5,3.0,4.0,2.0,3.0,2.0,4.0,2.0,2.0,4.5,3.0,3.0
926,Fidough,fairy,312,49.8,5.9,33.2,12.2,23.9,23.2,33.2,24.9,8.9,52.6,3.5,1.5,3.0,2.0,2.5,2.5,3.0,2.5,2.0,3.5,2.5,2.5
927,Dachsbun,fairy,477,81.0,29.2,73.7,35.2,55.7,44.5,73.7,58.1,27.8,89.1,4.0,2.0,4.0,2.5,3.0,2.5,4.0,3.0,2.0,4.5,3.0,3.0
928,Smoliv,grass|normal,260,8.7,39.7,3.2,2.7,28.4,7.5,3.2,6.0,7.5,3.7,2.0,3.5,2.0,2.0,3.0,2.0,2.0,2.0,2.0,2.0,2.0,2.0
929,Dolliv,grass|normal,354,11.9,63.3,9.8,22.7,65.9,22.7,9.8,28.9,27.0,8.9,2.0,4.0,2.0,2.5,4.0,2.5,2.0,2.5,2.5,2.0,2.5,2.5
930,Arboliva,grass|normal,510,16.9,94.3,21.8,56.2,97.2,54.5,21.8,77.5,70.0,23.1,1.5,4.5,2.0,3.0,5.0,3.0,2.0,4.0,3.5,2.0,3.5,3.0
931,Squawkabilly,normal|flying,417,78.7,23.0,82.9,62.2,20.4,38.4,82.9,23.2,35.9,72.4,4.0,2.0,4.5,3.5,2.0,2.5,4.5,2.0,2.5,4.0,3.0,3.0
932,Nacli,rock,280,5.0,10.3,8.0,16.5,5.4,27.1,8.0,43.3,24.9,7.3,2.0,2.0,2.0,2.5,2.0,3.0,2.0,3.5,2.5,2.0,2.0,2.5
933,Naclstack,rock,355,14.0,10.3,13.4,26.8,24.8,59.3,13.4,68.3,49.6,22.7,2.0,2.0,2.0,2.5,2.5,4.0,2.0,4.0,3.5,2.5,2.5,2.5
934,Garganacl,rock,500,14.0,23.0,43.8,89.1,49.9,90.2,43.8,100.0,95.0,26.0,1.5,2.0,2.5,4.5,3.0,4.5,2.5,5.0,4.5,2.0,3.5,3.0
935,Charcadet,fire,255,14.0,29.2,9.0,21.2,16.8,20.6,9.0,15.1,18.8,5.8,2.0,3.0,2.0,2.5,2.5,2.5,2.0,2.5,2.5,2.0,2.0,2.5
936,Armarouge,fire|psychic,525,61.9,94.3,44.8,53.1,97.2,56.2,44.8,85.4,80.6,69.6,3.0,4.5,2.5,2.5,4.5,3.0,2.5,4.0,4.0,3.5,3.5,3.5
937,Ceruledge,fire|ghost,525,71.6,43.5,90.2,90.0,67.7,88.6,90.2,76.6,74.9,74.4,3.5,2.0,4.0,4.0,3.0,4.0,4.0,3.5,3.5,3.5,3.5,3.5
938,Tadbulb,electric,272,35.2,40.2,8.4,2.4,18.6,0.6,8.4,4.8,11.4,15.8,3.0,3.5,2.0,2.0,2.5,1.5,2.0,2.0,2.0,2.5,2.0,2.5
939,Bellibolt,electric,495,35.2,85.4,22.4,48.1,83.5,61.9,22.4,72.0,84.4,33.0,2.5,4.5,2.0,3.0,4.0,3.5,2.0,4.0,4.5,2.0,3.5,3.0
940,Wattrel,electric|flying,280,66.3,36.3,26.0,16.7,19.4,4.7,26.0,5.1,6.1,47.3,4.0,3.0,2.5,2.0,2.5,1.5,2.5,1.5,1.5,3.5,2.0,2.5
941,Kilowattrel,electric|flying,490,100.0,86.5,76.8,68.1,65.0,51.9,76.8,54.6,62.2,93.3,4.5,4.0,3.5,3.5,3.0,2.5,3.5,2.5,3.0,4.5,3.5,3.5
942,Maschiff,dark,340,34.5,16.2,41.4,33.5,17.7,43.9,51.4,24.3,30.5,31.8,2.5,2.0,3.0,2.5,2.0,3.0,3.5,2.5,2.5,2.5,2.5,2.5
943,Mabosstiff,dark,505,71.6,43.5,88.0,76.3,46.9,86.6,98.0,68.3,68.3,76.5,3.5,2.5,4.0,3.5,2.5,4.0,4.5,3.5,3.5,3.5,3.5,3.5
944,Shroodle,poison|normal,290,61.9,16.2,48.9,16.7,8.3,17.1,58.9,0.8,0.8,53.0,4.0,2.0,3.5,2.0,2.0,2.0,4.0,1.5,1.5,3.5,2.0,2.5
945,Grafaiai,poison|normal,485,92.7,65.7,89.8,54.8,62.9,61.9,89.8,38.2,41.3,89.3,4.5,3.5,4.0,3.0,3.0,3.0,4.0,2.0,2.5,4.0,3.5,3.5
946,Bramblin,grass|ghost,275,43.2,23.0,36.6,29.7,11.5,16.8,36.6,10.7,8.7,32.1,3.0,2.5,3.0,2.5,2.0,2.0,3.0,2.0,2.0,3.0,2.0,2.5
947,Brambleghast,grass|ghost,480,76.1,65.7,89.2,77.2,61.1,53.8,89.2,57.7,35.3,75.7,3.5,3.5,4.0,3.5,3.0,3.0,4.0,3.0,2.0,3.5,3.0,3.5
948,Toedscool,ground|grass,335,56.3,29.2,26.0,24.8,58.9,28.6,26.0,20.5,35.6,47.3,3.5,2.5,2.5,2.5,3.5,2.5,2.5,2.0,2.5,3.0,2.5,2.5
949,Toedscruel,ground|grass,515,85.9,65.7,69.0,67.7,86.7,58.7,69.0,68.9,80.3,82.2,4.0,3.0,3.5,3.0,4.0,3.0,3.5,3.5,3.5,4.0,3.5,3.5
950,Klawf,rock,450,61.9,10.3,75.4,73.9,17.2,80.5,75.4,94.8,68.1,71.2,3.0,1.0,4.0,3.5,1.5,4.0,4.0,4.5,3.5,3.5,3.0,3.5
951,Capsakid,grass,304,31.6,47.4,25.5,17.2,25.6,18.6,25.5,4.0,7.9,22.0,3.0,3.5,2.5,2.0,2.5,2.5,2.5,1.5,2.0,2.5,2.5,2.5
952,Scovillain,grass|fire,486,61.9,87.6,79.6,66.9,71.1,60.7,79.6,43.0,41.0,60.9,3.0,4.0,4.0,3.5,3.5,3.0,4.0,2.5,2.5,3.0,3.5,3.5
953,Rellor,bug,270,8.7,7.9,6.9,5.1,17.5,5.7,6.9,14.6,1.8,6.5,2.0,2.0,2.0,2.0,2.5,2.0,2.0,2.5,2.0,2.0,2.0,2.0
954,Rabsca,bug|psychic,470,25.2,91.1,13.1,7.5,100.0,10.3,13.1,35.8,25.7,30.7,2.5,5.0,2.0,1.5,5.0,1.5,2.0,2.5,2.5,2.5,3.0,2.5
955,Flittle,psychic,255,61.9,36.3,28.0,0.9,24.4,1.8,28.0,0.3,0.4,52.4,4.0,3.0,2.5,1.5,2.5,1.5,2.5,1.5,1.5,3.5,2.0,2.5
956,Espathra,psychic,481,89.5,85.2,63.2,60.3,73.8,57.5,63.2,63.6,88.9,84.0,4.0,4.0,3.0,3.0,3.5,3.0,3.0,3.0,4.0,4.0,3.0,3.5
957,Tinkatink,fairy|steel,297,39.7,10.3,19.3,9.5,33.0,15.8,29.3,20.2,16.1,32.2,3.0,2.0,2.5,2.0,3.0,2.0,2.5,2.5,2.0,3.0,2.5,2.5
958,Tinkatuff,fairy|steel,380,64.1,23.0,42.9,27.3,54.5,48.0,52.9,38.9,50.8,59.3,3.5,2.0,3.0,2.0,3.5,3.0,3.0,2.5,3.0,3.5,2.5,3.0
959,Tinkaton,fairy|steel,506,79.3,56.7,68.3,41.4,88.1,69.6,78.3,57.5,67.8,80.2,4.0,3.0,3.5,2.5,4.0,3.5,4.0,3.0,3.5,4.0,3.5,3.5
960,Wiglett,water,245,81.0,10.3,53.5,41.8,3.7,11.0,53.5,27.5,19.1,67.7,4.5,1.5,3.5,3.0,1.5,1.5,3.5,2.5,2.0,4.0,2.0,2.5
961,Wugtrio,water,425,96.2,29.2,94.0,71.1,39.1,46.4,94.0,39.7,25.5,87.2,4.5,2.0,4.5,3.5,2.5,2.5,4.5,2.5,2.0,4.0,3.0,3.0
962,Bombirdier,flying|dark,485,68.6,43.5,81.7,89.7,59.1,73.9,91.7,77.0,65.2,72.7,3.5,2.5,4.0,4.0,3.0,3.5,4.0,3.5,3.0,3.5,3.5,3.5
963,Finizen,water,315,61.9,23.0,33.9,37.0,12.6,40.5,33.9,35.6,65.8,53.8,3.5,2.0,2.5,2.5,1.5,3.0,2.5,2.5,4.0,3.5,2.5,3.0
964,Palafin,water,457,85.9,32.9,69.0,55.7,34.1,59.8,69.0,62.6,79.9,85.3,4.0,2.0,3.5,3.0,2.0,3.0,3.5,3.0,4.0,4.0,3.0,3.5
965,Varoom,steel|poison,300,27.8,5.9,30.4,47.3,8.5,50.6,30.4,54.5,39.9,26.1,2.5,1.5,2.5,3.0,1.5,3.5,2.5,3.5,3.0,2.5,2.5,2.5
966,Revavroom,steel|poison,500,76.1,33.7,90.5,90.6,40.3,91.6,90.5,96.6,85.4,80.5,3.5,2.0,4.0,4.0,2.0,4.0,4.0,4.5,4.0,3.5,3.5,3.5
967,Cyclizar,dragon|normal,501,96.6,70.8,92.1,78.0,59.5,75.2,92.1,63.3,71.7,95.1,4.5,3.0,4.0,3.5,3.0,3.5,4.0,3.0,3.5,4.0,3.5,3.5
968,Orthworm,steel,480,49.8,43.5,57.7,80.4,33.9,83.4,57.7,100.0,86.6,61.6,2.5,2.5,3.0,4.0,2.0,4.0,3.0,4.5,4.0,3.0,3.0,3.5
969,Glimmet,rock|poison,350,43.2,86.5,16.5,17.9,65.0,9.8,16.5,30.4,23.7,34.6,3.0,5.0,2.0,2.0,4.0,1.5,2.0,2.5,2.5,2.5,2.5,2.5
970,Glimmora,rock|poison,525,73.5,96.4,47.9,50.6,89.2,43.7,47.9,89.8,73.5,77.8,3.5,4.5,2.5,2.5,4.0,2.5,2.5,4.0,3.5,3.5,3.5,3.5
971,Greavard,ghost,290,12.2,5.9,14.1,27.6,13.9,44.8,14.1,28.9,35.4,9.1,2.0,2.0,2.0,2.5,2.0,3.5,2.0,2.5,3.0,2.0,2.0,2.5
972,Houndstone,ghost,488,53.6,29.2,72.0,88.4,57.4,59.4,72.0,92.2,62.2,61.7,3.0,2.0,3.5,4.0,3.0,3.0,3.5,4.5,3.0,3.0,3.5,3.5
973,Flamigo,flying|fighting,500,76.1,61.6,89.2,96.8,52.4,75.6,89.2,70.8,73.0,76.4,3.5,3.0,4.0,4.5,2.5,3.5,4.0,3.5,3.5,3.5,3.5,3.5
974,Cetoddle,ice,334,22.3,5.9,24.4,52.0,6.1,53.6,24.4,36.2,77.0,14.3,2.5,1.5,2.5,3.5,1.5,3.5,2.5,3.0,4.5,2.0,2.5,2.5
975,Cetitan,ice,521,60.1,23.0,80.3,96.3,23.5,95.6,80.3,75.7,99.7,59.2,3.0,1.5,4.0,4.5,1.5,4.5,4.0,3.5,4.5,3.0,3.5,3.5
976,Veluza,water|psychic,478,56.3,63.3,73.5,90.8,64.5,85.3,73.5,80.9,89.5,58.3,3.0,3.0,3.5,4.0,3.0,4.0,3.5,4.0,4.0,3.0,3.0,3.5
977,Dondozo,water,530,14.0,51.1,43.8,92.5,48.0,89.8,43.8,98.9,99.3,25.1,1.5,3.0,2.5,4.5,2.5,4.5,2.5,4.5,5.0,2.0,3.5,3.0
978,Tatsugiri,dragon|water,475,68.6,92.2,42.7,7.5,93.4,17.7,42.7,17.1,24.8,64.5,4.0,4.5,3.0,1.5,5.0,2.0,3.0,1.5,2.0,3.5,3.0,3.0
979,Annihilape,fighting|ghost,535,76.1,29.2,89.2,87.2,53.6,82.5,89.2,65.5,79.0,78.0,3.5,1.5,4.0,4.0,2.5,4.0,4.0,3.0,3.5,3.5,3.5,3.5
980,Clodsire,poison|ground,430,3.0,23.0,18.4,69.5,54.6,73.9,18.4,62.4,94.8,3.1,1.5,2.0,2.0,4.0,3.5,4.0,2.0,3.5,5.0,1.5,3.0,3.0
981,Farigiraf,normal|psychic,520,43.2,89.0,56.5,85.4,85.6,82.9,56.5,79.3,96.6,44.8,2.5,4.0,3.0,4.0,4.0,4.0,3.0,3.5,4.5,2.5,3.5,3.5
982,Dudunsparce,normal,520,36.8,70.8,58.5,90.9,68.6,70.6,58.5,87.7,89.1,41.2,2.0,3.5,3.0,4.5,3.5,3.5,3.0,4.0,4.0,2.5,3.5,3.5
983,Kingambit,dark|steel,550,31.6,43.5,69.3,97.0,59.1,95.4,79.3,100.0,92.7,43.3,2.0,2.5,3.5,4.5,3.0,4.5,3.5,4.5,4.5,2.5,3.5,3.5
984,Great Tusk,ground|fighting,570,73.7,32.9,93.0,100.0,26.8,98.7,93.0,98.0,97.2,83.0,3.5,1.5,4.0,4.5,1.5,4.5,4.0,4.5,4.5,3.5,4.0,3.5
985,Scream Tail,fairy|psychic,570,93.6,51.1,71.1,50.2,87.2,26.5,71.1,75.9,60.9,98.5,4.5,2.5,3.5,2.5,4.0,1.5,3.5,3.5,3.0,4.5,4.0,3.5
986,Brute Bonnet,grass|dark,570,36.8,63.6,70.8,80.2,79.0,71.2,80.8,75.9,68.4,46.5,2.0,3.0,3.5,4.0,4.0,3.5,4.0,3.5,3.5,2.5,4.0,3.5
987,Flutter Mane,ghost|fairy,570,98.6,97.7,65.8,47.7,100.0,14.9,65.8,50.3,36.1,92.4,4.5,4.5,3.5,2.5,4.5,1.5,3.5,2.5,2.0,4.5,4.0,3.5
988,Slither Wing,bug|fighting,570,68.2,70.8,91.1,100.0,86.4,92.9,91.1,85.7,89.0,70.7,3.0,3.0,4.0,4.5,4.0,4.0,4.0,3.5,4.0,3.0,4.0,3.5
989,Sandy Shocks,electric|ground,570,97.8,92.9,80.2,78.2,89.1,67.2,80.2,93.0,84.3,95.2,4.0,4.0,3.5,3.5,4.0,3.0,3.5,4.0,3.5,4.0,4.0,3.5
990,Iron Treads,ground|steel,570,90.4,59.1,95.1,68.1,57.0,93.5,95.1,82.1,78.0,98.0,4.0,2.5,4.0,3.0,2.5,4.0,4.0,3.5,3.5,4.5,4.0,3.5
991,Iron Bundle,ice|water,570,98.9,93.2,84.2,40.5,69.1,39.8,84.2,61.5,28.3,99.8,4.5,4.5,4.0,2.0,3.5,2.0,4.0,3.0,1.5,4.5,4.0,3.5
992,Iron Hands,fighting|electric,570,41.6,29.2,70.5,100.0,35.7,99.5,70.5,92.0,96.0,41.9,2.5,2.0,3.5,4.5,2.0,4.5,3.5,4.5,4.5,2.5,4.0,3.5
993,Iron Jugulis,dark|flying,570,91.1,93.1,80.3,72.5,85.9,72.7,90.3,71.7,82.5,95.8,4.0,4.0,3.5,3.0,4.0,3.0,4.0,3.0,3.5,4.0,4.0,3.5
994,Iron Moth,fire|poison,570,92.7,98.6,73.7,53.0,99.0,51.1,73.7,48.7,64.1,86.7,4.0,4.5,3.5,2.5,4.5,2.5,3.5,2.5,3.0,4.0,4.0,3.5
995,Iron Thorns,rock|electric,570,69.5,56.7,85.4,92.1,66.2,98.5,85.4,100.0,92.1,68.2,3.0,2.5,4.0,4.0,3.0,4.5,4.0,4.5,4.0,3.0,4.0,3.5
996,Frigibax,dragon|ice,320,36.8,10.3,39.7,31.8,11.0,42.4,39.7,14.0,34.4,28.9,3.0,2.0,3.0,2.5,2.0,3.0,3.0,2.0,3.0,2.5,2.5,2.5
997,Arctibax,dragon|ice,423,46.3,23.0,61.6,57.9,31.2,64.5,61.6,42.0,59.2,47.7,3.0,2.0,3.5,3.5,2.5,3.5,3.5,2.5,3.5,3.0,3.0,3.0
998,Baxcalibur,dragon|ice,600,73.7,61.6,94.3,98.1,72.5,98.0,94.3,90.5,95.6,78.8,3.0,2.5,4.0,4.0,3.0,4.0,4.0,4.0,4.0,3.5,4.0,3.5
999,Gimmighoul,ghost,300,0.5,61.6,0.4,1.8,58.3,4.1,0.4,24.9,7.4,3.9,1.5,4.0,1.5,1.5,4.0,2.0,1.5,2.5,2.0,2.0,2.5,2.5
1000,Gholdengo,steel|ghost,550,69.5,97.2,49.9,45.7,95.1,38.5,49.9,84.6,64.5,76.0,3.5,4.5,2.5,2.5,4.5,2.0,2.5,4.0,3.0,3.5,3.5,3.5
1001,Wo-Chien,dark|grass,570,56.3,78.8,61.8,70.0,94.3,71.6,71.8,85.4,79.5,63.7,3.0,3.5,3.0,3.5,4.5,3.5,3.5,4.0,3.5,3.0,4.0,3.5
1002,Chien-Pao,dark|ice,570,98.6,74.7,98.8,92.7,61.6,93.4,100.0,81.4,87.3,98.8,4.0,3.0,4.0,4.0,2.5,4.0,4.0,3.5,3.5,4.0,4.0,4.0
1003,Ting-Lu,dark|ground,570,25.2,36.3,56.1,93.7,50.9,95.1,66.1,98.4,99.4,36.4,1.5,2.0,3.0,4.5,2.5,4.5,3.5,4.5,4.5,2.0,4.0,3.5
1004,Chi-Yu,dark|fire,570,85.9,97.7,77.0,30.8,99.3,31.7,87.0,37.6,14.2,87.5,4.0,4.5,4.0,2.0,4.5,2.0,4.0,2.0,1.5,4.0,4.0,3.5
1005,Roaring Moon,dragon|dark,590,95.7,36.3,99.7,97.4,65.2,99.2,100.0,77.1,95.4,96.1,4.0,1.5,4.5,4.0,3.0,4.0,4.5,3.5,4.0,4.0,4.0,3.5
1006,Iron Valiant,fairy|fighting,590,95.3,92.2,99.3,96.6,78.0,79.8,99.3,77.5,63.4,98.4,4.0,4.0,4.0,4.0,3.5,3.5,4.0,3.5,3.0,4.0,4.0,4.0
1007,Koraidon,fighting|dragon,670,98.6,70.8,99.8,100.0,84.4,98.8,99.8,96.6,95.5,99.7,4.0,3.0,4.0,4.0,3.5,4.0,4.0,4.0,4.0,4.0,4.0,4.0
1008,Miraidon,electric|dragon,670,100.0,97.7,87.4,82.9,99.1,82.1,87.4,95.7,95.8,99.6,4.0,4.0,3.5,3.5,4.0,3.5,3.5,4.0,4.0,4.0,4.0,4.0
1009,Walking Wake,water|dragon,590,91.6,94.3,82.2,80.4,88.9,80.9,82.2,93.1,95.7,96.8,4.0,4.0,3.5,3.5,4.0,3.5,3.5,4.0,4.0,4.0,4.0,4.0
1010,Iron Leaves,grass|psychic,590,88.7,56.7,97.7,89.2,88.7,94.7,97.7,78.7,85.5,93.4,4.0,2.5,4.0,4.0,4.0,4.0,4.0,3.5,3.5,4.0,4.0,3.5
1011,Dipplin,grass|dragon,485,18.9,78.8,32.4,30.8,77.5,37.9,32.4,53.1,36.2,29.5,2.0,4.5,2.5,2.5,4.0,2.5,2.5,3.5,2.5,2.5,3.5,3.0
1012,Poltchageist,grass|ghost,308,31.6,60.0,13.8,3.0,42.2,3.7,13.8,3.3,1.0,23.5,3.0,4.0,2.0,1.5,3.5,2.0,2.0,1.5,1.5,2.5,2.5,2.5
1013,Sinistcha,grass|ghost,508,56.3,92.9,41.6,12.7,85.8,15.9,41.6,43.3,20.1,64.6,3.5,5.0,2.5,1.5,4.5,1.5,2.5,3.0,2.0,3.5,3.5,3.0
1014,Okidogi,poison|fighting,555,66.3,39.7,87.5,100.0,58.1,91.9,87.5,93.4,86.2,75.9,3.0,2.0,4.0,4.5,3.0,4.0,4.0,4.0,4.0,3.5,4.0,3.5
1015,Munkidori,poison|psychic,555,90.4,96.4,75.9,50.9,100.0,37.0,75.9,48.5,54.3,87.7,4.0,4.5,3.5,2.5,4.5,2.0,3.5,2.5,2.5,4.0,4.0,3.5
1016,Fezandipiti,poison|fairy,555,84.1,56.7,83.9,72.0,91.3,62.4,83.9,71.6,68.8,85.9,4.0,2.5,4.0,3.5,4.0,3.0,4.0,3.5,3.0,4.0,4.0,3.5
1017,Ogerpon,grass,550,92.7,43.5,97.4,78.9,66.1,78.7,97.4,67.1,65.4,96.2,4.0,2.0,4.5,3.5,3.0,3.5,4.5,3.0,3.0,4.5,3.5,3.5
1018,Archaludon,steel|dragon,600,71.6,94.3,83.7,89.3,74.5,79.5,83.7,100.0,84.8,81.4,3.0,4.0,3.5,4.0,3.5,3.5,3.5,4.5,3.5,3.5,4.0,3.5
1019,Hydrapple,grass|dragon,540,23.0,92.2,35.1,72.4,85.2,70.9,35.1,92.7,90.2,33.2,1.5,4.5,2.0,3.5,4.0,3.5,2.0,4.5,4.5,2.0,3.5,3.5
1020,Gouging Fire,fire|dragon,590,78.2,51.1,91.0,96.0,69.4,95.9,91.0,98.8,98.5,86.4,3.5,2.5,4.0,4.0,3.0,4.0,4.0,4.0,4.0,3.5,4.0,3.5
1021,Raging Bolt,electric|dragon,590,71.9,98.4,55.4,75.2,92.8,75.0,55.4,93.6,99.5,67.5,3.5,4.5,2.5,3.5,4.0,3.5,2.5,4.0,4.5,3.0,4.0,3.5
1022,Iron Boulder,rock|psychic,590,97.1,54.3,98.5,86.1,87.3,93.7,98.5,82.8,86.5,97.8,4.0,2.5,4.0,3.5,3.5,4.0,4.0,3.5,3.5,4.0,4.0,4.0
1023,Iron Crown,steel|psychic,590,83.7,93.1,69.5,64.2,100.0,70.4,69.5,98.0,87.9,90.9,3.5,4.0,3.0,3.0,4.5,3.0,3.0,4.5,4.0,4.0,4.0,3.5
1024,Terapagos,normal,450,43.2,51.1,36.6,16.7,64.4,25.0,36.6,32.8,32.9,50.2,3.0,3.5,2.5,2.0,4.0,2.0,2.5,2.5,2.5,3.0,3.0,3.0
1025,Pecharunt,poison|ghost,600,74.0,73.2,75.6,32.8,79.2,29.3,75.6,54.5,26.9,84.0,3.5,3.5,4.0,2.0,4.0,2.0,4.0,3.0,2.0,4.0,4.0,3.0
10091,Alolan Rattata,dark|normal,253,59.5,2.8,41.0,13.9,3.5,16.2,51.0,2.5,2.7,50.5,4.0,1.5,3.0,2.0,1.5,2.0,3.5,1.5,1.5,3.5,2.0,2.5
10092,Alolan Raticate,dark|normal,413,63.6,16.2,55.8,38.6,39.9,46.3,65.8,41.8,48.3,63.4,3.5,1.5,3.5,2.5,2.5,3.0,3.5,2.5,3.0,3.5,3.0,3.0
10100,Alolan Raichu,electric|psychic,485,100.0,78.8,84.5,49.7,90.9,53.6,84.5,26.2,37.8,83.7,4.5,4.0,4.0,2.5,4.5,3.0,4.0,1.5,2.0,4.0,3.5,3.5
10101,Alolan Sandshrew,ice|steel,300,18.9,0.2,27.7,41.4,1.8,56.1,27.7,66.6,38.9,25.9,2.0,1.5,2.5,3.0,1.5,3.5,2.5,4.0,3.0,2.5,2.5,2.5
10102,Alolan Sandslash,ice|steel,450,49.8,2.8,66.9,71.1,20.2,75.2,66.9,93.3,65.9,61.0,3.0,1.0,3.5,3.5,1.5,4.0,3.5,4.5,3.5,3.5,3.0,3.0
10103,Alolan Vulpix,ice,299,49.8,29.2,23.0,17.1,34.5,15.4,23.0,15.1,15.9,40.2,3.5,2.5,2.5,2.0,3.0,2.0,2.5,2.0,2.0,3.0,2.5,2.5
10104,Alolan Ninetales,ice|fairy,505,91.6,68.0,71.5,48.8,92.9,37.5,71.5,58.6,52.4,92.5,4.5,3.5,3.5,2.5,4.5,2.0,3.5,3.0,2.5,4.5,3.5,3.5
10105,Alolan Diglett,ground|steel,265,76.1,10.3,50.2,8.7,11.0,9.3,50.2,10.3,0.1,63.4,4.5,2.0,3.5,2.0,2.0,2.0,3.5,2.0,1.5,4.0,2.0,2.5
10106,Alolan Dugtrio,ground|steel,425,92.7,29.2,92.5,57.6,39.1,78.9,92.5,43.3,37.0,86.7,4.5,2.0,4.5,3.0,2.5,4.0,4.5,2.5,2.0,4.0,3.0,3.5
10107,Alolan Meowth,dark,290,76.1,29.2,37.9,5.4,16.8,4.5,47.9,5.1,7.1,64.3,4.5,2.5,3.0,1.5,2.0,1.5,3.5,1.5,1.5,4.0,2.0,2.5
10108,Alolan Persian,dark,440,94.7,61.6,66.5,42.4,53.8,41.1,76.5,44.9,52.5,89.5,4.5,3.0,3.5,2.5,3.0,2.5,4.0,2.5,3.0,4.5,3.0,3.0
10109,Alolan Geodude,rock|electric,300,13.0,5.9,21.6,30.8,2.7,49.0,21.6,59.4,18.4,11.1,2.0,2.0,2.5,3.0,1.5,3.5,2.5,4.0,2.5,2.0,2.5,2.5
10110,Alolan Graveler,rock|electric,390,24.0,23.0,39.0,63.2,15.1,82.6,39.0,85.0,56.4,25.1,2.0,2.0,2.5,3.5,1.5,4.5,2.5,4.5,3.5,2.0,2.5,3.0
10111,Alolan Golem,rock|electric,495,35.2,36.3,59.9,90.4,39.1,96.0,59.9,100.0,87.9,37.0,2.0,2.0,3.0,4.5,2.5,4.5,3.0,4.5,4.0,2.0,3.5,3.5
10112,Alolan Grimer,poison|dark,325,5.0,16.2,22.6,44.9,16.0,60.4,32.6,26.2,58.0,2.7,1.5,2.0,2.5,3.0,2.0,4.0,2.5,2.5,4.0,1.5,2.5,2.5
10113,Alolan Muk,poison|dark,500,31.6,51.1,58.3,68.7,73.3,77.7,68.3,55.4,72.7,34.1,2.0,3.0,3.0,3.5,4.0,4.0,3.5,3.0,3.5,2.0,3.5,3.0
10114,Alolan Exeggutor,grass|dragon,530,25.2,94.3,53.8,94.3,82.6,93.1,53.8,90.8,96.8,30.7,1.5,4.5,2.5,4.5,4.0,4.5,2.5,4.0,4.5,2.0,3.5,3.5
10115,Alolan Marowak,fire|ghost,425,25.2,29.2,35.7,53.6,45.7,57.4,35.7,74.1,47.3,35.6,2.0,2.5,2.5,3.5,3.0,3.5,2.5,4.0,3.0,2.5,3.0,3.0
10161,Galarian Meowth,steel,290,18.9,16.2,20.8,23.2,9.9,25.9,20.8,27.3,14.0,14.4,2.5,2.5,2.5,2.5,2.0,2.5,2.5,2.5,2.0,2.0,2.0,2.5
10162,Galarian Ponyta,psychic,410,76.1,51.1,74.9,52.3,58.0,55.3,74.9,32.0,35.5,70.4,4.0,3.0,4.0,3.0,3.0,3.0,4.0,2.0,2.5,3.5,3.0,3.0
10163,Galarian Rapidash,psychic|fairy,500,89.5,65.7,91.2,82.0,80.1,81.1,91.2,70.1,71.4,88.2,4.0,3.0,4.0,3.5,3.5,3.5,4.0,3.0,3.0,4.0,3.5,3.5
10164,Galarian Slowpoke,psychic,315,1.5,16.2,11.6,50.2,19.9,47.5,11.6,54.0,68.6,3.5,1.5,2.0,2.0,3.5,2.0,3.5,2.0,3.5,4.0,1.5,2.5,2.5
10165,Galarian Slowbro,poison|psychic,490,8.7,83.4,38.8,80.0,82.6,79.2,38.8,85.1,83.5,15.9,1.0,4.0,2.5,4.0,4.0,4.0,2.5,4.0,4.0,1.5,3.5,3.0
10166,Galarian Farfetch’d,fighting,377,36.8,39.7,55.5,67.9,36.5,69.1,55.5,32.0,42.1,32.6,2.5,2.5,3.5,4.0,2.5,4.0,3.5,2.5,2.5,2.5,2.5,3.0
10167,Galarian Weezing,poison|fairy,490,43.2,70.8,56.5,84.9,74.6,52.8,56.5,98.3,60.8,55.5,2.5,3.5,3.0,4.0,3.5,3.0,3.0,4.5,3.0,3.0,3.5,3.5
10168,Galarian Mr. Mime,ice|psychic,460,85.9,74.7,65.6,54.1,91.8,54.9,65.6,59.0,54.8,82.2,4.0,3.5,3.0,3.0,4.5,3.0,3.0,3.0,3.0,4.0,3.0,3.5
10169,Galarian Articuno,psychic|flying,580,81.0,94.3,77.8,84.7,100.0,66.9,77.8,81.3,80.4,83.5,3.5,4.0,3.5,3.5,4.5,3.0,3.5,3.5,3.5,3.5,4.0,3.5
10170,Galarian Zapdos,fighting|flying,580,85.9,70.8,95.8,100.0,79.6,87.2,95.8,82.2,80.8,90.6,3.5,3.0,4.0,4.5,3.5,4.0,4.0,3.5,3.5,4.0,4.0,3.5
10171,Galarian Moltres,dark|flying,580,76.1,83.4,74.9,88.7,96.0,70.5,84.9,88.4,86.0,80.5,3.5,3.5,3.5,4.0,4.0,3.0,3.5,4.0,4.0,3.5,4.0,3.5
10172,Galarian Slowking,poison|psychic,490,8.7,89.0,14.7,62.9,100.0,59.6,14.7,80.5,87.2,12.4,1.5,4.5,1.5,3.5,5.0,3.5,1.5,4.0,4.5,1.5,3.5,3.0
10173,Galarian Corsola,ghost,410,8.7,51.1,9.4,24.1,73.3,7.9,9.4,58.3,20.3,17.1,2.0,3.5,2.0,2.5,4.5,2.0,2.0,4.0,2.5,2.0,3.0,2.5
10174,Galarian Zigzagoon,dark|normal,240,43.2,5.9,15.5,4.5,7.3,18.1,25.5,8.4,13.9,34.5,3.5,2.0,2.5,2.0,2.0,2.5,2.5,2.0,2.0,3.0,2.0,2.5
10175,Galarian Linoone,dark|normal,420,85.9,29.2,69.0,28.7,32.2,49.4,79.0,27.1,46.7,81.6,4.5,2.0,3.5,2.0,2.0,3.0,4.0,2.0,3.0,4.0,3.0,3.0
10176,Galarian Darumaka,ice,315,31.6,0.6,48.1,52.4,6.6,66.2,48.1,21.7,50.0,23.5,2.5,1.5,3.0,3.5,1.5,4.0,3.0,2.0,3.5,2.0,2.5,2.5
10177,Galarian Darmanitan,ice,480,81.0,5.9,96.1,94.2,13.9,95.7,96.1,56.9,90.9,75.0,4.0,1.0,4.5,4.5,1.0,4.5,4.5,3.0,4.0,3.5,3.0,3.5
10179,Galarian Yamask,ground|ghost,303,8.7,5.9,9.4,20.1,20.9,10.6,9.4,44.0,5.6,14.0,2.0,2.0,2.0,2.5,2.5,2.0,2.0,3.5,2.0,2.5,2.5,2.5
10180,Galarian Stunfisk,ground|steel,471,11.4,53.9,29.0,46.9,65.3,50.5,29.0,70.8,58.6,18.3,1.5,3.5,2.5,3.0,3.5,3.0,2.5,4.0,3.5,2.0,3.0,3.0
10229,Hisuian Growlithe,fire|rock,350,36.8,51.1,39.7,44.5,33.9,46.8,39.7,33.8,39.8,28.9,2.5,3.5,3.0,3.0,2.5,3.0,3.0,2.5,3.0,2.5,2.5,3.0
10230,Hisuian Arcanine,fire|rock,555,76.1,78.8,89.2,92.4,77.5,92.2,89.2,92.9,92.5,78.0,3.5,3.5,4.0,4.0,3.5,4.0,4.0,4.0,4.0,3.5,4.0,3.5
10231,Hisuian Voltorb,electric|grass,330,95.9,36.3,43.5,8.2,30.2,14.5,43.5,17.8,17.0,77.5,5.0,2.5,3.0,1.5,2.5,2.0,3.0,2.0,2.0,4.5,2.5,3.0
10232,Hisuian Electrode,electric|grass,490,100.0,65.7,62.0,37.3,70.1,46.9,62.0,57.7,59.5,97.4,4.5,3.5,3.0,2.0,3.5,2.5,3.0,3.0,3.0,4.5,3.5,3.5
10233,Hisuian Typhlosion,fire|ghost,534,81.0,91.6,76.3,71.6,88.8,69.3,76.3,73.7,73.9,81.9,3.5,4.0,3.5,3.5,4.0,3.0,3.5,3.5,3.5,3.5,3.5,3.5
10234,Hisuian Qwilfish,dark|poison,440,71.6,36.3,79.1,46.6,30.2,39.6,89.1,44.0,24.7,75.4,4.0,2.5,4.0,3.0,2.0,2.5,4.5,2.5,2.0,4.0,3.0,3.0
10235,Hisuian Sneasel,fighting|poison,430,94.7,10.3,91.7,69.6,32.0,61.8,100.0,35.4,39.5,87.8,4.5,1.0,4.5,3.5,2.0,3.0,5.0,2.0,2.5,4.5,3.0,3.0
10236,Hisuian Samurott,water|dark,528,71.6,83.4,84.4,81.3,67.1,80.3,94.4,72.8,79.2,74.4,3.5,4.0,4.0,3.5,3.0,3.5,4.0,3.5,3.5,3.5,3.5,3.5
10237,Hisuian Lilligant,grass|fighting,480,89.5,29.2,93.3,83.6,42.6,62.5,93.3,61.2,51.9,90.1,4.0,2.0,4.5,4.0,2.5,3.0,4.5,3.0,2.5,4.0,3.0,3.5
10238,Hisuian Zorua,normal|ghost,330,56.3,70.8,41.6,29.2,36.5,27.8,41.6,18.9,21.8,48.1,3.5,4.0,3.0,2.5,2.5,2.5,3.0,2.0,2.0,3.0,2.5,3.0
10239,Hisuian Zoroark,normal|ghost,510,92.7,94.3,92.5,80.0,70.7,79.4,92.5,59.5,62.0,86.7,4.0,4.0,4.0,3.5,3.0,3.5,4.0,3.0,3.0,4.0,3.5,3.5
10240,Hisuian Braviary,psychic|flying,510,49.8,90.2,55.7,82.6,86.0,63.2,55.7,70.1,83.9,52.6,2.5,4.0,3.0,4.0,4.0,3.0,3.0,3.5,4.0,2.5,3.5,3.5
10241,Hisuian Sliggoo,steel|dragon,452,18.9,68.9,27.7,41.4,88.2,64.7,27.7,63.0,46.5,24.1,2.0,4.0,2.0,2.5,4.5,3.5,2.0,3.5,3.0,2.0,3.0,3.0
10242,Hisuian Goodra,steel|dragon,600,43.2,89.0,63.1,82.0,98.1,91.2,63.1,99.3,88.1,53.5,2.0,4.0,3.0,3.5,4.5,4.0,3.0,4.5,4.0,2.5,4.0,3.5
10243,Hisuian Avalugg,ice|rock,514,16.5,8.4,57.0,85.8,4.6,97.4,57.0,100.0,88.2,29.7,1.5,1.0,3.0,4.5,1.0,5.0,3.0,5.0,4.5,2.0,3.5,3.0
10244,Hisuian Decidueye,grass|fighting,530,43.2,78.8,68.5,95.9,87.9,74.6,68.5,76.6,74.7,48.9,2.5,3.5,3.5,4.5,4.0,3.5,3.5,3.5,3.5,2.5,3.5,3.5
10250,Paldean Tauros (Combat Breed),fighting,490,85.9,5.9,92.8,89.7,25.9,89.7,92.8,84.4,77.1,94.8,4.0,1.0,4.0,4.0,1.5,4.0,4.0,4.0,3.5,4.5,3.5,3.5
10251,Paldean Tauros (Blaze Breed),fighting|fire,490,85.9,5.9,92.8,89.7,25.9,87.4,92.8,84.4,73.7,94.8,4.0,1.0,4.0,4.0,1.5,4.0,4.0,4.0,3.5,4.5,3.5,3.5
10252,Paldean Tauros (Aqua Breed),fighting|water,490,85.9,5.9,92.8,89.7,25.9,89.5,92.8,84.4,76.8,94.8,4.0,1.0,4.0,4.0,1.5,4.0,4.0,4.0,3.5,4.5,3.5,3.5
10253,Paldean Wooper,poison|ground,210,1.5,2.8,2.8,9.5,0.9,18.3,2.8,10.2,22.1,1.2,2.0,2.0,2.0,2.0,2.0,2.5,2.0,2.5,2.5,2.0,2.0,2.0
