PLAYER_ID,PLAYER_NAME,league,season,role,POSITION,GP,MIN,PTS,AST,REB,STL,BLK,TOV,FGA,FTA,FG3A,USG_PCT,RIM_RATE,PAINT_NON_RA_RATE,MIDRANGE_RATE,THREE_ZONE_RATE,THREE_RATE,FT_RATE,OREB_PCT,DREB_PCT
1630639,A.J. Lawson,NBA,2024-25,Guard,G,26,18.7,9.1,1.2,3.3,0.5,0.2,0.6,7.3,2.4,3.9,0.189,0.3631578947368421,0.0894736842105263,0.0157894736842105,0.531578947368421,0.531578947368421,0.331578947368421,0.036,0.128
1631260,AJ Green,NBA,2024-25,Guard,G,73,22.7,7.4,1.5,2.4,0.5,0.1,0.5,5.8,0.4,5.0,0.123,0.0306603773584905,0.025943396226415,0.0872641509433962,0.8561320754716981,0.8561320754716981,0.0636792452830188,0.011,0.087
1642358,AJ Johnson,NBA,2024-25,Guard,G,29,22.0,7.6,2.6,2.0,0.4,0.1,1.2,7.3,1.3,3.1,0.173,0.3708920187793427,0.1830985915492957,0.0234741784037558,0.4225352112676056,0.4225352112676056,0.1737089201877934,0.011,0.073
203932,Aaron Gordon,NBA,2024-25,Wing,F,51,28.4,14.7,3.2,4.8,0.5,0.3,1.4,9.7,3.5,3.4,0.186,0.4325955734406438,0.1167002012072434,0.1046277665995975,0.3460764587525151,0.3460764587525151,0.3601609657947686,0.06,0.109
1628988,Aaron Holiday,NBA,2024-25,Guard,G,62,12.8,5.5,1.3,1.3,0.3,0.2,0.6,4.3,0.7,2.9,0.162,0.0820895522388059,0.1604477611940298,0.0820895522388059,0.6753731343283582,0.6753731343283582,0.1529850746268656,0.015,0.073
1630174,Aaron Nesmith,NBA,2024-25,Wing,G-F,45,24.9,12.0,1.2,4.0,0.8,0.4,0.8,8.4,1.8,4.3,0.171,0.2638522427440633,0.1345646437994723,0.0870712401055409,0.5145118733509235,0.5145118733509235,0.2110817941952506,0.034,0.118
1630598,Aaron Wiggins,NBA,2024-25,Guard,G,76,22.9,12.0,1.8,3.9,0.8,0.2,0.9,9.6,1.2,4.5,0.2,0.3296703296703296,0.1552197802197802,0.0494505494505494,0.4656593406593406,0.4656593406593406,0.1222527472527472,0.046,0.113
1641745,Adam Flagler,NBA,2024-25,Guard,G,37,5.5,1.8,0.3,0.7,0.2,0.1,0.1,2.6,0.1,1.9,0.207,0.0625,0.0833333333333333,0.1041666666666666,0.75,0.75,0.0208333333333333,0.029,0.086
1641766,Adama Sanogo,NBA,2024-25,,,4,5.4,2.0,0.3,1.5,0.0,0.0,0.3,1.8,0.0,0.0,0.145,0.7142857142857143,0.2857142857142857,0.0,0.0,0.0,0.0,0.217,0.053
1641737,Adem Bona,NBA,2024-25,Wing,F,58,15.6,5.8,0.5,4.2,0.4,1.2,1.1,3.3,1.7,0.0,0.135,0.8489583333333334,0.1354166666666666,0.0104166666666666,0.0052083333333333,0.0052083333333333,0.5208333333333334,0.097,0.164
1642349,Ajay Mitchell,NBA,2024-25,Guard,G,36,16.6,6.5,1.8,1.9,0.7,0.1,0.8,5.1,1.0,1.7,0.159,0.2934782608695652,0.3043478260869565,0.0760869565217391,0.3260869565217391,0.3260869565217391,0.1902173913043478,0.028,0.08
201143,Al Horford,NBA,2024-25,Big,C-F,60,27.6,9.0,2.1,6.2,0.6,0.9,0.8,7.7,0.6,5.2,0.136,0.1648590021691974,0.1279826464208243,0.0260303687635574,0.6811279826464208,0.6811279826464208,0.0824295010845987,0.046,0.165
202692,Alec Burks,NBA,2024-25,Guard,G,49,17.6,7.3,1.1,2.5,0.6,0.1,0.6,5.5,1.0,4.2,0.16,0.070110701107011,0.0996309963099631,0.066420664206642,0.7638376383763837,0.7638376383763837,0.1808118081180811,0.018,0.119
1627936,Alex Caruso,NBA,2024-25,Guard,G,54,19.3,7.1,2.5,2.9,1.6,0.6,0.7,5.8,0.9,3.1,0.147,0.3471337579617834,0.0796178343949044,0.0318471337579617,0.5414012738853503,0.5414012738853503,0.1624203821656051,0.035,0.108
1642505,Alex Ducas,NBA,2024-25,Guard,G,21,6.0,1.7,0.2,1.2,0.2,0.0,0.2,1.4,0.1,1.0,0.115,0.1333333333333333,0.1,0.0666666666666666,0.7,0.7,0.0666666666666666,0.06,0.119
203458,Alex Len,NBA,2024-25,Big,C,46,8.3,1.6,0.8,2.1,0.2,0.5,0.4,1.4,0.4,0.2,0.101,0.4444444444444444,0.3492063492063492,0.0634920634920634,0.1428571428571428,0.1428571428571428,0.2698412698412698,0.094,0.142
1642024,Alex Reese,NBA,2024-25,Big,F-C,15,14.4,5.1,0.3,3.1,0.7,0.7,0.4,3.6,0.8,2.7,0.123,0.1666666666666666,0.0555555555555555,0.0185185185185185,0.7592592592592593,0.7592592592592593,0.2222222222222222,0.041,0.161
1642259,Alex Sarr,NBA,2024-25,Big,C,67,27.1,13.0,2.4,6.5,0.7,1.5,1.7,12.4,2.5,5.1,0.23,0.2318840579710145,0.2681159420289855,0.0881642512077294,0.4118357487922705,0.4118357487922705,0.1992753623188405,0.06,0.158
1631214,Alondes Williams,NBA,2024-25,,,1,3.7,5.0,1.0,0.0,0.0,0.0,0.0,2.0,0.0,1.0,0.286,,,,,,,0.0,0.0
1630578,Alperen Sengun,NBA,2024-25,Big,C,76,31.5,19.1,4.9,10.3,1.1,0.8,2.6,15.0,5.6,1.2,0.259,0.42082239720035,0.4076990376202974,0.0927384076990376,0.0787401574803149,0.0787401574803149,0.3744531933508311,0.099,0.21
1641708,Amen Thompson,NBA,2024-25,Wing,G-F,69,32.3,14.1,3.8,8.2,1.4,1.3,2.0,10.1,3.6,1.3,0.172,0.5121951219512195,0.2596843615494978,0.0975609756097561,0.1305595408895265,0.1305595408895265,0.3543758967001434,0.078,0.159
1629599,Amir Coffey,NBA,2024-25,Wing,G-F,72,24.3,9.7,1.1,2.2,0.6,0.1,0.6,7.1,1.8,3.4,0.15,0.2078431372549019,0.1862745098039215,0.1215686274509803,0.4843137254901961,0.4843137254901961,0.2529411764705882,0.019,0.072
203083,Andre Drummond,NBA,2024-25,Big,C,40,18.8,7.3,0.9,7.8,1.0,0.5,1.4,5.9,2.3,0.5,0.183,0.6495726495726496,0.2264957264957265,0.0384615384615384,0.0854700854700854,0.0854700854700854,0.3846153846153846,0.134,0.288
1641748,Andre Jackson Jr.,NBA,2024-25,Guard,G,67,14.6,3.4,1.2,2.7,0.5,0.2,0.9,2.9,0.4,1.1,0.115,0.3959390862944162,0.1675126903553299,0.0507614213197969,0.3857868020304568,0.3857868020304568,0.1218274111675127,0.066,0.114
1629614,Andrew Nembhard,NBA,2024-25,Wing,G-F,65,28.9,10.0,5.0,3.3,1.2,0.2,1.7,8.3,2.1,2.7,0.163,0.2207792207792207,0.2282003710575139,0.2263450834879406,0.3246753246753247,0.3246753246753247,0.2523191094619666,0.018,0.093
203952,Andrew Wiggins,NBA,2024-25,Wing,F,60,30.7,18.0,2.6,4.5,1.0,0.8,1.7,14.0,4.3,5.8,0.238,0.2312276519666269,0.2419547079856972,0.1120381406436233,0.4147794994040524,0.4147794994040524,0.3063170441001192,0.045,0.095
1629014,Anfernee Simons,NBA,2024-25,Guard,G,70,32.7,19.3,4.8,2.7,0.9,0.1,2.0,16.1,2.8,8.5,0.241,0.1662222222222222,0.1822222222222222,0.1244444444444444,0.5271111111111111,0.5271111111111111,0.1724444444444444,0.01,0.069
1641710,Anthony Black,NBA,2024-25,Guard,G,78,24.2,9.4,3.1,2.9,1.1,0.6,1.8,7.9,2.5,2.5,0.19,0.3467741935483871,0.2483870967741935,0.0903225806451612,0.314516129032258,0.314516129032258,0.317741935483871,0.026,0.1
203076,Anthony Davis,NBA,2024-25,Big,F-C,51,33.4,24.7,3.5,11.6,1.2,2.2,2.2,17.8,7.2,2.4,0.301,0.3604395604395604,0.2989010989010989,0.2043956043956044,0.1362637362637362,0.1362637362637362,0.4054945054945055,0.083,0.254
1630162,Anthony Edwards,NBA,2024-25,Guard,G,79,36.3,27.6,4.5,5.7,1.2,0.6,3.2,20.4,6.3,10.3,0.307,0.2251861042183622,0.141439205955335,0.130272952853598,0.5031017369727047,0.5031017369727047,0.3076923076923077,0.021,0.131
1630264,Anthony Gill,NBA,2024-25,Wing,F,51,7.8,2.5,0.3,1.3,0.2,0.0,0.2,1.7,1.0,0.6,0.124,0.3636363636363636,0.2613636363636363,0.0227272727272727,0.3522727272727273,0.3522727272727273,0.5681818181818182,0.042,0.111
1641817,Anton Watson,NBA,2024-25,Wing,F,9,2.5,0.9,0.2,0.3,0.1,0.0,0.2,1.0,0.0,0.1,0.193,0.4444444444444444,0.3333333333333333,0.1111111111111111,0.1111111111111111,0.1111111111111111,0.0,0.05,0.118
1641810,Antonio Reeves,NBA,2024-25,Guard,G,44,15.0,6.9,0.9,1.4,0.5,0.1,0.7,5.6,0.8,2.9,0.183,0.2217741935483871,0.1733870967741935,0.0846774193548387,0.5201612903225806,0.5201612903225806,0.1411290322580645,0.026,0.07
1630574,Ariel Hukporti,NBA,2024-25,Big,C,25,8.7,1.9,0.4,2.0,0.0,0.6,0.8,1.2,0.5,0.0,0.113,0.7419354838709677,0.2580645161290322,0.0,0.0,0.0,0.4193548387096774,0.066,0.151
1642422,Armel Traore,NBA,2024-25,,,9,7.4,1.6,0.1,1.7,0.4,0.2,0.3,2.1,0.8,0.8,0.153,0.5263157894736842,0.1052631578947368,0.0,0.3684210526315789,0.3684210526315789,0.3684210526315789,0.026,0.228
1641709,Ausar Thompson,NBA,2024-25,Wing,G-F,59,22.5,10.1,2.3,5.1,1.7,0.7,1.4,7.8,2.4,0.8,0.185,0.6130434782608696,0.2543478260869565,0.0260869565217391,0.1065217391304347,0.1065217391304347,0.308695652173913,0.081,0.139
1630559,Austin Reaves,NBA,2024-25,Guard,G,73,34.9,20.2,5.8,4.5,1.1,0.3,2.4,14.2,5.0,7.3,0.23,0.1938283510125361,0.2324011571841851,0.0617164898746383,0.5120540019286403,0.5120540019286403,0.3529411764705882,0.025,0.101
1630245,Ayo Dosunmu,NBA,2024-25,Guard,G,46,30.3,12.3,4.5,3.5,0.9,0.4,1.5,9.8,1.7,4.1,0.163,0.4231625835189309,0.1380846325167037,0.0178173719376391,0.4209354120267261,0.4209354120267261,0.1759465478841871,0.018,0.09
1628389,Bam Adebayo,NBA,2024-25,Big,C-F,78,34.3,18.1,4.3,9.6,1.3,0.7,2.1,14.3,4.2,2.8,0.232,0.2398921832884097,0.398921832884097,0.1626235399820305,0.1985624438454627,0.1985624438454627,0.2946990116801437,0.069,0.214
1631248,Baylor Scheierman,NBA,2024-25,Guard,G,31,12.4,3.6,1.1,2.1,0.5,0.1,0.4,3.5,0.4,2.6,0.143,0.109090909090909,0.0909090909090909,0.0545454545454545,0.7454545454545455,0.7454545454545455,0.109090909090909,0.048,0.117
1641767,Ben Sheppard,NBA,2024-25,Guard,G,63,19.5,5.3,1.3,2.8,0.6,0.2,0.3,4.6,0.4,3.2,0.108,0.2090592334494773,0.0627177700348432,0.0348432055749128,0.6933797909407665,0.6933797909407665,0.0940766550522648,0.035,0.106
1627732,Ben Simmons,NBA,2024-25,Wing,G-F,51,22.0,5.0,5.6,4.7,0.7,0.5,2.0,4.4,0.6,0.0,0.133,0.4887892376681614,0.4663677130044843,0.0448430493273542,0.0,0.0,0.147982062780269,0.043,0.184
1631097,Bennedict Mathurin,NBA,2024-25,Wing,G-F,72,29.9,16.1,1.9,5.3,0.7,0.3,1.9,11.8,4.6,4.0,0.222,0.3446658851113716,0.1899179366940211,0.1277842907385697,0.3376318874560375,0.3376318874560375,0.3892145369284877,0.041,0.133
1641731,Bilal Coulibaly,NBA,2024-25,Guard,G,59,33.0,12.3,3.4,5.0,1.3,0.7,2.1,10.6,3.1,3.8,0.175,0.3173076923076923,0.2243589743589743,0.0993589743589743,0.358974358974359,0.358974358974359,0.296474358974359,0.043,0.098
202687,Bismack Biyombo,NBA,2024-25,Big,C,28,18.8,5.1,1.1,5.6,0.6,0.8,1.0,4.1,0.9,0.0,0.124,0.5175438596491229,0.4473684210526316,0.0350877192982456,0.0,0.0,0.219298245614035,0.08,0.207
1631104,Blake Wesley,NBA,2024-25,Guard,G,58,11.8,3.7,2.0,1.1,0.6,0.1,0.9,3.2,1.1,1.0,0.165,0.489247311827957,0.1236559139784946,0.075268817204301,0.3118279569892473,0.3118279569892473,0.3279569892473118,0.025,0.062
1626171,Bobby Portis Jr.,NBA,2024-25,Wing,F,49,25.4,13.9,2.1,8.4,0.7,0.5,1.2,12.1,1.5,3.6,0.234,0.215126050420168,0.2,0.2857142857142857,0.2991596638655462,0.2991596638655462,0.1226890756302521,0.071,0.235
1641752,Bobi Klintman,NBA,2024-25,Wing,F,8,5.3,1.9,0.9,0.9,0.3,0.1,0.1,1.3,0.3,0.6,0.121,0.2,0.2,0.1,0.5,0.5,0.2,0.024,0.182
203992,Bogdan Bogdanović,NBA,2024-25,Guard,G,54,25.0,10.8,2.7,2.9,0.8,0.2,1.4,9.1,1.2,5.4,0.183,0.1382113821138211,0.1666666666666666,0.1077235772357723,0.5873983739837398,0.5873983739837398,0.1341463414634146,0.017,0.098
1629626,Bol Bol,NBA,2024-25,Big,C-F,36,12.5,6.8,0.6,2.9,0.3,0.7,0.6,5.1,0.7,2.6,0.204,0.1147540983606557,0.1693989071038251,0.2076502732240437,0.5081967213114754,0.5081967213114754,0.1420765027322404,0.047,0.168
1630538,Bones Hyland,NBA,2024-25,Guard,G,24,9.9,6.2,1.3,1.0,0.8,0.2,1.0,4.9,1.1,3.4,0.274,0.1271186440677966,0.0677966101694915,0.1101694915254237,0.6949152542372882,0.6949152542372882,0.2203389830508474,0.02,0.083
203078,Bradley Beal,NBA,2024-25,Guard,G,53,32.1,17.0,3.7,3.3,1.1,0.5,1.9,13.1,2.6,5.0,0.219,0.1916426512968299,0.2363112391930835,0.1916426512968299,0.3804034582132565,0.3804034582132565,0.1974063400576368,0.021,0.083
1642382,Branden Carlson,NBA,2024-25,Big,C,32,7.7,3.8,0.4,1.7,0.2,0.7,0.2,3.0,0.6,2.1,0.185,0.1855670103092783,0.1030927835051546,0.0309278350515463,0.6804123711340206,0.6804123711340206,0.1855670103092783,0.064,0.131
1641764,Brandin Podziemski,NBA,2024-25,Guard,G,64,26.8,11.7,3.4,5.1,1.1,0.2,1.2,9.8,1.5,4.8,0.177,0.1605723370429252,0.2209856915739268,0.1271860095389507,0.4912559618441971,0.4912559618441971,0.151033386327504,0.034,0.151
1630527,Brandon Boston Jr.,NBA,2024-25,Guard,G,42,23.6,10.7,2.2,3.2,1.3,0.2,1.2,9.1,2.0,3.3,0.199,0.2703412073490813,0.1574803149606299,0.2047244094488189,0.3674540682414698,0.3674540682414698,0.2230971128608924,0.026,0.107
1629634,Brandon Clarke,NBA,2024-25,Wing,F,64,18.9,8.3,1.0,5.1,0.8,0.6,0.6,5.9,1.4,0.3,0.15,0.4921052631578947,0.4210526315789473,0.0421052631578947,0.0447368421052631,0.0447368421052631,0.2289473684210526,0.102,0.148
1627742,Brandon Ingram,NBA,2024-25,Wing,F,18,33.1,22.2,5.2,5.6,0.9,0.6,3.8,18.5,3.1,6.4,0.305,0.1591591591591591,0.1921921921921922,0.3033033033033033,0.3453453453453453,0.3453453453453453,0.1651651651651651,0.027,0.14
1641706,Brandon Miller,NBA,2024-25,Wing,F,27,34.2,21.0,3.6,4.9,1.1,0.7,2.8,18.2,2.9,10.9,0.27,0.1323828920570264,0.1832993890020366,0.0875763747454175,0.5967413441955194,0.5967413441955194,0.1608961303462321,0.024,0.117
1630314,Brandon Williams,NBA,2024-25,Guard,G,33,14.8,8.3,2.3,1.8,0.7,0.2,1.2,5.7,2.0,1.8,0.218,0.425531914893617,0.175531914893617,0.0797872340425532,0.3191489361702128,0.3191489361702128,0.351063829787234,0.025,0.091
1630296,Braxton Key,NBA,2024-25,Wing,F,3,3.6,1.0,0.0,0.7,0.7,0.0,0.3,1.3,2.0,0.3,0.222,,,,,,,0.077,0.167
1641729,Brice Sensabaugh,NBA,2024-25,Wing,F,71,20.2,10.9,1.5,3.0,0.6,0.1,1.5,8.4,1.0,5.2,0.208,0.1035058430717863,0.1886477462437395,0.0868113522537562,0.6210350584307178,0.6210350584307178,0.1218697829716193,0.028,0.11
1642355,Bronny James,NBA,2024-25,Guard,G,27,6.7,2.3,0.8,0.7,0.3,0.1,0.5,2.5,0.5,1.2,0.199,0.1044776119402985,0.3134328358208955,0.1044776119402985,0.4776119402985074,0.4776119402985074,0.208955223880597,0.021,0.076
201572,Brook Lopez,NBA,2024-25,Big,C,80,31.8,13.0,1.8,5.0,0.6,1.9,1.1,9.7,1.7,4.7,0.157,0.2571059431524548,0.1808785529715762,0.0801033591731266,0.4819121447028424,0.4819121447028424,0.1782945736434108,0.046,0.107
1628971,Bruce Brown,NBA,2024-25,Wing,G-F,41,22.5,8.3,2.0,4.0,0.8,0.2,1.0,7.5,1.6,2.0,0.169,0.3203883495145631,0.3333333333333333,0.0841423948220064,0.2621359223300971,0.2621359223300971,0.2103559870550161,0.04,0.134
1628981,Bruno Fernando,NBA,2024-25,,,17,8.6,3.4,1.1,3.0,0.2,0.5,0.8,2.9,0.5,0.0,0.182,0.6938775510204082,0.2244897959183673,0.0816326530612244,0.0,0.0,0.1632653061224489,0.127,0.21
1631121,Bryce McGowens,NBA,2024-25,Guard,G,13,2.5,1.0,0.2,0.2,0.1,0.0,0.3,1.1,0.5,0.3,0.244,0.1428571428571428,0.5,0.0714285714285714,0.2857142857142857,0.2857142857142857,0.4285714285714285,0.056,0.034
1642267,Bub Carrington,NBA,2024-25,Guard,G,82,30.0,9.8,4.4,4.2,0.7,0.3,1.7,9.1,1.0,5.0,0.154,0.1229946524064171,0.141711229946524,0.1911764705882352,0.5441176470588235,0.5441176470588235,0.1136363636363636,0.012,0.117
1627741,Buddy Hield,NBA,2024-25,Guard,G,82,22.7,11.1,1.6,3.2,0.8,0.3,1.1,9.6,0.8,6.7,0.196,0.1424936386768447,0.0916030534351145,0.0674300254452926,0.6984732824427481,0.6984732824427481,0.0814249363867684,0.025,0.111
203468,CJ McCollum,NBA,2024-25,Guard,G,56,32.7,21.1,4.1,3.8,0.8,0.4,1.9,17.9,3.1,8.2,0.266,0.187,0.219,0.135,0.459,0.459,0.173,0.022,0.091
1630595,Cade Cunningham,NBA,2024-25,Guard,G,70,35.0,26.1,9.1,6.1,1.0,0.8,4.4,20.8,5.3,6.0,0.323,0.2498284145504461,0.3315030885380919,0.1310912834591626,0.2875772134522992,0.2868908716540837,0.2539464653397392,0.023,0.147
1631216,Caleb Houstan,NBA,2024-25,Guard,G,58,13.6,4.1,0.6,1.3,0.4,0.1,0.2,3.3,0.3,2.8,0.115,0.0578947368421052,0.0421052631578947,0.0578947368421052,0.8421052631578947,0.8421052631578947,0.0894736842105263,0.023,0.073
1628997,Caleb Martin,NBA,2024-25,Wing,F,45,27.1,7.9,2.1,3.9,1.0,0.5,1.2,6.8,2.2,2.3,0.143,0.2828947368421052,0.1776315789473684,0.2006578947368421,0.3388157894736842,0.3388157894736842,0.3223684210526316,0.042,0.105
1642353,Cam Christie,NBA,2024-25,Guard,G,13,4.5,1.4,0.5,0.9,0.4,0.1,0.2,1.8,0.3,1.0,0.192,0.3333333333333333,0.0833333333333333,0.0416666666666666,0.5416666666666666,0.5416666666666666,0.1666666666666666,0.051,0.141
1629629,Cam Reddish,NBA,2024-25,Wing,,33,17.9,3.2,0.7,2.0,1.0,0.3,0.4,2.8,0.8,1.4,0.084,0.3191489361702128,0.1489361702127659,0.0319148936170212,0.5,0.5,0.2765957446808511,0.029,0.081
1642285,Cam Spencer,NBA,2024-25,Guard,G,25,10.1,4.2,1.4,1.2,0.4,0.0,0.2,3.3,0.8,2.1,0.148,0.1097560975609756,0.1463414634146341,0.1097560975609756,0.6341463414634146,0.6341463414634146,0.2317073170731707,0.043,0.07
1630560,Cam Thomas,NBA,2024-25,Guard,G,25,31.2,24.0,3.8,3.3,0.6,0.1,2.5,18.2,6.0,7.8,0.328,0.1762114537444934,0.2048458149779735,0.1894273127753304,0.4295154185022026,0.4295154185022026,0.3325991189427312,0.02,0.089
1641715,Cam Whitmore,NBA,2024-25,Wing,F,51,16.2,9.4,1.0,3.0,0.6,0.3,0.9,7.9,1.4,3.6,0.231,0.3027295285359802,0.1637717121588089,0.0794044665012407,0.4540942928039702,0.4540942928039702,0.1786600496277915,0.039,0.139
1629661,Cameron Johnson,NBA,2024-25,Wing,F,57,31.6,18.8,3.4,4.3,0.9,0.4,1.7,13.1,3.9,7.2,0.224,0.2248995983935743,0.1231593038821954,0.1057563587684069,0.5461847389558233,0.5461847389558233,0.3012048192771084,0.03,0.113
1626166,Cameron Payne,NBA,2024-25,Guard,G,72,15.1,6.9,2.8,1.4,0.5,0.2,0.7,6.2,0.8,3.6,0.2,0.1704035874439461,0.1928251121076233,0.0627802690582959,0.5739910313901345,0.5739910313901345,0.1210762331838565,0.013,0.081
1627747,Caris LeVert,NBA,2024-25,Guard,G,64,24.9,12.1,3.4,3.2,0.9,0.5,1.2,9.4,2.4,4.4,0.191,0.3255425709515859,0.1502504173622704,0.0500834724540901,0.4741235392320534,0.4741235392320534,0.2587646076794658,0.026,0.096
1641717,Cason Wallace,NBA,2024-25,Guard,G,68,27.6,8.4,2.5,3.4,1.8,0.5,0.9,7.2,0.5,3.1,0.124,0.3292433537832311,0.1983640081799591,0.0470347648261758,0.4253578732106339,0.4253578732106339,0.0756646216768916,0.036,0.079
1629646,Charles Bassey,NBA,2024-25,Big,C-F,36,10.4,4.4,0.5,4.2,0.4,0.8,0.6,3.3,0.9,0.0,0.164,0.6923076923076923,0.2735042735042735,0.0341880341880341,0.0,0.0,0.282051282051282,0.133,0.24
1631096,Chet Holmgren,NBA,2024-25,Big,C-F,32,27.4,15.0,2.0,8.0,0.7,2.2,1.8,10.7,4.2,3.6,0.214,0.3577712609970674,0.2228739002932551,0.0791788856304985,0.3401759530791788,0.3401759530791788,0.3929618768328445,0.054,0.208
1628449,Chris Boucher,NBA,2024-25,Wing,F,50,17.2,10.0,0.7,4.5,0.5,0.5,0.6,7.4,1.7,3.9,0.208,0.3216216216216216,0.1081081081081081,0.0486486486486486,0.5216216216216216,0.5216216216216216,0.2351351351351351,0.077,0.175
1630537,Chris Duarte,NBA,2024-25,,,17,4.4,2.1,0.5,1.2,0.0,0.0,0.1,1.5,0.5,0.9,0.151,0.3076923076923077,0.1153846153846153,0.0384615384615384,0.5384615384615384,0.5769230769230769,0.3076923076923077,0.06,0.165
1641753,Chris Livingston,NBA,2024-25,Wing,F,21,5.0,1.4,0.2,1.7,0.2,0.0,0.3,1.3,0.8,0.4,0.15,0.5185185185185185,0.1851851851851851,0.0,0.2962962962962963,0.2962962962962963,0.5925925925925926,0.091,0.198
101108,Chris Paul,NBA,2024-25,Guard,G,82,28.0,8.8,7.4,3.6,1.3,0.3,1.6,7.1,1.1,4.5,0.137,0.0291595197255574,0.111492281303602,0.2229845626072041,0.6363636363636364,0.6363636363636364,0.1578044596912521,0.014,0.11
1631128,Christian Braun,NBA,2024-25,Guard,G,79,33.9,15.4,2.6,5.2,1.1,0.5,1.0,10.4,2.7,2.8,0.155,0.5213154689403167,0.1583434835566382,0.0475030450669914,0.2728380024360536,0.2728380024360536,0.2606577344701583,0.039,0.109
1631132,Christian Koloko,NBA,2024-25,Big,C,37,9.2,2.4,0.4,2.5,0.2,0.4,0.3,1.8,0.4,0.1,0.104,0.7424242424242424,0.1515151515151515,0.0454545454545454,0.0606060606060606,0.0606060606060606,0.2121212121212121,0.095,0.165
1629643,Chuma Okeke,NBA,2024-25,Wing,F,9,21.9,5.9,1.7,5.2,0.6,0.4,0.3,4.4,0.3,3.1,0.093,0.3,0.0,0.0,0.7,0.7,0.075,0.099,0.141
203991,Clint Capela,NBA,2024-25,Big,C,55,21.4,8.9,1.1,8.5,0.6,1.0,0.9,7.1,1.8,0.0,0.16,0.7076923076923077,0.2794871794871795,0.0102564102564102,0.0025641025641025,0.0025641025641025,0.2487179487179487,0.132,0.238
1629632,Coby White,NBA,2024-25,Guard,G,74,33.1,20.4,4.5,3.7,0.9,0.2,2.4,15.1,4.1,7.9,0.237,0.2578055307760927,0.1400535236396075,0.0811775200713648,0.5209634255129348,0.5209634255129348,0.2738626226583407,0.01,0.095
1628998,Cody Martin,NBA,2024-25,Wing,F,53,22.1,6.8,2.0,4.2,1.1,0.6,1.0,6.1,1.2,2.8,0.142,0.2861538461538461,0.1107692307692307,0.1384615384615384,0.4646153846153846,0.4646153846153846,0.1876923076923076,0.041,0.136
1642262,Cody Williams,NBA,2024-25,Wing,F,50,21.2,4.6,1.2,2.3,0.5,0.3,0.9,5.1,0.8,2.7,0.122,0.1400778210116731,0.2490272373540856,0.0856031128404669,0.5252918287937743,0.5252918287937743,0.1556420233463035,0.024,0.075
1641732,Colby Jones,NBA,2024-25,Guard,G,39,13.2,4.0,1.1,2.2,0.7,0.3,0.6,3.3,0.9,1.3,0.138,0.2403100775193798,0.2558139534883721,0.1240310077519379,0.3798449612403101,0.3798449612403101,0.2713178294573643,0.038,0.123
1630175,Cole Anthony,NBA,2024-25,Guard,G,67,18.4,9.4,2.9,3.0,0.7,0.5,1.5,8.1,1.7,3.3,0.238,0.1841620626151013,0.2633517495395948,0.151012891344383,0.4014732965009208,0.4014732965009208,0.2081031307550644,0.034,0.131
1631306,Cole Swider,NBA,2024-25,,,10,17.0,5.9,0.3,2.7,0.4,0.2,0.4,6.3,0.1,4.7,0.155,0.0793650793650793,0.0317460317460317,0.1428571428571428,0.746031746031746,0.746031746031746,0.0158730158730158,0.026,0.119
1630658,Colin Castleton,NBA,2024-25,Big,C,26,16.6,4.7,1.1,4.7,0.3,0.4,0.9,3.8,1.5,0.6,0.125,0.3979591836734694,0.4285714285714285,0.010204081632653,0.1632653061224489,0.1632653061224489,0.3877551020408163,0.104,0.143
1631221,Collin Gillespie,NBA,2024-25,Guard,G,33,14.0,5.9,2.4,2.4,0.6,0.2,0.5,4.8,0.7,2.7,0.17,0.1582278481012658,0.2025316455696202,0.0696202531645569,0.569620253164557,0.569620253164557,0.1392405063291139,0.048,0.124
1629012,Collin Sexton,NBA,2024-25,Guard,G,63,27.9,18.4,4.2,2.7,0.7,0.1,2.5,13.8,4.0,4.3,0.264,0.2076124567474048,0.3621683967704729,0.1176470588235294,0.3125720876585928,0.3125720876585928,0.2895040369088812,0.033,0.06
1630557,Corey Kispert,NBA,2024-25,Wing,F,61,26.3,11.6,1.7,3.0,0.4,0.2,1.0,9.3,1.4,5.4,0.169,0.2353982300884955,0.1575221238938053,0.0230088495575221,0.584070796460177,0.584070796460177,0.1557522123893805,0.021,0.084
202709,Cory Joseph,NBA,2024-25,Guard,G,50,12.2,3.5,1.4,1.5,0.5,0.1,0.4,3.1,0.4,2.1,0.126,0.1298701298701298,0.0974025974025974,0.0779220779220779,0.6948051948051948,0.6948051948051948,0.1168831168831168,0.027,0.095
1641854,Craig Porter Jr.,NBA,2024-25,Guard,G,51,10.1,3.7,1.4,1.3,0.3,0.3,0.7,2.7,0.6,0.9,0.155,0.4,0.1714285714285714,0.0857142857142857,0.3428571428571428,0.3428571428571428,0.2285714285714285,0.037,0.085
1642385,Cui Cui,NBA,2024-25,,,5,2.1,0.6,0.0,0.4,0.0,0.0,0.0,1.4,0.4,0.6,0.296,,,,,,,0.0,0.2
1626156,D'Angelo Russell,NBA,2024-25,Guard,G,58,25.5,12.6,5.1,2.8,1.0,0.4,1.9,11.0,2.5,6.2,0.228,0.1316614420062695,0.2163009404388714,0.0877742946708464,0.5642633228840125,0.5642633228840125,0.2272727272727272,0.013,0.093
1630618,D.J. Carton,NBA,2024-25,,,4,8.3,0.8,0.8,1.0,0.5,0.0,1.0,1.8,0.3,0.8,0.122,0.2857142857142857,0.2857142857142857,0.0,0.4285714285714285,0.4285714285714285,0.1428571428571428,0.0,0.098
1629610,DaQuan Jeffries,NBA,2024-25,Wing,G-F,47,22.8,6.7,1.1,2.9,0.6,0.5,0.7,6.2,0.6,3.5,0.136,0.2542955326460481,0.140893470790378,0.0412371134020618,0.563573883161512,0.563573883161512,0.1030927835051546,0.033,0.087
1631342,Daeqwon Plowden,NBA,2024-25,Wing,G-F,6,11.9,7.2,0.3,1.8,0.0,0.0,0.7,4.2,0.3,2.8,0.181,0.28,0.04,0.0,0.68,0.68,0.08,0.057,0.093
1630227,Daishen Nix,NBA,2024-25,,,3,4.4,0.3,1.0,1.3,0.0,0.0,1.3,0.3,0.7,0.3,0.176,,,,,,,0.0,0.444
1630625,Dalano Banton,NBA,2024-25,Wing,F,67,16.7,8.3,2.4,2.0,0.6,0.5,1.3,7.6,1.9,3.3,0.237,0.3175542406311637,0.1873767258382643,0.0571992110453648,0.4378698224852071,0.4378698224852071,0.2465483234714004,0.025,0.088
1631207,Dalen Terry,NBA,2024-25,Wing,F,73,13.5,4.5,1.3,1.7,0.6,0.2,0.7,3.7,0.9,1.4,0.142,0.4365671641791044,0.1492537313432835,0.0261194029850746,0.3880597014925373,0.3880597014925373,0.2574626865671642,0.034,0.08
1642261,Dalton Knecht,NBA,2024-25,Wing,F,78,19.2,9.1,0.8,2.8,0.3,0.1,0.5,7.1,1.1,4.4,0.181,0.1992818671454219,0.1310592459605027,0.059245960502693,0.6104129263913824,0.6104129263913824,0.1508078994614003,0.026,0.116
203081,Damian Lillard,NBA,2024-25,Guard,G,58,36.1,24.9,7.1,4.7,1.2,0.2,2.8,17.1,6.8,9.0,0.269,0.2026209677419354,0.1028225806451613,0.1663306451612903,0.5282258064516129,0.5282258064516129,0.3961693548387097,0.014,0.108
1641878,Damion Baugh,NBA,2024-25,Guard,G,15,24.7,7.3,3.7,3.3,1.0,0.1,2.1,8.7,1.0,3.7,0.186,0.2615384615384615,0.2846153846153846,0.023076923076923,0.4307692307692308,0.4307692307692308,0.1153846153846153,0.033,0.098
1627814,Damion Lee,NBA,2024-25,Wing,G-F,25,5.8,3.3,0.4,0.8,0.2,0.0,0.4,3.0,0.8,1.5,0.269,0.1081081081081081,0.2972972972972973,0.0945945945945946,0.5,0.5,0.2837837837837837,0.02,0.104
1629655,Daniel Gafford,NBA,2024-25,Big,F-C,57,21.5,12.3,1.4,6.8,0.4,1.8,1.2,7.1,3.4,0.0,0.186,0.7915632754342432,0.2009925558312655,0.0074441687344913,0.0,0.0,0.4863523573200992,0.127,0.168
1628464,Daniel Theis,NBA,2024-25,Big,,38,16.3,4.3,1.6,4.3,0.5,0.5,0.7,3.4,1.0,1.0,0.111,0.4186046511627907,0.2093023255813953,0.0852713178294573,0.2868217054263566,0.2868217054263566,0.2868217054263566,0.062,0.192
1642450,Daniss Jenkins,NBA,2024-25,Guard,G,7,3.2,1.0,0.4,0.3,0.0,0.0,0.1,1.4,0.3,1.0,0.231,0.3,0.0,0.0,0.7,0.7,0.2,0.0,0.182
203957,Dante Exum,NBA,2024-25,Guard,G,20,18.6,8.7,2.8,1.7,0.6,0.2,1.1,6.7,1.6,2.7,0.193,0.3283582089552239,0.208955223880597,0.0671641791044776,0.3955223880597014,0.3955223880597014,0.2313432835820895,0.01,0.074
203967,Dario Saric,NBA,2024-25,Big,F-C,16,13.1,3.5,1.4,3.1,0.4,0.1,0.9,3.6,0.6,1.6,0.157,0.3448275862068966,0.1551724137931034,0.0517241379310344,0.4482758620689655,0.4482758620689655,0.1724137931034483,0.059,0.158
1641727,Dariq Whitehead,NBA,2024-25,Wing,G-F,20,12.3,5.7,0.6,1.5,0.3,0.1,0.8,4.8,0.3,3.7,0.189,0.1041666666666666,0.0833333333333333,0.03125,0.78125,0.7708333333333334,0.0520833333333333,0.015,0.105
1629636,Darius Garland,NBA,2024-25,Guard,G,75,30.7,20.6,6.7,2.9,1.2,0.1,2.5,15.7,3.4,7.1,0.265,0.1805792163543441,0.2248722316865417,0.1439522998296422,0.4505962521294719,0.4505962521294719,0.217206132879046,0.021,0.068
1630561,David Duke Jr.,NBA,2024-25,Guard,G,6,5.6,2.7,0.7,0.8,0.2,0.0,0.3,2.3,0.3,1.0,0.207,0.3571428571428571,0.1428571428571428,0.0714285714285714,0.4285714285714285,0.4285714285714285,0.1428571428571428,0.032,0.1
1631223,David Roddy,NBA,2024-25,Wing,F,33,12.4,4.6,1.1,2.5,0.4,0.3,0.7,3.8,0.8,1.8,0.159,0.256,0.256,0.0,0.488,0.488,0.208,0.03,0.177
1630558,Davion Mitchell,NBA,2024-25,Guard,G,74,27.4,7.9,4.9,2.3,1.0,0.2,1.7,6.4,1.1,2.9,0.135,0.3319327731092437,0.1722689075630252,0.0525210084033613,0.4432773109243697,0.4432773109243697,0.1764705882352941,0.017,0.063
1630549,Day'Ron Sharpe,NBA,2024-25,Big,C,50,18.1,7.9,1.8,6.6,0.8,0.8,1.3,6.3,1.5,0.9,0.186,0.5993690851735016,0.2176656151419558,0.0410094637223974,0.1419558359621451,0.1419558359621451,0.2334384858044164,0.149,0.202
1628368,De'Aaron Fox,NBA,2024-25,Guard,G,62,36.1,23.5,6.3,4.8,1.5,0.4,2.8,18.8,5.1,6.1,0.274,0.2089423903697334,0.29664660361135,0.1668099742046431,0.3276010318142734,0.3276010318142734,0.2734307824591573,0.023,0.106
1629631,De'Andre Hunter,NBA,2024-25,Wing,F-G,64,27.2,17.0,1.4,4.0,0.8,0.2,1.3,11.9,4.0,6.1,0.221,0.1850393700787401,0.1994750656167979,0.1062992125984252,0.5091863517060368,0.5091863517060368,0.3333333333333333,0.024,0.117
1629001,De'Anthony Melton,NBA,2024-25,Guard,G,6,20.2,10.3,2.8,3.3,1.2,0.3,1.7,9.0,1.3,5.8,0.223,0.1666666666666666,0.1481481481481481,0.037037037037037,0.6481481481481481,0.6481481481481481,0.1481481481481481,0.046,0.104
201599,DeAndre Jordan,NBA,2024-25,Big,C,56,12.3,3.7,0.9,5.1,0.3,0.5,0.7,2.5,1.1,0.0,0.126,0.7928571428571428,0.2,0.0071428571428571,0.0,0.0,0.4571428571428571,0.119,0.262
201942,DeMar DeRozan,NBA,2024-25,Wing,G-F,77,35.9,22.2,4.4,3.9,0.8,0.4,1.4,17.0,5.7,3.3,0.244,0.0925076452599388,0.2224770642201834,0.4892966360856269,0.1957186544342507,0.1957186544342507,0.3371559633027522,0.018,0.09
1629731,Dean Wade,NBA,2024-25,Big,F-C,59,21.2,5.4,1.3,4.2,0.7,0.3,0.4,4.6,0.5,3.8,0.101,0.1328413284132841,0.033210332103321,0.014760147601476,0.8191881918819188,0.8191881918819188,0.1107011070110701,0.041,0.15
1629028,Deandre Ayton,NBA,2024-25,Big,C,40,30.1,14.4,1.6,10.2,0.8,1.0,1.7,11.7,1.5,0.8,0.197,0.4038461538461538,0.3226495726495726,0.2051282051282051,0.0683760683760683,0.0683760683760683,0.1282051282051282,0.099,0.243
1627749,Dejounte Murray,NBA,2024-25,Guard,G,31,32.6,17.5,7.4,6.5,2.0,0.4,3.4,15.9,4.0,5.6,0.263,0.2226720647773279,0.2186234817813765,0.2064777327935222,0.3522267206477733,0.3522267206477733,0.2510121457489878,0.015,0.183
1626153,Delon Wright,NBA,2024-25,Guard,G,40,15.9,3.1,1.9,1.7,0.9,0.3,0.6,3.3,0.6,1.8,0.111,0.2748091603053435,0.1450381679389313,0.0229007633587786,0.5572519083969466,0.5572519083969466,0.1908396946564885,0.042,0.061
1630166,Deni Avdija,NBA,2024-25,Wing,F,72,30.0,16.9,3.9,7.3,1.0,0.5,2.7,11.7,5.2,4.8,0.228,0.3874407582938388,0.1718009478672985,0.0355450236966824,0.4052132701421801,0.4052132701421801,0.4407582938388625,0.048,0.19
203471,Dennis Schröder,NBA,2024-25,Guard,G,75,28.1,13.1,5.4,2.6,0.9,0.2,1.9,11.0,2.9,4.9,0.211,0.1874244256348246,0.1958887545344619,0.1668681983071342,0.4498186215235792,0.4486094316807739,0.2611850060459492,0.012,0.08
1641726,Dereck Lively II,NBA,2024-25,Big,C,36,23.1,8.7,2.4,7.5,0.6,1.6,1.1,5.3,2.0,0.0,0.132,0.6963350785340314,0.3036649214659686,0.0,0.0,0.0,0.3821989528795811,0.122,0.186
1627884,Derrick Jones Jr.,NBA,2024-25,Wing,F,77,24.3,10.1,0.8,3.4,1.0,0.4,0.9,7.6,1.5,2.8,0.16,0.4397283531409168,0.166383701188455,0.0220713073005093,0.3718166383701188,0.3718166383701188,0.200339558573854,0.051,0.092
1628401,Derrick White,NBA,2024-25,Guard,G,76,33.9,16.4,4.8,4.5,0.9,1.1,1.7,12.6,2.1,9.1,0.195,0.1074035453597497,0.1147028154327424,0.0573514077163712,0.7205422314911366,0.7205422314911366,0.1678832116788321,0.025,0.101
1630217,Desmond Bane,NBA,2024-25,Guard,G,69,32.0,19.2,5.3,6.1,1.2,0.4,2.4,14.8,2.9,6.1,0.227,0.24950884086444,0.224950884086444,0.1149312377210216,0.4106090373280943,0.4106090373280943,0.1944990176817289,0.026,0.15
1626164,Devin Booker,NBA,2024-25,Guard,G,75,37.3,25.6,7.1,4.1,0.9,0.2,2.9,18.9,6.4,7.3,0.285,0.1422535211267605,0.2408450704225352,0.2288732394366197,0.3880281690140845,0.3880281690140845,0.3401408450704225,0.028,0.08
1642269,Devin Carter,NBA,2024-25,Guard,G,36,11.0,3.8,1.1,2.1,0.6,0.1,0.5,3.5,1.2,1.7,0.169,0.2204724409448819,0.2598425196850393,0.0393700787401574,0.4803149606299212,0.4803149606299212,0.3464566929133858,0.044,0.147
1630170,Devin Vassell,NBA,2024-25,Wing,G-F,64,31.0,16.3,2.9,4.0,1.3,0.5,1.4,13.9,1.9,6.7,0.217,0.1687289088863892,0.1327334083239595,0.2148481439820022,0.483689538807649,0.4825646794150731,0.1349831271091113,0.016,0.107
1628415,Dillon Brooks,NBA,2024-25,Wing,G-F,75,31.8,14.0,1.7,3.7,0.8,0.2,1.0,11.9,1.6,6.3,0.176,0.1541899441340782,0.2,0.1217877094972067,0.524022346368715,0.524022346368715,0.1351955307262569,0.028,0.081
1641794,Dillon Jones,NBA,2024-25,Wing,F,54,10.2,2.5,1.1,2.2,0.3,0.1,0.5,2.5,0.5,1.2,0.131,0.3157894736842105,0.1729323308270676,0.037593984962406,0.4736842105263157,0.4736842105263157,0.2105263157894736,0.05,0.153
1627734,Domantas Sabonis,NBA,2024-25,Big,F-C,70,34.7,19.1,6.0,13.9,0.7,0.4,2.9,12.8,4.1,2.2,0.213,0.5319148936170213,0.2217245240761478,0.0716685330347144,0.1746920492721164,0.1746920492721164,0.3236282194848824,0.11,0.286
1631230,Dominick Barlow,NBA,2024-25,Wing,F,35,10.7,4.2,0.5,2.4,0.3,0.5,0.1,3.2,0.9,0.8,0.141,0.4690265486725664,0.2035398230088495,0.0884955752212389,0.2389380530973451,0.2389380530973451,0.2920353982300885,0.091,0.139
1642270,Donovan Clingan,NBA,2024-25,Big,C,67,19.8,6.5,1.1,7.9,0.5,1.6,1.1,5.0,1.6,0.7,0.135,0.7125748502994012,0.1257485029940119,0.0149700598802395,0.1467065868263473,0.1467065868263473,0.311377245508982,0.144,0.218
1628378,Donovan Mitchell,NBA,2024-25,Guard,G,71,31.4,24.0,5.0,4.5,1.3,0.2,2.1,18.6,5.1,8.9,0.298,0.1901515151515151,0.181060606060606,0.1492424242424242,0.4795454545454545,0.4795454545454545,0.2742424242424242,0.025,0.112
1628978,Donte DiVincenzo,NBA,2024-25,Guard,G,62,25.9,11.7,3.6,3.7,1.2,0.3,1.6,9.6,1.0,7.1,0.188,0.1534569983136593,0.0961214165261382,0.0118043844856661,0.7386172006745363,0.7386172006745363,0.1062394603709949,0.02,0.115
1627827,Dorian Finney-Smith,NBA,2024-25,Wing,F,63,28.9,8.7,1.4,3.9,0.9,0.4,0.9,6.9,0.7,5.0,0.123,0.2068965517241379,0.064367816091954,0.0068965517241379,0.7218390804597701,0.7218390804597701,0.1034482758620689,0.047,0.089
203926,Doug McDermott,NBA,2024-25,Wing,F,42,8.1,3.5,0.2,0.5,0.1,0.0,0.1,2.8,0.1,2.4,0.15,0.0683760683760683,0.0256410256410256,0.0427350427350427,0.8632478632478633,0.8632478632478633,0.0427350427350427,0.009,0.054
203110,Draymond Green,NBA,2024-25,Wing,F,68,29.2,9.0,5.6,6.1,1.5,1.0,2.6,7.5,2.2,3.6,0.157,0.24950884086444,0.2239685658153241,0.043222003929273,0.4833005893909626,0.4833005893909626,0.2888015717092338,0.036,0.168
1629234,Drew Eubanks,NBA,2024-25,Big,F-C,61,12.2,4.6,0.9,3.7,0.2,0.6,0.7,3.2,1.2,0.1,0.149,0.5,0.4381443298969072,0.0309278350515463,0.0309278350515463,0.0309278350515463,0.3659793814432989,0.078,0.211
1641809,Drew Peterson,NBA,2024-25,Wing,F,25,7.4,2.2,0.5,1.6,0.2,0.1,0.3,1.6,0.4,1.3,0.121,0.1219512195121951,0.048780487804878,0.024390243902439,0.8048780487804879,0.8048780487804879,0.2195121951219512,0.051,0.161
1631166,Drew Timme,NBA,2024-25,Wing,F,9,28.2,12.1,2.2,7.2,0.4,0.1,1.7,11.3,1.8,3.9,0.205,0.3529411764705882,0.2647058823529412,0.0392156862745098,0.3431372549019608,0.3431372549019608,0.1568627450980392,0.06,0.194
1630696,Dru Smith,NBA,2024-25,Guard,G,14,19.2,6.2,1.6,2.6,1.5,0.4,1.2,4.4,0.9,2.1,0.131,0.2295081967213114,0.2459016393442623,0.0327868852459016,0.4918032786885246,0.4918032786885246,0.1967213114754098,0.042,0.086
1629130,Duncan Robinson,NBA,2024-25,Wing,F,74,24.1,11.0,2.4,2.3,0.5,0.1,1.2,9.0,0.7,6.5,0.187,0.1463046757164404,0.1055806938159879,0.0196078431372549,0.7285067873303167,0.7285067873303167,0.0799396681749622,0.01,0.084
1641871,Duop Reath,NBA,2024-25,Big,C,46,10.2,4.2,0.6,2.0,0.3,0.3,0.3,3.6,0.5,2.3,0.162,0.2590361445783132,0.0843373493975903,0.0180722891566265,0.6385542168674698,0.6385542168674698,0.1325301204819277,0.082,0.111
203939,Dwight Powell,NBA,2024-25,Big,F-C,55,10.0,2.1,1.0,2.1,0.3,0.4,0.3,1.1,0.8,0.1,0.073,0.8032786885245902,0.1147540983606557,0.0,0.081967213114754,0.081967213114754,0.7049180327868853,0.084,0.131
1630700,Dyson Daniels,NBA,2024-25,Guard,G,76,33.8,14.1,4.4,5.9,3.0,0.7,2.0,12.1,1.8,3.1,0.178,0.3445287107258938,0.3737811484290357,0.0270855904658721,0.2546045503791982,0.2546045503791982,0.151679306608884,0.046,0.127
1630604,E.J. Liddell,NBA,2024-25,Wing,F,12,4.4,1.8,0.3,0.8,0.1,0.1,0.2,1.3,0.2,0.8,0.13,0.1333333333333333,0.2,0.0,0.6666666666666666,0.6666666666666666,0.1333333333333333,0.065,0.102
203901,Elfrid Payton,NBA,2024-25,Guard,G,24,21.3,3.5,6.9,3.3,1.0,0.5,2.5,5.1,0.3,0.3,0.151,0.1885245901639344,0.6885245901639344,0.0737704918032786,0.0491803278688524,0.0491803278688524,0.0573770491803278,0.027,0.114
1641989,Elijah Harkless,NBA,2024-25,Guard,G,10,13.8,3.2,0.8,2.1,1.0,0.1,0.3,3.5,0.6,2.5,0.12,0.1142857142857142,0.1428571428571428,0.0285714285714285,0.7142857142857143,0.7142857142857143,0.1714285714285714,0.058,0.092
1641801,Emanuel Miller,NBA,2024-25,Wing,F,6,4.1,1.7,0.3,1.3,0.2,0.0,0.0,1.3,0.3,0.2,0.143,0.75,0.125,0.0,0.125,0.125,0.25,0.167,0.138
1641734,Emoni Bates,NBA,2024-25,Wing,F,10,7.5,3.7,0.8,0.7,0.1,0.1,0.2,3.8,0.0,3.0,0.201,0.1052631578947368,0.0,0.1052631578947368,0.7894736842105263,0.7894736842105263,0.0,0.0,0.075
1642402,Enrique Freeman,NBA,2024-25,Wing,F,22,8.2,2.1,0.4,1.4,0.1,0.1,0.3,1.7,0.9,0.5,0.109,0.5945945945945946,0.1351351351351351,0.0,0.2702702702702703,0.2702702702702703,0.5135135135135135,0.054,0.106
201569,Eric Gordon,NBA,2024-25,Guard,G,39,19.7,6.8,1.7,1.2,0.7,0.3,0.7,5.2,1.2,3.5,0.14,0.1862745098039215,0.1176470588235294,0.0245098039215686,0.6715686274509803,0.6715686274509803,0.2352941176470588,0.011,0.052
1630596,Evan Mobley,NBA,2024-25,Big,C,71,30.5,18.5,3.2,9.3,0.9,1.6,2.0,12.8,4.3,3.2,0.226,0.4768211920529801,0.2317880794701986,0.0375275938189845,0.2538631346578366,0.2538631346578366,0.336644591611479,0.076,0.213
1630532,Franz Wagner,NBA,2024-25,Wing,F,60,33.7,24.2,4.7,5.7,1.3,0.4,2.3,19.4,5.2,5.9,0.306,0.2842377260981912,0.3204134366925064,0.0921619293712317,0.3031869078380706,0.3031869078380706,0.2678725236864772,0.027,0.146
1627832,Fred VanVleet,NBA,2024-25,Guard,G,60,35.2,14.1,5.6,3.7,1.6,0.4,1.5,12.7,2.3,7.7,0.176,0.1225296442687747,0.1133069828722002,0.1567852437417654,0.6073781291172595,0.6073781291172595,0.1805006587615283,0.014,0.089
1641713,GG Jackson,NBA,2024-25,Wing,F,29,15.8,7.2,1.0,3.2,0.4,0.2,1.1,6.9,1.4,3.3,0.219,0.2864321608040201,0.2110552763819095,0.0251256281407035,0.4773869346733668,0.4773869346733668,0.2010050251256281,0.055,0.13
1629216,Gabe Vincent,NBA,2024-25,Guard,G,72,21.2,6.4,1.4,1.3,0.7,0.2,0.6,5.8,0.3,4.3,0.131,0.1,0.0952380952380952,0.069047619047619,0.7357142857142858,0.7357142857142858,0.05,0.013,0.045
202066,Garrett Temple,NBA,2024-25,Wing,G-F,28,8.1,1.9,1.1,1.0,0.6,0.1,0.4,2.1,0.4,1.0,0.129,0.2833333333333333,0.1333333333333333,0.1166666666666666,0.4666666666666667,0.4666666666666667,0.2,0.036,0.09
1629726,Garrison Mathews,NBA,2024-25,Guard,G,47,17.6,7.5,1.3,1.9,0.6,0.3,0.7,5.5,1.7,4.6,0.153,0.0505836575875486,0.0583657587548638,0.0428015564202334,0.8482490272373541,0.8482490272373541,0.3035019455252918,0.015,0.085
203914,Gary Harris,NBA,2024-25,Guard,G,48,14.8,3.0,0.6,1.3,0.5,0.3,0.4,2.8,0.3,2.1,0.09,0.1052631578947368,0.0977443609022556,0.037593984962406,0.7593984962406015,0.7593984962406015,0.0902255639097744,0.026,0.063
1627780,Gary Payton II,NBA,2024-25,Guard,G,62,15.0,6.5,1.3,3.0,0.8,0.3,0.6,4.8,0.6,1.5,0.156,0.4731543624161073,0.1946308724832214,0.0134228187919463,0.3187919463087248,0.3187919463087248,0.1275167785234899,0.056,0.134
1629018,Gary Trent Jr.,NBA,2024-25,Guard,G,74,25.6,11.1,1.2,2.3,1.0,0.1,0.6,8.9,1.2,5.9,0.168,0.0882800608828006,0.1156773211567732,0.136986301369863,0.6590563165905632,0.6590563165905632,0.1400304414003044,0.011,0.074
1627777,Georges Niang,NBA,2024-25,Wing,F,79,21.5,9.9,1.4,3.4,0.4,0.2,1.0,7.8,0.7,5.2,0.177,0.1661290322580645,0.146774193548387,0.0274193548387096,0.6596774193548387,0.6596774193548387,0.0935483870967742,0.027,0.126
203507,Giannis Antetokounmpo,NBA,2024-25,Wing,F,67,34.2,30.4,6.5,11.9,0.9,1.2,3.1,19.7,10.6,0.9,0.346,0.5678544351781653,0.1698256254738438,0.2145564821834723,0.0477634571645185,0.0477634571645185,0.5360121304018196,0.067,0.266
1629048,Goga Bitadze,NBA,2024-25,Big,C-F,70,20.4,7.2,2.0,6.6,0.7,1.4,1.0,4.8,1.9,0.4,0.142,0.7109144542772862,0.1710914454277286,0.0353982300884955,0.0825958702064896,0.0825958702064896,0.3923303834808259,0.116,0.227
1641711,Gradey Dick,NBA,2024-25,Wing,G-F,54,29.4,14.4,1.8,3.6,0.9,0.2,1.5,12.0,2.9,6.0,0.209,0.2442040185471406,0.1128284389489953,0.1391035548686244,0.5038639876352395,0.5038639876352395,0.2395672333848531,0.027,0.092
1629684,Grant Williams,NBA,2024-25,Wing,F,16,29.9,10.4,2.3,5.1,1.1,0.8,1.8,7.7,2.3,4.6,0.146,0.1951219512195122,0.1219512195121951,0.08130081300813,0.6016260162601627,0.6016260162601627,0.3008130081300813,0.035,0.134
1628960,Grayson Allen,NBA,2024-25,Guard,G,64,24.1,10.6,2.1,3.0,0.8,0.3,1.2,7.6,1.8,5.5,0.169,0.1513292433537832,0.1165644171779141,0.016359918200409,0.7157464212678937,0.7157464212678937,0.2331288343558282,0.023,0.103
1627824,Guerschon Yabusele,NBA,2024-25,Wing,F,70,27.1,11.0,2.1,5.6,0.8,0.3,1.2,8.0,2.0,3.9,0.163,0.3836589698046181,0.108348134991119,0.0213143872113676,0.4866785079928952,0.4866785079928952,0.2451154529307282,0.07,0.149
1630611,Gui Santos,NBA,2024-25,Wing,F,56,13.6,4.1,1.4,3.1,0.4,0.2,0.8,3.2,0.8,1.8,0.126,0.2905027932960894,0.1229050279329608,0.0111731843575419,0.5754189944134078,0.5754189944134078,0.2346368715083799,0.085,0.127
203084,Harrison Barnes,NBA,2024-25,Wing,F,82,27.2,12.3,1.7,3.8,0.5,0.2,0.6,8.3,2.4,4.4,0.157,0.3045387994143484,0.1332357247437774,0.0351390922401171,0.527086383601757,0.527086383601757,0.2913616398243045,0.042,0.091
1631127,Harrison Ingram,NBA,2024-25,Wing,F,5,7.0,0.8,0.6,1.8,0.6,0.0,0.2,0.8,0.0,0.2,0.06,0.25,0.25,0.25,0.25,0.25,0.0,0.067,0.175
1629312,Haywood Highsmith,NBA,2024-25,Wing,F,74,24.6,6.5,1.5,3.4,0.9,0.5,0.7,5.3,0.6,3.1,0.111,0.237851662404092,0.1329923273657289,0.0332480818414322,0.5959079283887468,0.5959079283887468,0.1099744245524296,0.04,0.098
1630529,Herbert Jones,NBA,2024-25,Wing,F,20,32.4,10.3,3.3,3.9,1.9,0.5,1.8,8.6,2.0,3.6,0.146,0.3313953488372093,0.191860465116279,0.0581395348837209,0.4186046511627907,0.4186046511627907,0.2325581395348837,0.033,0.085
1641816,Hunter Tyson,NBA,2024-25,Wing,F,51,7.8,2.6,0.4,1.5,0.2,0.1,0.3,2.4,0.5,1.5,0.146,0.2166666666666666,0.1083333333333333,0.0583333333333333,0.6166666666666667,0.6166666666666667,0.2333333333333333,0.055,0.124
1630193,Immanuel Quickley,NBA,2024-25,Guard,G,33,27.8,17.1,5.8,3.5,0.7,0.1,1.8,13.3,3.9,6.8,0.246,0.1461187214611872,0.2442922374429223,0.0958904109589041,0.5136986301369864,0.5136986301369864,0.2922374429223744,0.016,0.107
1642403,Isaac Jones,NBA,2024-25,Wing,F,40,7.6,3.4,0.3,1.4,0.1,0.3,0.4,2.1,0.9,0.2,0.152,0.5542168674698795,0.3373493975903614,0.0120481927710843,0.0963855421686747,0.0963855421686747,0.4337349397590361,0.071,0.12
1630171,Isaac Okoro,NBA,2024-25,Wing,F-G,55,19.1,6.1,1.2,2.4,0.6,0.3,0.4,4.9,0.8,2.7,0.124,0.3707865168539326,0.0524344569288389,0.0112359550561797,0.5655430711610487,0.5655430711610487,0.1722846441947565,0.047,0.072
1642268,Isaiah Collier,NBA,2024-25,Guard,G,71,25.9,8.7,6.3,3.3,0.9,0.2,2.9,7.8,2.2,2.4,0.186,0.3189189189189189,0.3027027027027027,0.0738738738738738,0.3045045045045045,0.3045045045045045,0.2774774774774775,0.017,0.104
1642384,Isaiah Crawford,NBA,2024-25,Wing,F,15,3.0,0.9,0.1,0.5,0.1,0.1,0.1,0.7,0.3,0.3,0.122,0.1818181818181818,0.3636363636363636,0.0,0.4545454545454545,0.4545454545454545,0.3636363636363636,0.023,0.149
1628392,Isaiah Hartenstein,NBA,2024-25,Big,C-F,57,27.9,11.2,3.8,10.7,0.8,1.1,1.7,8.4,2.1,0.3,0.165,0.4229166666666666,0.4958333333333333,0.0416666666666666,0.0395833333333333,0.0395833333333333,0.24375,0.103,0.262
1630543,Isaiah Jackson,NBA,2024-25,Wing,F,5,16.8,7.0,1.0,5.6,0.6,1.6,1.0,4.6,2.8,0.0,0.164,0.9130434782608696,0.0869565217391304,0.0,0.0,0.0,0.6086956521739131,0.126,0.168
1630198,Isaiah Joe,NBA,2024-25,Guard,G,74,21.7,10.2,1.6,2.6,0.6,0.1,0.5,7.9,0.8,6.3,0.166,0.0850340136054421,0.0578231292517006,0.064625850340136,0.7925170068027211,0.7925170068027211,0.0952380952380952,0.025,0.089
1630600,Isaiah Mobley,NBA,2024-25,,,1,17.4,6.0,5.0,4.0,1.0,1.0,0.0,7.0,2.0,3.0,0.17,,,,,,,0.04,0.158
1641815,Isaiah Stevens,NBA,2024-25,Guard,G,3,1.8,0.0,0.0,0.7,0.3,0.0,0.0,0.7,0.0,0.3,0.143,,,,,,,0.0,0.222
1630191,Isaiah Stewart,NBA,2024-25,Big,F-C,72,19.9,6.0,1.7,5.5,0.4,1.4,0.9,4.4,1.2,0.7,0.121,0.5777777777777777,0.2317460317460317,0.0222222222222222,0.1682539682539682,0.1682539682539682,0.2761904761904762,0.086,0.17
1631209,Isaiah Wong,NBA,2024-25,Guard,,20,13.3,6.0,1.4,1.6,0.6,0.0,0.9,5.3,1.7,1.7,0.22,0.219047619047619,0.3047619047619048,0.1619047619047619,0.3142857142857143,0.3142857142857143,0.3238095238095238,0.051,0.071
1627826,Ivica Zubac,NBA,2024-25,Big,C,80,32.8,16.8,2.7,12.6,0.7,1.1,1.6,11.8,3.0,0.0,0.192,0.5329087048832272,0.4394904458598726,0.0276008492569002,0.0,0.0,0.2505307855626327,0.122,0.271
1631120,JD Davison,NBA,2024-25,Guard,G,16,5.8,2.1,0.8,0.8,0.3,0.1,0.8,2.1,0.4,1.1,0.228,0.1764705882352941,0.1764705882352941,0.1176470588235294,0.5294117647058824,0.5294117647058824,0.2058823529411764,0.02,0.118
1630550,JT Thor,NBA,2024-25,Wing,F,20,12.5,3.6,0.3,2.4,0.4,0.5,0.5,3.0,1.1,1.1,0.132,0.288135593220339,0.1864406779661017,0.1694915254237288,0.3559322033898305,0.3559322033898305,0.3728813559322034,0.07,0.101
1629630,Ja Morant,NBA,2024-25,Guard,G,50,30.4,23.2,7.3,4.1,1.2,0.2,3.7,17.8,6.4,5.7,0.312,0.2935883014623172,0.3104611923509561,0.0753655793025871,0.3205849268841395,0.3205849268841395,0.358830146231721,0.021,0.101
1642266,Ja'Kobe Walter,NBA,2024-25,Guard,G,52,21.2,8.6,1.6,3.1,0.8,0.2,1.0,7.6,1.6,3.6,0.179,0.2824427480916031,0.1679389312977099,0.0763358778625954,0.4732824427480916,0.4732824427480916,0.2111959287531806,0.049,0.092
1631095,Jabari Smith Jr.,NBA,2024-25,Wing,F,57,30.1,12.2,1.1,7.0,0.4,0.7,1.1,9.9,2.2,4.9,0.16,0.2190812720848056,0.1590106007067137,0.1325088339222614,0.489399293286219,0.489399293286219,0.2226148409893993,0.055,0.162
1631133,Jabari Walker,NBA,2024-25,Wing,F,60,12.5,5.2,0.6,3.5,0.6,0.1,0.6,3.8,1.2,1.2,0.156,0.519650655021834,0.131004366812227,0.0349344978165938,0.314410480349345,0.314410480349345,0.3100436681222707,0.072,0.198
1629098,Jack McVeigh,NBA,2024-25,Wing,G-F,9,4.8,1.6,0.1,0.6,0.0,0.2,0.2,1.9,0.0,1.4,0.176,0.0588235294117647,0.0588235294117647,0.1176470588235294,0.7647058823529411,0.7647058823529411,0.0,0.039,0.056
1642050,Jackson Rowe,NBA,2024-25,Wing,F,6,8.6,3.7,0.7,1.8,0.7,0.0,0.2,2.8,1.0,1.7,0.142,0.2352941176470588,0.1764705882352941,0.0,0.5882352941176471,0.5882352941176471,0.3529411764705882,0.046,0.167
1631210,Jacob Toppin,NBA,2024-25,Wing,F,17,4.4,1.4,0.4,0.9,0.1,0.0,0.2,1.3,0.0,0.6,0.14,0.4090909090909091,0.0909090909090909,0.0454545454545454,0.4545454545454545,0.4545454545454545,0.0,0.041,0.148
1630702,Jaden Hardy,NBA,2024-25,Guard,G,57,15.9,8.7,1.4,1.6,0.5,0.1,1.4,7.3,1.5,3.5,0.244,0.1884057971014492,0.214975845410628,0.1207729468599033,0.4758454106280193,0.4758454106280193,0.2077294685990338,0.01,0.085
1631093,Jaden Ivey,NBA,2024-25,Guard,G,30,29.9,17.6,4.0,4.1,0.9,0.4,3.0,13.8,3.9,5.1,0.256,0.3171912832929782,0.2130750605326876,0.0968523002421307,0.3728813559322034,0.3728813559322034,0.2808716707021791,0.043,0.091
1630183,Jaden McDaniels,NBA,2024-25,Wing,F,82,31.9,12.2,2.0,5.7,1.3,0.9,1.2,10.2,1.6,3.7,0.16,0.2985611510791366,0.2410071942446043,0.0971223021582733,0.3633093525179856,0.3633093525179856,0.1534772182254196,0.048,0.126
1630531,Jaden Springer,NBA,2024-25,Guard,G,43,8.5,2.5,0.8,1.3,0.6,0.1,0.4,2.1,0.9,1.1,0.139,0.2,0.2444444444444444,0.0222222222222222,0.5333333333333333,0.5333333333333333,0.4222222222222222,0.044,0.107
203109,Jae Crowder,NBA,2024-25,Wing,F,9,11.4,2.6,0.7,2.2,0.3,0.0,0.4,2.4,0.7,1.7,0.113,0.0454545454545454,0.1363636363636363,0.1363636363636363,0.6818181818181818,0.6818181818181818,0.2727272727272727,0.055,0.133
1630256,Jae'Sean Tate,NBA,2024-25,Wing,F,52,11.3,3.6,0.9,2.3,0.5,0.1,0.4,2.8,0.9,0.9,0.126,0.3716216216216216,0.304054054054054,0.0135135135135135,0.3108108108108108,0.3108108108108108,0.3175675675675675,0.072,0.108
1626143,Jahlil Okafor,NBA,2024-25,,,1,3.4,0.0,1.0,1.0,0.0,0.0,0.0,0.0,0.0,0.0,0.0,,,,,,,0.0,0.25
1642443,Jahmir Young,NBA,2024-25,Guard,G,6,4.9,1.8,1.0,0.5,0.0,0.0,0.2,0.8,0.3,0.3,0.092,0.6,0.0,0.0,0.4,0.4,0.4,0.042,0.059
1631170,Jaime Jaquez Jr.,NBA,2024-25,Guard,G,66,20.7,8.6,2.5,4.4,0.9,0.2,1.5,7.0,2.2,1.8,0.194,0.4199134199134199,0.2705627705627705,0.0519480519480519,0.2575757575757575,0.2575757575757575,0.3073593073593073,0.06,0.145
1631222,Jake LaRavia,NBA,2024-25,Wing,F,66,20.4,6.9,2.4,3.9,0.9,0.3,1.3,5.1,1.7,2.2,0.14,0.3264094955489614,0.2225519287833827,0.029673590504451,0.4213649851632047,0.4213649851632047,0.3412462908011869,0.063,0.12
1627751,Jakob Poeltl,NBA,2024-25,Big,C,57,29.6,14.5,2.8,9.6,1.2,1.2,1.9,10.2,2.5,0.1,0.184,0.5371329879101899,0.3799654576856649,0.077720207253886,0.005181347150259,0.005181347150259,0.2487046632124352,0.11,0.206
1641779,Jalen Bridges,NBA,2024-25,Wing,F,8,3.8,1.1,0.0,0.5,0.0,0.0,0.5,0.9,0.5,0.9,0.197,0.0,0.0,0.0,1.0,1.0,0.5714285714285714,0.0,0.121
1628973,Jalen Brunson,NBA,2024-25,Guard,G,65,35.4,26.0,7.3,2.9,0.9,0.1,2.5,18.5,6.9,6.1,0.289,0.1883333333333333,0.2916666666666667,0.1891666666666666,0.3308333333333333,0.3308333333333333,0.3733333333333333,0.012,0.072
1631105,Jalen Duren,NBA,2024-25,Big,C,78,26.1,11.8,2.7,10.3,0.7,1.1,1.7,7.0,3.1,0.0,0.161,0.7948717948717948,0.1996336996336996,0.0054945054945054,0.0,0.0,0.4432234432234432,0.137,0.259
1630224,Jalen Green,NBA,2024-25,Guard,G,82,32.9,21.0,3.4,4.6,0.9,0.3,2.5,17.5,4.1,8.1,0.267,0.2428670842032011,0.1454418928322895,0.1517049408489909,0.4599860821155184,0.4599860821155184,0.2338204592901878,0.015,0.12
1641720,Jalen Hood-Schifino,NBA,2024-25,Guard,G,15,21.0,7.1,2.5,1.8,0.3,0.5,1.2,6.5,1.4,3.1,0.164,0.1428571428571428,0.173469387755102,0.2142857142857142,0.4693877551020408,0.4693877551020408,0.2142857142857142,0.009,0.077
1630552,Jalen Johnson,NBA,2024-25,Wing,F,36,35.7,18.9,5.0,10.0,1.6,1.0,2.9,15.1,3.5,3.9,0.214,0.4077490774907749,0.2601476014760147,0.0719557195571955,0.2601476014760147,0.2601476014760147,0.2324723247232472,0.046,0.216
1629667,Jalen McDaniels,NBA,2024-25,,,4,1.8,0.0,0.3,0.0,0.3,0.0,0.0,0.0,0.0,0.0,0.0,,,,,,,0.0,0.0
1629618,Jalen Pickett,NBA,2024-25,Guard,G,49,13.6,4.1,2.2,1.4,0.4,0.1,0.5,3.7,0.2,2.1,0.13,0.1222222222222222,0.1555555555555555,0.1611111111111111,0.5611111111111111,0.5611111111111111,0.0444444444444444,0.022,0.078
1630188,Jalen Smith,NBA,2024-25,Big,F-C,64,15.0,8.2,1.0,5.6,0.3,0.7,0.6,6.4,1.4,3.5,0.201,0.3455882352941176,0.0857843137254902,0.0245098039215686,0.5441176470588235,0.5441176470588235,0.2181372549019608,0.085,0.241
1630591,Jalen Suggs,NBA,2024-25,Guard,G,35,28.6,16.2,3.7,4.0,1.5,0.9,2.9,13.7,3.1,6.9,0.268,0.1746361746361746,0.1891891891891892,0.133056133056133,0.5031185031185031,0.5031185031185031,0.2286902286902287,0.023,0.126
1631114,Jalen Williams,NBA,2024-25,Wing,G-F,69,32.4,21.6,5.1,5.3,1.6,0.7,2.2,16.9,4.3,4.9,0.27,0.2517123287671233,0.2782534246575342,0.1789383561643835,0.2910958904109589,0.2910958904109589,0.2559931506849315,0.026,0.131
1630592,Jalen Wilson,NBA,2024-25,Wing,F,79,25.7,9.5,1.8,3.4,0.5,0.1,1.0,7.8,2.1,4.6,0.161,0.232258064516129,0.1661290322580645,0.0177419354838709,0.5838709677419355,0.5838709677419355,0.2661290322580645,0.035,0.102
1631288,Jamal Cain,NBA,2024-25,Wing,F,37,13.6,5.3,0.6,2.3,0.6,0.2,0.6,4.3,1.4,2.2,0.167,0.240506329113924,0.2025316455696202,0.050632911392405,0.5063291139240507,0.5063291139240507,0.3164556962025316,0.05,0.117
1627750,Jamal Murray,NBA,2024-25,Guard,G,67,36.1,21.4,6.0,3.9,1.4,0.5,2.1,16.7,3.7,5.9,0.235,0.1909009812667261,0.2069580731489741,0.247992863514719,0.3541480820695807,0.3541480820695807,0.2194469223907225,0.019,0.084
1642347,Jamal Shead,NBA,2024-25,Guard,G,75,19.6,7.1,4.2,1.5,0.8,0.1,1.6,6.7,0.9,3.0,0.179,0.2123015873015873,0.2678571428571428,0.0773809523809523,0.4424603174603174,0.4424603174603174,0.1369047619047619,0.019,0.057
1631123,Jamaree Bouyea,NBA,2024-25,Guard,G,5,12.3,3.4,2.0,1.0,0.8,0.4,1.6,2.4,1.2,1.0,0.163,0.3333333333333333,0.25,0.0,0.4166666666666667,0.4166666666666667,0.5,0.019,0.058
201935,James Harden,NBA,2024-25,Guard,G,79,35.3,22.8,8.7,5.8,1.5,0.7,4.3,16.4,7.3,8.5,0.286,0.1583011583011583,0.2409266409266409,0.0849420849420849,0.5158301158301158,0.5158301158301158,0.4463320463320463,0.02,0.143
201949,James Johnson,NBA,2024-25,Wing,F,12,3.1,0.7,0.3,0.5,0.0,0.2,0.3,0.9,0.1,0.3,0.165,0.3636363636363636,0.0909090909090909,0.2727272727272727,0.2727272727272727,0.2727272727272727,0.0909090909090909,0.0,0.176
1630164,James Wiseman,NBA,2024-25,,,1,4.6,6.0,0.0,1.0,0.0,0.0,0.0,4.0,2.0,1.0,0.455,,,,,,,0.0,0.25
1642419,Jamison Battle,NBA,2024-25,Wing,F,59,17.7,7.1,0.9,2.7,0.3,0.2,0.5,5.9,0.3,4.4,0.147,0.1181556195965417,0.0720461095100864,0.063400576368876,0.7463976945244957,0.7463976945244957,0.0518731988472622,0.032,0.117
1641716,Jarace Walker,NBA,2024-25,Wing,F,75,15.8,6.1,1.5,3.1,0.7,0.3,1.0,4.8,0.9,2.5,0.165,0.225,0.1805555555555555,0.0805555555555555,0.5138888888888888,0.5138888888888888,0.1916666666666666,0.021,0.178
1630215,Jared Butler,NBA,2024-25,Guard,G,60,17.4,9.0,3.7,1.8,0.7,0.2,1.3,7.6,1.5,2.8,0.222,0.2362030905077262,0.304635761589404,0.086092715231788,0.3730684326710817,0.3730684326710817,0.2008830022075055,0.022,0.076
1642272,Jared McCain,NBA,2024-25,Guard,G,23,25.7,15.3,2.6,2.4,0.7,0.0,1.6,11.9,2.4,5.8,0.243,0.2554744525547445,0.1934306569343065,0.0656934306569343,0.4854014598540146,0.4854014598540146,0.2043795620437956,0.022,0.076
1631197,Jared Rhoden,NBA,2024-25,Guard,G,14,16.2,8.4,1.1,3.0,0.7,0.1,0.6,6.2,1.8,2.8,0.183,0.4712643678160919,0.057471264367816,0.0229885057471264,0.4482758620689655,0.4482758620689655,0.2873563218390804,0.052,0.113
1628991,Jaren Jackson Jr.,NBA,2024-25,Big,F-C,74,29.8,22.2,2.0,5.6,1.2,1.5,2.1,16.4,5.4,5.3,0.274,0.1640560593569662,0.4550700741962077,0.0601813685078318,0.3206924979389942,0.3206924979389942,0.3281121187139324,0.038,0.134
1629020,Jarred Vanderbilt,NBA,2024-25,Wing,F,36,16.1,4.1,1.1,5.1,1.0,0.3,0.8,3.4,1.0,0.9,0.116,0.6528925619834711,0.0826446280991735,0.0,0.2644628099173554,0.2644628099173554,0.2975206611570248,0.114,0.194
1628386,Jarrett Allen,NBA,2024-25,Big,C,82,28.0,13.5,1.9,9.7,0.9,0.9,1.2,7.8,3.4,0.1,0.156,0.6703125,0.290625,0.03125,0.0078125,0.0078125,0.4328125,0.095,0.238
1629750,Javonte Green,NBA,2024-25,Guard,G,68,18.5,5.1,0.8,3.2,1.0,0.5,0.5,4.2,1.1,2.1,0.113,0.3519163763066202,0.1358885017421602,0.0209059233449477,0.4912891986062718,0.4912891986062718,0.2648083623693379,0.042,0.122
1629637,Jaxson Hayes,NBA,2024-25,Big,C-F,56,19.5,6.8,1.0,4.8,0.6,0.9,0.8,4.0,1.8,0.1,0.12,0.8071748878923767,0.1704035874439461,0.0089686098654708,0.0134529147982062,0.0134529147982062,0.4394618834080717,0.074,0.163
1630643,Jay Huff,NBA,2024-25,Big,C,64,11.7,6.9,0.6,2.0,0.3,0.9,0.5,4.8,0.9,3.1,0.194,0.2590163934426229,0.0557377049180327,0.0327868852459016,0.6524590163934426,0.6557377049180327,0.1836065573770491,0.039,0.12
1627759,Jaylen Brown,NBA,2024-25,Wing,G-F,63,34.3,22.2,4.5,5.8,1.2,0.3,2.6,17.7,5.1,5.7,0.282,0.2728085867620751,0.2638640429338104,0.1431127012522361,0.3202146690518783,0.3202146690518783,0.2880143112701252,0.037,0.126
1641740,Jaylen Clark,NBA,2024-25,Guard,G,40,13.0,4.1,0.7,1.3,0.9,0.1,0.2,3.0,0.9,1.3,0.115,0.3583333333333333,0.1833333333333333,0.0333333333333333,0.425,0.425,0.3083333333333333,0.047,0.053
1641798,Jaylen Martin,NBA,2024-25,Guard,G,16,14.9,4.9,1.1,2.8,0.6,0.0,0.8,4.6,0.6,1.4,0.155,0.3648648648648648,0.2567567567567567,0.0675675675675675,0.3108108108108108,0.3108108108108108,0.1351351351351351,0.04,0.141
1629669,Jaylen Nowell,NBA,2024-25,,,8,21.0,8.4,2.3,2.5,0.1,0.5,1.0,9.1,1.4,3.4,0.215,0.1643835616438356,0.3698630136986301,0.0958904109589041,0.3698630136986301,0.3698630136986301,0.1506849315068493,0.032,0.086
1631301,Jaylen Sims,NBA,2024-25,,,6,18.6,7.0,2.0,1.0,0.5,0.2,1.3,4.7,2.5,2.5,0.159,0.1785714285714285,0.2142857142857142,0.0714285714285714,0.5357142857142857,0.5357142857142857,0.5357142857142857,0.025,0.025
1642377,Jaylen Wells,NBA,2024-25,Wing,F,79,25.9,10.4,1.7,3.4,0.6,0.1,0.9,8.6,1.7,5.0,0.156,0.1686390532544378,0.1538461538461538,0.0976331360946745,0.5798816568047337,0.5798816568047337,0.1997041420118343,0.04,0.083
1631119,Jaylin Williams,NBA,2024-25,Wing,F,47,16.7,5.9,2.6,5.6,0.5,0.6,0.7,4.7,0.6,3.3,0.141,0.1764705882352941,0.0769230769230769,0.0542986425339366,0.6923076923076923,0.6923076923076923,0.1357466063348416,0.059,0.251
1642281,Jaylon Tyson,NBA,2024-25,Wing,G-F,47,9.6,3.6,0.9,2.0,0.3,0.1,0.6,3.2,0.5,1.2,0.164,0.3422818791946309,0.2080536912751678,0.0604026845637583,0.3892617449664429,0.3892617449664429,0.1610738255033557,0.076,0.117
1628369,Jayson Tatum,NBA,2024-25,Wing,F-G,72,36.4,26.8,6.0,8.7,1.1,0.5,2.9,20.3,6.1,10.1,0.301,0.2334470989761092,0.124914675767918,0.1447098976109215,0.4969283276450512,0.4969283276450512,0.3003412969283277,0.017,0.206
1641789,Jazian Gortman,NBA,2024-25,,,16,3.5,1.5,0.4,0.3,0.1,0.1,0.3,1.4,0.3,0.7,0.195,0.1739130434782608,0.1739130434782608,0.1739130434782608,0.4782608695652174,0.4782608695652174,0.1739130434782608,0.016,0.065
1630288,Jeff Dowtin Jr.,NBA,2024-25,Guard,G,41,15.1,7.0,1.9,1.5,0.6,0.3,0.4,5.6,1.1,1.7,0.176,0.2608695652173913,0.2391304347826087,0.1956521739130435,0.3043478260869565,0.3043478260869565,0.1956521739130435,0.018,0.079
201145,Jeff Green,NBA,2024-25,Wing,F,32,12.4,5.4,0.6,1.8,0.2,0.1,0.3,3.8,0.8,2.5,0.144,0.140495867768595,0.1074380165289256,0.0991735537190082,0.6528925619834711,0.6528925619834711,0.2148760330578512,0.024,0.108
203924,Jerami Grant,NBA,2024-25,Wing,F,47,32.4,14.4,2.1,3.5,0.9,1.0,1.4,12.2,3.5,6.3,0.192,0.2560975609756097,0.1324041811846689,0.0975609756097561,0.5139372822299652,0.5156794425087108,0.289198606271777,0.015,0.088
1630526,Jeremiah Robinson-Earl,NBA,2024-25,Wing,F,66,18.8,6.3,1.3,4.8,0.6,0.1,0.8,5.3,0.8,2.5,0.14,0.3400576368876081,0.1181556195965417,0.069164265129683,0.4726224783861671,0.4726224783861671,0.1585014409221902,0.082,0.166
1631110,Jeremy Sochan,NBA,2024-25,Wing,F,54,25.3,11.4,2.4,6.5,0.8,0.5,1.6,8.7,2.3,1.7,0.184,0.6204690831556503,0.1513859275053305,0.0341151385927505,0.1940298507462686,0.1940298507462686,0.2665245202558635,0.088,0.154
1630579,Jericho Sims,NBA,2024-25,Big,C,53,11.9,1.8,0.6,3.7,0.2,0.4,0.6,1.3,0.2,0.0,0.074,0.8450704225352113,0.1408450704225352,0.0140845070422535,0.0,0.0,0.1830985915492957,0.114,0.196
1642399,Jesse Edwards,NBA,2024-25,Big,C,2,2.3,0.0,0.5,0.0,0.0,0.0,0.0,0.0,0.0,0.0,0.0,,,,,,,0.0,0.0
1641724,Jett Howard,NBA,2024-25,Guard,G,60,11.7,4.5,0.7,1.2,0.2,0.2,0.6,4.4,0.4,3.1,0.181,0.1221374045801526,0.0763358778625954,0.0916030534351145,0.7099236641221374,0.7099236641221374,0.0877862595419847,0.026,0.074
1628975,Jevon Carter,NBA,2024-25,Guard,G,36,8.9,4.3,1.1,1.1,0.4,0.1,0.3,4.1,0.3,2.9,0.2,0.1027397260273972,0.0890410958904109,0.0890410958904109,0.7191780821917808,0.7191780821917808,0.0684931506849315,0.012,0.094
202710,Jimmy Butler III,NBA,2024-25,Wing,F,55,31.7,17.5,5.4,5.4,1.4,0.3,1.3,10.9,7.1,1.9,0.203,0.4254606365159128,0.254606365159129,0.1457286432160804,0.1742043551088777,0.1742043551088777,0.6566164154103853,0.07,0.101
1629111,Jock Landale,NBA,2024-25,Big,C,42,11.9,4.8,0.9,3.3,0.3,0.2,0.5,3.6,1.0,0.6,0.148,0.4473684210526316,0.2631578947368421,0.1184210526315789,0.1710526315789473,0.1710526315789473,0.2631578947368421,0.099,0.151
204060,Joe Ingles,NBA,2024-25,Wing,F-G,19,6.0,0.8,1.2,0.6,0.1,0.0,0.5,1.2,0.0,0.8,0.113,0.0434782608695652,0.2608695652173913,0.0434782608695652,0.6521739130434783,0.6521739130434783,0.0,0.017,0.08
203954,Joel Embiid,NBA,2024-25,Big,C-F,19,30.2,23.8,4.5,8.2,0.7,0.9,3.3,16.6,8.9,4.1,0.342,0.2476190476190476,0.2444444444444444,0.2634920634920635,0.2444444444444444,0.2444444444444444,0.5365079365079365,0.062,0.207
1628381,John Collins,NBA,2024-25,Big,F-C,40,30.5,19.0,2.0,8.2,1.0,1.0,2.6,13.3,4.1,3.7,0.234,0.327683615819209,0.3050847457627119,0.0885122410546139,0.2787193973634652,0.2787193973634652,0.3088512241054614,0.073,0.179
1629723,John Konchar,NBA,2024-25,Guard,G,46,12.1,2.4,0.9,3.3,0.7,0.3,0.3,2.0,0.2,1.3,0.077,0.2637362637362637,0.0329670329670329,0.0219780219780219,0.6813186813186813,0.6813186813186813,0.0879120879120879,0.06,0.187
1631098,Johnny Davis,NBA,2024-25,,,34,7.1,2.4,0.3,1.1,0.4,0.2,0.2,2.3,0.4,0.9,0.15,0.3205128205128205,0.2435897435897435,0.0641025641025641,0.3717948717948718,0.3717948717948718,0.1923076923076923,0.036,0.104
1642277,Johnny Furphy,NBA,2024-25,Guard,G,50,7.6,2.1,0.4,1.4,0.4,0.2,0.2,1.8,0.4,1.0,0.118,0.3369565217391304,0.0978260869565217,0.0217391304347826,0.5434782608695652,0.5434782608695652,0.2391304347826087,0.06,0.126
1630548,Johnny Juzang,NBA,2024-25,Guard,G,64,19.8,8.9,1.1,2.9,0.6,0.1,0.6,7.4,0.8,4.9,0.174,0.1136842105263157,0.1557894736842105,0.0694736842105263,0.6610526315789473,0.6610526315789473,0.111578947368421,0.031,0.109
202685,Jonas Valanciunas,NBA,2024-25,Big,C,81,18.8,10.4,2.0,7.7,0.5,0.6,1.5,7.7,2.0,0.5,0.222,0.4146730462519936,0.3476874003189792,0.1786283891547049,0.0590111642743221,0.0590111642743221,0.2631578947368421,0.122,0.286
1628371,Jonathan Isaac,NBA,2024-25,Wing,F,71,15.4,5.4,0.6,4.4,0.9,1.1,0.5,4.6,1.5,2.1,0.155,0.3672839506172839,0.0339506172839506,0.132716049382716,0.4660493827160494,0.4660493827160494,0.3302469135802469,0.1,0.188
1630228,Jonathan Kuminga,NBA,2024-25,Wing,F,47,24.3,15.3,2.2,4.6,0.8,0.4,1.5,12.1,5.0,3.2,0.271,0.3098591549295774,0.329225352112676,0.0950704225352112,0.2658450704225352,0.2658450704225352,0.4137323943661972,0.045,0.134
1642367,Jonathan Mogbo,NBA,2024-25,Wing,F,63,20.4,6.2,2.3,4.9,0.9,0.5,1.1,5.7,1.3,1.1,0.145,0.5280898876404494,0.196629213483146,0.0786516853932584,0.196629213483146,0.196629213483146,0.2303370786516854,0.076,0.157
203903,Jordan Clarkson,NBA,2024-25,Guard,G,37,26.0,16.2,3.7,3.2,0.8,0.2,2.3,13.3,3.9,6.3,0.269,0.1196754563894523,0.3123732251521298,0.0973630831643002,0.4705882352941176,0.4705882352941176,0.2900608519269776,0.025,0.092
1630692,Jordan Goodwin,NBA,2024-25,Guard,G,29,18.7,5.6,1.4,3.9,1.0,0.4,0.9,5.0,0.4,2.3,0.134,0.1875,0.2569444444444444,0.0833333333333333,0.4722222222222222,0.4722222222222222,0.0763888888888889,0.068,0.135
1641722,Jordan Hawkins,NBA,2024-25,Guard,G,56,23.6,10.8,1.2,2.8,0.5,0.4,1.0,9.9,1.8,5.9,0.204,0.1043165467625899,0.1241007194244604,0.1744604316546762,0.5971223021582733,0.5971223021582733,0.1762589928057553,0.017,0.097
1629162,Jordan McLaughlin,NBA,2024-25,Guard,G,46,6.8,2.1,1.1,0.7,0.3,0.0,0.3,1.6,0.5,1.0,0.134,0.1388888888888889,0.1388888888888889,0.0833333333333333,0.6388888888888888,0.6388888888888888,0.3055555555555556,0.021,0.074
1641757,Jordan Miller,NBA,2024-25,Guard,G,37,11.4,4.1,0.9,1.6,0.5,0.1,0.7,3.6,0.9,1.0,0.175,0.4328358208955223,0.2462686567164179,0.0373134328358208,0.2835820895522388,0.2835820895522388,0.2611940298507462,0.053,0.084
1629673,Jordan Poole,NBA,2024-25,Guard,G,68,29.4,20.5,4.5,3.0,1.3,0.4,3.0,15.5,4.0,9.1,0.281,0.2090823084200567,0.1324503311258278,0.0700094607379375,0.5884578997161779,0.5884578997161779,0.2592242194891201,0.014,0.08
1641775,Jordan Walsh,NBA,2024-25,Guard,G,52,7.8,1.6,0.4,1.3,0.2,0.2,0.3,1.6,0.2,1.1,0.11,0.216867469879518,0.1204819277108433,0.0,0.6626506024096386,0.6626506024096386,0.144578313253012,0.057,0.113
1630631,Jose Alvarado,NBA,2024-25,Guard,G,56,24.4,10.3,4.6,2.4,1.3,0.3,1.5,9.3,1.3,5.5,0.193,0.1516314779270633,0.2149712092130518,0.0403071017274472,0.5930902111324377,0.5930902111324377,0.1420345489443378,0.019,0.077
1630528,Josh Christopher,NBA,2024-25,Guard,G,14,5.0,2.0,0.6,0.6,0.4,0.2,0.4,2.2,0.4,0.8,0.235,0.4193548387096774,0.1935483870967742,0.032258064516129,0.3548387096774194,0.3548387096774194,0.1935483870967742,0.0,0.115
1630581,Josh Giddey,NBA,2024-25,Guard,G,70,30.2,14.6,7.2,8.1,1.2,0.6,2.9,11.4,3.2,4.0,0.214,0.3195488721804511,0.2593984962406015,0.0726817042606516,0.3483709273182957,0.3483709273182957,0.2807017543859649,0.059,0.192
1630182,Josh Green,NBA,2024-25,Guard,G,68,27.8,7.4,1.6,2.5,1.1,0.2,1.0,6.2,1.1,3.6,0.115,0.2090261282660332,0.1235154394299287,0.0783847980997624,0.5890736342042755,0.5890736342042755,0.171021377672209,0.027,0.06
1628404,Josh Hart,NBA,2024-25,Guard,G,77,37.6,13.6,5.9,9.6,1.5,0.4,2.1,10.0,2.7,3.3,0.151,0.4519480519480519,0.1519480519480519,0.0675324675324675,0.3285714285714285,0.3272727272727272,0.2662337662337662,0.057,0.203
1631169,Josh Minott,NBA,2024-25,Wing,F,46,6.0,2.6,0.4,1.0,0.3,0.3,0.2,2.0,0.4,0.9,0.16,0.4333333333333333,0.0777777777777777,0.0111111111111111,0.4777777777777778,0.4777777777777778,0.2111111111111111,0.044,0.115
1629006,Josh Okogie,NBA,2024-25,Guard,G,40,15.6,7.1,0.8,2.8,1.2,0.5,0.8,5.3,2.1,2.3,0.185,0.3443396226415094,0.1839622641509433,0.0377358490566037,0.4339622641509434,0.4339622641509434,0.4009433962264151,0.066,0.108
1626196,Josh Richardson,NBA,2024-25,,,8,18.7,4.0,1.5,1.5,1.0,0.1,1.0,4.8,0.5,2.8,0.134,0.1052631578947368,0.2105263157894736,0.1052631578947368,0.5789473684210527,0.5789473684210527,0.1052631578947368,0.038,0.048
201950,Jrue Holiday,NBA,2024-25,Guard,G,62,30.6,11.1,3.9,4.3,1.1,0.4,1.2,9.2,1.2,4.9,0.156,0.2303664921465968,0.1657940663176265,0.0698080279232111,0.5340314136125655,0.5340314136125655,0.1343804537521815,0.038,0.091
1630577,Julian Champagnie,NBA,2024-25,Wing,F,82,23.6,9.9,1.4,3.9,0.7,0.4,0.9,8.1,1.1,5.9,0.164,0.1894736842105263,0.0631578947368421,0.025563909774436,0.7218045112781954,0.7218045112781954,0.1413533834586466,0.032,0.121
1641763,Julian Phillips,NBA,2024-25,Wing,F,79,14.2,4.6,0.5,2.1,0.5,0.3,0.3,3.6,1.0,1.9,0.126,0.3588850174216028,0.1010452961672473,0.0069686411149825,0.5331010452961672,0.5331010452961672,0.2648083623693379,0.056,0.082
1631124,Julian Strawther,NBA,2024-25,Guard,G,65,21.3,9.0,1.3,2.2,0.6,0.2,0.9,7.5,1.4,4.1,0.173,0.1831275720164609,0.2139917695473251,0.0493827160493827,0.5534979423868313,0.5534979423868313,0.1851851851851851,0.012,0.083
203944,Julius Randle,NBA,2024-25,Big,F-C,69,32.3,18.7,4.7,7.1,0.7,0.2,2.8,13.6,4.9,4.6,0.246,0.3130990415335463,0.2726304579339723,0.0798722044728434,0.3343982960596379,0.3343982960596379,0.356762513312034,0.065,0.149
1630551,Justin Champagnie,NBA,2024-25,Wing,G-F,62,21.6,8.8,1.0,5.7,1.0,0.6,0.9,6.6,1.2,3.1,0.15,0.3722627737226277,0.1338199513381995,0.024330900243309,0.4695863746958637,0.4695863746958637,0.1776155717761557,0.077,0.159
1642348,Justin Edwards,NBA,2024-25,Wing,F,44,26.2,10.1,1.6,3.4,1.0,0.4,1.1,8.6,1.0,4.3,0.165,0.246031746031746,0.1507936507936507,0.1005291005291005,0.5026455026455027,0.5026455026455027,0.1216931216931216,0.038,0.094
1631303,Justin Minaya,NBA,2024-25,Wing,F,19,5.3,0.9,0.4,0.5,0.3,0.1,0.3,1.1,0.1,0.5,0.107,0.3809523809523809,0.1428571428571428,0.0,0.4761904761904761,0.4761904761904761,0.0952380952380952,0.047,0.055
203994,Jusuf Nurkić,NBA,2024-25,Big,C,51,20.8,8.9,2.3,7.8,0.8,0.7,1.9,6.9,2.5,2.1,0.202,0.3863636363636363,0.2897727272727273,0.0255681818181818,0.2982954545454545,0.2982954545454545,0.3636363636363636,0.077,0.285
1630231,KJ Martin,NBA,2024-25,Wing,F,43,21.2,6.4,1.1,2.9,0.4,0.5,0.6,4.7,1.1,1.3,0.112,0.5223880597014925,0.1840796019900497,0.0049751243781094,0.2885572139303483,0.2885572139303483,0.2338308457711442,0.032,0.103
1642354,KJ Simpson,NBA,2024-25,Guard,G,36,23.4,7.8,3.1,3.0,0.9,0.2,1.6,8.4,1.4,3.6,0.188,0.2093023255813953,0.2591362126245847,0.0996677740863787,0.4318936877076412,0.4318936877076412,0.1661129568106312,0.042,0.081
1630539,Kai Jones,NBA,2024-25,Big,C-F,40,11.7,5.0,0.6,3.1,0.4,0.6,0.5,2.7,0.8,0.1,0.128,0.6880733944954128,0.1926605504587156,0.073394495412844,0.0458715596330275,0.0458715596330275,0.2935779816513761,0.089,0.173
1626157,Karl-Anthony Towns,NBA,2024-25,Big,C-F,72,35.0,24.4,3.1,12.8,1.0,0.7,2.7,16.9,5.7,4.7,0.265,0.4230452674897119,0.2148148148148148,0.0839506172839506,0.2781893004115226,0.2781893004115226,0.3366255144032922,0.087,0.284
1631255,Karlo Matković,NBA,2024-25,Big,F-C,42,18.8,7.7,1.1,5.0,0.5,1.0,1.0,5.6,1.0,1.6,0.155,0.4765957446808511,0.2127659574468085,0.0297872340425531,0.2808510638297872,0.2808510638297872,0.1872340425531914,0.079,0.177
202695,Kawhi Leonard,NBA,2024-25,Wing,F,37,31.9,21.5,3.1,5.9,1.6,0.5,1.9,16.8,3.3,5.1,0.28,0.1861958266452648,0.2744783306581059,0.2343499197431781,0.304975922953451,0.304975922953451,0.1942215088282504,0.033,0.158
1630811,Keaton Wallace,NBA,2024-25,Guard,G,31,16.2,5.4,2.6,1.6,0.9,0.3,1.1,5.2,0.4,2.6,0.164,0.0987654320987654,0.2839506172839506,0.1111111111111111,0.5061728395061729,0.5061728395061729,0.0679012345679012,0.013,0.08
1631099,Keegan Murray,NBA,2024-25,Wing,F,76,34.3,12.4,1.4,6.7,0.8,0.9,0.8,10.8,0.9,5.9,0.148,0.1890243902439024,0.1853658536585365,0.0780487804878048,0.5475609756097561,0.5475609756097561,0.0878048780487804,0.056,0.134
1631232,Keion Brooks Jr.,NBA,2024-25,Wing,F,14,23.7,10.1,0.9,4.1,0.7,0.7,0.9,7.8,2.1,3.1,0.169,0.3027522935779816,0.2293577981651376,0.073394495412844,0.3944954128440367,0.3944954128440367,0.2752293577981651,0.034,0.136
1642276,Kel'el Ware,NBA,2024-25,Big,C,64,22.2,9.3,0.9,7.4,0.6,1.1,0.9,7.3,1.0,1.7,0.169,0.4978448275862069,0.1982758620689655,0.0646551724137931,0.2392241379310344,0.2392241379310344,0.1443965517241379,0.087,0.238
1629640,Keldon Johnson,NBA,2024-25,Wing,F-G,77,23.9,12.7,1.6,4.8,0.6,0.3,1.0,10.0,2.5,3.6,0.207,0.4207792207792207,0.2103896103896103,0.0129870129870129,0.3558441558441558,0.3558441558441558,0.2519480519480519,0.057,0.136
203482,Kelly Olynyk,NBA,2024-25,Big,F-C,44,20.2,8.7,2.9,4.7,0.8,0.4,1.7,6.1,2.5,1.8,0.185,0.4104477611940298,0.1977611940298507,0.0970149253731343,0.2947761194029851,0.2947761194029851,0.4029850746268656,0.069,0.154
1626162,Kelly Oubre Jr.,NBA,2024-25,Wing,F-G,60,34.6,15.1,1.8,6.1,1.5,0.5,1.3,12.4,3.1,4.0,0.186,0.3913630229419703,0.2469635627530364,0.0350877192982456,0.3265856950067476,0.3265856950067476,0.2496626180836707,0.046,0.14
1629026,Kenrich Williams,NBA,2024-25,Wing,G-F,69,16.4,6.3,1.4,3.5,0.6,0.1,0.6,5.1,0.6,2.5,0.151,0.2909604519774011,0.1384180790960452,0.0875706214689265,0.4830508474576271,0.4830508474576271,0.1101694915254237,0.056,0.148
203484,Kentavious Caldwell-Pope,NBA,2024-25,Guard,G,77,29.6,8.7,1.8,2.2,1.3,0.4,0.8,7.1,1.2,4.3,0.121,0.1397058823529411,0.0625,0.1911764705882352,0.6066176470588235,0.6066176470588235,0.1746323529411764,0.014,0.064
1631165,Keon Ellis,NBA,2024-25,Guard,G,80,24.4,8.3,1.5,2.7,1.5,0.8,0.9,5.8,1.1,4.0,0.125,0.1357758620689655,0.1077586206896551,0.0646551724137931,0.6918103448275862,0.6918103448275862,0.1853448275862069,0.031,0.079
1630553,Keon Johnson,NBA,2024-25,Guard,G,79,24.4,10.6,2.2,3.8,1.0,0.4,1.5,9.9,1.8,5.1,0.212,0.2836970474967907,0.1476251604621309,0.0539152759948652,0.5147625160462131,0.5147625160462131,0.1784338896020539,0.031,0.125
1642352,Keshad Johnson,NBA,2024-25,Wing,F,16,6.1,2.7,0.3,1.8,0.3,0.3,0.3,1.6,0.6,0.4,0.145,0.6923076923076923,0.0384615384615384,0.0,0.2692307692307692,0.2692307692307692,0.3461538461538461,0.067,0.188
1630556,Kessler Edwards,NBA,2024-25,Wing,F,40,15.2,4.2,1.1,2.9,0.5,0.5,0.4,3.4,0.3,1.4,0.11,0.362962962962963,0.2,0.037037037037037,0.4,0.4,0.0962962962962963,0.037,0.154
201142,Kevin Durant,NBA,2024-25,Wing,F,62,36.5,26.6,4.2,6.0,0.8,1.2,3.1,18.1,5.8,6.0,0.283,0.1103202846975089,0.304270462633452,0.2544483985765124,0.3309608540925267,0.3309608540925267,0.3211743772241993,0.011,0.147
1628989,Kevin Huerter,NBA,2024-25,Wing,G-F,69,24.3,9.9,2.3,3.0,1.0,0.3,1.0,8.8,0.7,5.7,0.171,0.1672185430463576,0.1390728476821192,0.0463576158940397,0.6473509933774835,0.6473509933774835,0.0811258278145695,0.017,0.098
1628995,Kevin Knox II,NBA,2024-25,Wing,F,14,6.0,3.3,0.4,1.2,0.1,0.3,0.3,2.6,0.6,1.1,0.202,0.2777777777777778,0.2222222222222222,0.0833333333333333,0.4166666666666667,0.4166666666666667,0.2222222222222222,0.069,0.149
201567,Kevin Love,NBA,2024-25,Big,F-C,23,10.9,5.3,1.0,4.1,0.7,0.2,0.6,5.0,1.0,2.9,0.23,0.2347826086956521,0.1217391304347826,0.0608695652173913,0.5826086956521739,0.5826086956521739,0.2,0.08,0.282
1641755,Kevin McCullar Jr.,NBA,2024-25,Guard,G,4,7.3,1.5,0.5,2.0,0.3,0.3,0.0,1.8,0.5,0.3,0.118,0.2857142857142857,0.4285714285714285,0.1428571428571428,0.1428571428571428,0.1428571428571428,0.2857142857142857,0.0,0.286
1629645,Kevin Porter Jr.,NBA,2024-25,Wing,G-F,75,19.8,10.3,3.4,3.7,1.1,0.2,1.8,8.7,2.3,2.4,0.248,0.2147239263803681,0.2791411042944785,0.2346625766871165,0.2714723926380368,0.2714723926380368,0.25920245398773,0.029,0.148
1626172,Kevon Looney,NBA,2024-25,Wing,F,76,15.0,4.5,1.6,6.1,0.6,0.5,0.5,3.7,1.3,0.1,0.125,0.6690647482014388,0.2122302158273381,0.1007194244604316,0.0179856115107913,0.0179856115107913,0.356115107913669,0.139,0.227
1641718,Keyonte George,NBA,2024-25,Guard,G,67,31.5,16.8,5.6,3.8,0.7,0.1,2.7,13.7,4.3,7.6,0.237,0.1099020674646354,0.2491838955386289,0.089227421109902,0.5516866158868335,0.5516866158868335,0.3101196953210011,0.012,0.104
203114,Khris Middleton,NBA,2024-25,Wing,F,37,22.8,11.9,4.1,3.7,0.9,0.2,1.5,9.1,2.3,3.6,0.208,0.0949554896142433,0.2106824925816023,0.2997032640949555,0.3946587537091988,0.3946587537091988,0.2492581602373887,0.015,0.132
1630165,Killian Hayes,NBA,2024-25,,,6,27.1,9.0,5.2,3.0,0.7,0.7,1.5,7.2,2.0,3.5,0.145,0.2093023255813953,0.2558139534883721,0.0465116279069767,0.4883720930232558,0.4883720930232558,0.2790697674418604,0.028,0.087
202691,Klay Thompson,NBA,2024-25,Guard,G,72,27.3,14.0,2.0,3.4,0.7,0.4,1.2,12.2,1.0,7.7,0.214,0.080957810718358,0.096921322690992,0.1915621436716077,0.6305587229190421,0.6305587229190421,0.0843785632839224,0.022,0.097
1641738,Kobe Brown,NBA,2024-25,Wing,F,40,6.8,1.9,0.6,1.6,0.2,0.1,0.3,1.8,0.2,0.7,0.134,0.4444444444444444,0.1944444444444444,0.0,0.3611111111111111,0.3611111111111111,0.0972222222222222,0.07,0.176
1641723,Kobe Bufkin,NBA,2024-25,Guard,G,10,12.4,5.3,1.7,2.1,0.3,0.2,0.8,4.7,1.8,1.9,0.203,0.2978723404255319,0.2127659574468085,0.0851063829787234,0.4042553191489361,0.4042553191489361,0.3829787234042553,0.035,0.123
1627739,Kris Dunn,NBA,2024-25,Guard,G,74,24.1,6.4,2.8,3.4,1.7,0.4,1.0,5.9,0.3,3.0,0.126,0.2036613272311213,0.2562929061784897,0.0274599542334096,0.5125858123569794,0.5125858123569794,0.0503432494279176,0.031,0.111
1631200,Kris Murray,NBA,2024-25,Wing,F,69,15.1,4.2,1.0,2.6,0.5,0.2,0.6,4.0,0.8,1.7,0.133,0.4480286738351254,0.1146953405017921,0.007168458781362,0.4301075268817204,0.4301075268817204,0.2043010752688172,0.066,0.096
204001,Kristaps Porziņģis,NBA,2024-25,Big,F-C,42,28.8,19.5,2.1,6.8,0.7,1.5,1.3,13.7,4.7,6.0,0.253,0.2195121951219512,0.2421602787456446,0.102787456445993,0.4355400696864111,0.4355400696864111,0.3466898954703832,0.054,0.163
203937,Kyle Anderson,NBA,2024-25,Wing,F-G,61,16.4,5.9,2.4,3.4,0.7,0.5,0.6,5.0,1.1,1.1,0.152,0.2673267326732673,0.4059405940594059,0.0957095709570957,0.231023102310231,0.231023102310231,0.2145214521452145,0.049,0.148
1642271,Kyle Filipowski,NBA,2024-25,Big,C,72,21.1,9.6,1.9,6.1,0.7,0.3,1.4,7.2,2.0,3.1,0.184,0.3011583011583011,0.2548262548262548,0.0193050193050193,0.4247104247104247,0.4247104247104247,0.276061776061776,0.07,0.213
1628398,Kyle Kuzma,NBA,2024-25,Wing,F,65,29.8,14.8,2.3,5.7,0.6,0.3,2.2,13.0,3.1,4.8,0.233,0.2783018867924528,0.2511792452830189,0.1002358490566037,0.3702830188679245,0.3691037735849056,0.2382075471698113,0.027,0.155
200768,Kyle Lowry,NBA,2024-25,Guard,G,35,18.8,3.9,2.7,1.9,0.9,0.3,0.6,3.3,0.9,2.5,0.1,0.0512820512820512,0.1196581196581196,0.0769230769230769,0.7521367521367521,0.7521367521367521,0.282051282051282,0.016,0.086
1630283,Kylor Kelley,NBA,2024-25,,,11,11.5,3.1,0.5,3.5,0.1,0.3,0.4,2.0,0.9,0.0,0.097,0.5909090909090909,0.3181818181818182,0.0909090909090909,0.0,0.0,0.4545454545454545,0.079,0.194
202681,Kyrie Irving,NBA,2024-25,Guard,G,50,36.1,24.7,4.6,4.8,1.3,0.5,2.2,18.9,4.3,7.2,0.264,0.1989417989417989,0.237037037037037,0.1841269841269841,0.3798941798941799,0.3798941798941799,0.2264550264550264,0.033,0.093
1642273,Kyshawn George,NBA,2024-25,Wing,F,68,26.5,8.7,2.5,4.2,1.0,0.7,1.4,8.0,1.4,5.2,0.156,0.2014652014652014,0.1025641025641025,0.0476190476190476,0.6483516483516484,0.6483516483516484,0.1703296703296703,0.025,0.122
1630163,LaMelo Ball,NBA,2024-25,Guard,G,47,32.0,25.2,7.4,4.9,1.1,0.3,3.6,21.3,4.9,11.2,0.342,0.1784646061814556,0.2103688933200398,0.0847457627118644,0.5264207377866401,0.5264207377866401,0.2283150548354935,0.028,0.121
1630205,Lamar Stevens,NBA,2024-25,Wing,F,17,9.1,4.4,0.5,2.2,0.3,0.2,0.6,3.7,0.6,1.6,0.21,0.3015873015873015,0.2063492063492063,0.0634920634920634,0.4285714285714285,0.4285714285714285,0.1746031746031746,0.027,0.184
1629013,Landry Shamet,NBA,2024-25,Guard,G,50,15.2,5.7,0.5,1.2,0.5,0.0,0.4,4.6,0.4,3.1,0.143,0.1521739130434782,0.0782608695652174,0.0913043478260869,0.6782608695652174,0.6782608695652174,0.0782608695652174,0.014,0.064
1626204,Larry Nance Jr.,NBA,2024-25,Big,F-C,24,19.3,8.5,1.6,4.3,0.8,0.5,0.7,6.5,0.5,3.2,0.155,0.3096774193548387,0.1548387096774193,0.0451612903225806,0.4903225806451612,0.4903225806451612,0.0838709677419354,0.046,0.174
1628374,Lauri Markkanen,NBA,2024-25,Big,F-C,47,31.4,19.0,1.5,5.9,0.7,0.4,1.4,14.9,3.9,8.5,0.231,0.2014285714285714,0.1671428571428571,0.0614285714285714,0.57,0.57,0.2642857142857143,0.046,0.134
2544,LeBron James,NBA,2024-25,Wing,F,70,34.9,24.4,8.2,7.8,1.0,0.6,3.7,18.1,4.7,5.7,0.291,0.3039370078740157,0.2125984251968504,0.1716535433070866,0.3118110236220472,0.3118110236220472,0.2606299212598425,0.031,0.187
1631159,Leonard Miller,NBA,2024-25,Wing,F,13,2.4,1.5,0.0,0.8,0.2,0.1,0.2,1.2,0.6,0.4,0.239,0.4666666666666667,0.1333333333333333,0.0666666666666666,0.3333333333333333,0.3333333333333333,0.5333333333333333,0.073,0.229
1631311,Lester Quiñones,NBA,2024-25,Guard,G,13,14.1,6.6,1.8,1.5,0.2,0.2,1.1,6.0,1.0,3.4,0.213,0.2564102564102564,0.1153846153846153,0.0641025641025641,0.5641025641025641,0.5641025641025641,0.1666666666666666,0.02,0.076
1641857,Liam Robbins,NBA,2024-25,,,13,4.4,0.7,0.2,0.9,0.2,0.2,0.5,0.6,0.8,0.2,0.128,0.5,0.25,0.0,0.25,0.25,1.25,0.111,0.085
1630322,Lindy Waters III,NBA,2024-25,Wing,F,52,15.0,4.9,1.0,2.1,0.5,0.2,0.4,4.8,0.2,3.6,0.145,0.0923694779116465,0.0803212851405622,0.0803212851405622,0.7469879518072289,0.7469879518072289,0.0441767068273092,0.023,0.116
1629022,Lonnie Walker IV,NBA,2024-25,Wing,G-F,20,23.8,12.4,2.5,3.2,0.5,0.3,1.3,10.6,1.5,6.4,0.214,0.1839622641509433,0.1226415094339622,0.0943396226415094,0.5990566037735849,0.5990566037735849,0.1415094339622641,0.012,0.117
1628366,Lonzo Ball,NBA,2024-25,Guard,G,35,22.2,7.6,3.3,3.4,1.3,0.5,1.2,6.9,0.8,5.6,0.152,0.0823045267489712,0.074074074074074,0.0411522633744856,0.8024691358024691,0.8024691358024691,0.1111111111111111,0.029,0.106
1629652,Luguentz Dort,NBA,2024-25,Guard,G,71,29.2,10.1,1.6,4.1,1.1,0.5,0.7,8.4,0.6,5.8,0.133,0.1585160202360876,0.087689713322091,0.057335581787521,0.6964586846543002,0.6964586846543002,0.0775716694772344,0.041,0.093
1629029,Luka Dončić,NBA,2024-25,Wing,F-G,50,35.4,28.2,7.7,8.2,1.8,0.4,3.6,20.5,7.9,9.6,0.328,0.1541463414634146,0.2234146341463414,0.153170731707317,0.4692682926829268,0.4692682926829268,0.3853658536585366,0.023,0.198
1630568,Luka Garza,NBA,2024-25,Big,C,39,5.6,3.5,0.3,1.4,0.2,0.1,0.3,2.7,0.9,0.9,0.241,0.3619047619047619,0.2285714285714285,0.0666666666666666,0.3428571428571428,0.3428571428571428,0.3333333333333333,0.138,0.103
1628379,Luke Kennard,NBA,2024-25,Guard,G,65,22.6,8.9,3.3,2.8,0.8,0.1,1.1,6.6,0.9,4.0,0.14,0.1067285382830626,0.1647331786542923,0.1183294663573085,0.6102088167053364,0.605568445475638,0.1322505800464037,0.024,0.094
1628436,Luke Kornet,NBA,2024-25,Big,C-F,73,18.6,6.0,1.6,5.3,0.5,1.0,0.4,3.8,1.3,0.0,0.111,0.8035714285714286,0.1642857142857142,0.0214285714285714,0.0107142857142857,0.0107142857142857,0.3464285714285714,0.134,0.139
1631247,Luke Travers,NBA,2024-25,Wing,F,12,7.3,1.0,0.7,1.7,0.1,0.1,0.7,1.7,0.2,0.8,0.132,0.55,0.0,0.0,0.45,0.45,0.1,0.084,0.108
1630644,Mac McClung,NBA,2024-25,Guard,G,2,5.1,0.0,1.5,0.5,0.0,0.0,0.0,1.0,0.0,0.5,0.087,,,,,,,0.0,0.1
1630201,Malachi Flynn,NBA,2024-25,,,4,10.9,4.0,1.8,1.8,0.8,0.0,1.0,3.3,1.5,1.0,0.196,0.1538461538461538,0.4615384615384615,0.0769230769230769,0.3076923076923077,0.3076923076923077,0.4615384615384615,0.077,0.08
1631103,Malaki Branham,NBA,2024-25,Wing,F,47,9.1,5.0,0.8,1.1,0.2,0.0,0.7,4.0,0.7,1.8,0.233,0.2210526315789473,0.2052631578947368,0.131578947368421,0.4421052631578947,0.4421052631578947,0.1736842105263158,0.016,0.093
1627763,Malcolm Brogdon,NBA,2024-25,Guard,G,24,23.5,12.7,4.1,3.8,0.5,0.2,1.6,10.0,3.8,2.3,0.231,0.3541666666666667,0.2583333333333333,0.1541666666666666,0.2333333333333333,0.2333333333333333,0.3833333333333333,0.036,0.119
1642502,Malevy Leons,NBA,2024-25,,,6,3.5,0.3,0.2,0.5,0.0,0.0,0.2,0.3,0.7,0.2,0.102,0.0,0.5,0.0,0.5,0.5,2.0,0.04,0.095
1627736,Malik Beasley,NBA,2024-25,Guard,G,82,27.8,16.3,1.7,2.6,0.9,0.1,1.0,13.1,1.7,9.3,0.215,0.0830999066293183,0.1260504201680672,0.0756302521008403,0.715219421101774,0.715219421101774,0.130718954248366,0.02,0.069
1628370,Malik Monk,NBA,2024-25,Guard,G,65,31.6,17.2,5.6,3.8,0.9,0.6,2.4,14.4,2.7,6.6,0.236,0.1970181043663471,0.2502662406815761,0.0969116080937167,0.4558040468583599,0.4558040468583599,0.1895633652822151,0.014,0.104
1630699,MarJon Beauchamp,NBA,2024-25,Wing,F,35,4.5,2.3,0.3,1.3,0.1,0.0,0.4,1.9,0.6,0.8,0.222,0.2307692307692307,0.123076923076923,0.2,0.4461538461538462,0.4461538461538462,0.3076923076923077,0.064,0.198
1630542,Marcus Bagley,NBA,2024-25,Wing,,10,25.3,6.7,1.0,7.0,0.9,1.2,0.7,6.9,1.0,3.2,0.128,0.4347826086956521,0.0869565217391304,0.0144927536231884,0.463768115942029,0.463768115942029,0.144927536231884,0.078,0.175
1630585,Marcus Garrett,NBA,2024-25,,,4,19.8,7.0,3.3,1.5,0.8,0.5,1.5,6.8,1.0,2.0,0.193,0.1851851851851851,0.4814814814814814,0.037037037037037,0.2962962962962963,0.2962962962962963,0.1481481481481481,0.013,0.057
1631204,Marcus Sasser,NBA,2024-25,Guard,G,57,14.2,6.6,2.3,1.2,0.6,0.1,0.9,5.2,0.9,2.7,0.187,0.1554054054054054,0.1925675675675675,0.1385135135135135,0.5135135135135135,0.5135135135135135,0.1722972972972972,0.021,0.06
203935,Marcus Smart,NBA,2024-25,Guard,G,34,20.0,9.0,3.2,2.1,1.1,0.3,1.6,7.6,2.1,4.1,0.198,0.1011673151750972,0.2996108949416342,0.0505836575875486,0.5486381322957199,0.5486381322957199,0.2762645914396887,0.024,0.069
1631109,Mark Williams,NBA,2024-25,Big,C,44,26.6,15.3,2.5,10.2,0.7,1.2,1.6,10.2,3.7,0.1,0.21,0.6756152125279642,0.29082774049217,0.0246085011185682,0.0089485458612975,0.0089485458612975,0.3646532438478747,0.103,0.255
1628365,Markelle Fultz,NBA,2024-25,Guard,G,21,8.8,2.9,1.3,1.0,0.5,0.1,0.7,3.2,0.0,0.4,0.196,0.0746268656716417,0.5074626865671642,0.2985074626865671,0.1194029850746268,0.1194029850746268,0.0149253731343283,0.036,0.077
202693,Markieff Morris,NBA,2024-25,Wing,F,15,11.0,3.7,1.4,1.5,0.1,0.2,0.3,4.7,0.4,2.4,0.202,0.1142857142857142,0.1428571428571428,0.2285714285714285,0.5142857142857142,0.5142857142857142,0.0857142857142857,0.017,0.114
1628963,Marvin Bagley III,NBA,2024-25,Wing,F,31,8.6,4.4,0.4,2.7,0.3,0.3,0.4,3.4,1.1,0.6,0.2,0.5566037735849056,0.2169811320754717,0.0471698113207547,0.1792452830188679,0.1792452830188679,0.330188679245283,0.128,0.159
1630222,Mason Jones,NBA,2024-25,Guard,G,10,4.5,2.3,1.1,0.9,0.0,0.1,0.1,1.8,0.5,0.8,0.193,0.1666666666666666,0.3888888888888889,0.0,0.4444444444444444,0.4444444444444444,0.2777777777777778,0.045,0.149
203486,Mason Plumlee,NBA,2024-25,Big,F-C,74,17.6,4.5,1.8,6.1,0.4,0.6,0.8,2.7,1.7,0.1,0.105,0.7079207920792079,0.2475247524752475,0.0247524752475247,0.0198019801980198,0.0198019801980198,0.6336633663366337,0.094,0.253
1641824,Matas Buzelis,NBA,2024-25,Wing,F,80,18.9,8.6,1.0,3.5,0.4,0.9,0.9,6.9,1.4,3.3,0.181,0.3693693693693693,0.1207207207207207,0.0306306306306306,0.4792792792792792,0.4792792792792792,0.1945945945945946,0.035,0.133
1629680,Matisse Thybulle,NBA,2024-25,Wing,G-F,15,20.8,7.5,1.9,3.5,2.2,0.6,0.9,5.9,1.0,3.2,0.135,0.2159090909090909,0.2159090909090909,0.0227272727272727,0.5454545454545454,0.5454545454545454,0.1704545454545454,0.038,0.122
1630346,Matt Ryan,NBA,2024-25,,,19,3.6,1.5,0.2,0.4,0.1,0.0,0.2,1.6,0.1,1.0,0.208,0.1612903225806451,0.0967741935483871,0.1290322580645161,0.6129032258064516,0.6129032258064516,0.064516129032258,0.0,0.113
1631108,Max Christie,NBA,2024-25,Guard,G,78,27.3,9.6,1.9,3.3,0.8,0.4,1.1,7.6,1.9,4.0,0.15,0.1864406779661017,0.1796610169491525,0.1016949152542373,0.5322033898305085,0.5322033898305085,0.2576271186440678,0.019,0.102
1629622,Max Strus,NBA,2024-25,Wing,G-F,50,25.5,9.4,3.2,4.3,0.5,0.2,1.1,7.5,0.7,5.9,0.143,0.1581769436997319,0.0536193029490616,0.002680965147453,0.7855227882037533,0.7855227882037533,0.0911528150134048,0.041,0.118
1628467,Maxi Kleber,NBA,2024-25,Wing,F,34,18.7,3.0,1.3,2.8,0.3,0.5,0.7,2.8,0.6,1.4,0.085,0.2395833333333333,0.1458333333333333,0.1041666666666666,0.5104166666666666,0.5104166666666666,0.21875,0.04,0.105
1641721,Maxwell Lewis,NBA,2024-25,Wing,F,28,11.7,4.1,0.7,2.0,0.3,0.3,0.5,3.9,0.4,1.8,0.164,0.2777777777777778,0.1944444444444444,0.0648148148148148,0.4629629629629629,0.4629629629629629,0.0925925925925925,0.051,0.118
1630695,Micah Potter,NBA,2024-25,Big,C,38,18.6,4.3,0.8,4.3,0.4,0.4,0.8,3.6,0.5,2.6,0.102,0.1851851851851851,0.0814814814814814,0.0074074074074074,0.725925925925926,0.725925925925926,0.1481481481481481,0.058,0.153
1629008,Michael Porter Jr.,NBA,2024-25,Wing,F,77,33.7,18.2,2.1,7.0,0.6,0.5,1.4,13.6,2.5,6.4,0.197,0.2795801526717557,0.1278625954198473,0.1259541984732824,0.4666030534351145,0.4666030534351145,0.1851145038167939,0.055,0.146
1628969,Mikal Bridges,NBA,2024-25,Wing,G-F,82,37.0,17.6,3.7,3.2,0.9,0.5,1.6,14.4,1.4,5.6,0.192,0.2037193575655114,0.2265426880811496,0.1783601014370245,0.3913778529163144,0.3913778529163144,0.0997464074387151,0.024,0.063
201144,Mike Conley,NBA,2024-25,Guard,G,71,24.7,8.2,4.5,2.6,1.1,0.2,1.1,6.6,1.3,4.4,0.141,0.1196581196581196,0.1602564102564102,0.0576923076923076,0.6623931623931624,0.6623931623931624,0.1923076923076923,0.018,0.085
1628970,Miles Bridges,NBA,2024-25,Wing,F,64,31.7,20.3,3.9,7.5,0.7,0.7,2.1,17.0,4.0,7.0,0.273,0.303030303030303,0.2323232323232323,0.0514233241505968,0.4132231404958678,0.4132231404958678,0.2332415059687786,0.033,0.189
1630540,Miles McBride,NBA,2024-25,Guard,G,64,24.9,9.5,2.9,2.5,1.0,0.3,0.6,8.5,1.0,4.9,0.162,0.1663619744058501,0.1042047531992687,0.1590493601462523,0.5703839122486288,0.5703839122486288,0.1170018281535649,0.028,0.069
1641936,Miles Norris,NBA,2024-25,Wing,F,3,11.6,2.3,0.0,3.0,0.7,0.3,0.0,3.0,0.7,2.3,0.127,0.1111111111111111,0.1111111111111111,0.0,0.7777777777777778,0.7777777777777778,0.2222222222222222,0.048,0.171
1629011,Mitchell Robinson,NBA,2024-25,Big,C-F,17,17.1,5.1,0.8,5.9,0.9,1.1,0.6,3.3,1.1,0.0,0.109,0.9464285714285714,0.0535714285714285,0.0,0.0,0.0,0.3392857142857143,0.174,0.176
1628964,Mo Bamba,NBA,2024-25,Big,,32,12.9,4.3,0.6,4.5,0.3,1.0,0.6,3.5,0.8,1.7,0.15,0.3303571428571428,0.1517857142857142,0.0357142857142857,0.4821428571428571,0.4821428571428571,0.2410714285714285,0.079,0.268
1628420,Monte Morris,NBA,2024-25,Guard,G,45,12.7,5.2,1.6,1.5,0.4,0.1,0.5,4.3,0.9,1.9,0.173,0.1025641025641025,0.3025641025641025,0.1538461538461538,0.441025641025641,0.441025641025641,0.2153846153846154,0.021,0.088
1629021,Moritz Wagner,NBA,2024-25,Big,F-C,30,18.8,12.9,1.4,4.9,0.8,0.4,1.6,8.3,3.7,2.5,0.254,0.5823293172690763,0.1124497991967871,0.0040160642570281,0.3012048192771084,0.3012048192771084,0.4417670682730923,0.067,0.201
1629650,Moses Brown,NBA,2024-25,,,13,9.1,5.8,0.2,3.4,0.5,0.3,0.8,3.8,0.8,0.0,0.216,0.6938775510204082,0.3061224489795918,0.0,0.0,0.0,0.2244897959183673,0.098,0.224
1630541,Moses Moody,NBA,2024-25,Guard,G,74,22.3,9.8,1.3,2.6,0.8,0.4,0.7,7.7,1.8,4.6,0.17,0.198943661971831,0.153169014084507,0.0545774647887323,0.5933098591549296,0.5933098591549296,0.2341549295774647,0.029,0.084
1631243,Mouhamed Gueye,NBA,2024-25,Wing,F,33,16.1,6.0,0.8,4.2,0.8,1.0,0.5,5.2,1.3,2.5,0.155,0.3567251461988304,0.1403508771929824,0.0292397660818713,0.4736842105263157,0.4736842105263157,0.2456140350877192,0.078,0.179
1631217,Moussa Diabaté,NBA,2024-25,Wing,F,71,17.5,5.7,0.8,6.2,0.6,0.6,0.9,3.9,1.6,0.1,0.13,0.7142857142857143,0.2535714285714285,0.0107142857142857,0.0214285714285714,0.0214285714285714,0.4142857142857143,0.135,0.209
1626167,Myles Turner,NBA,2024-25,Big,C-F,72,30.2,15.6,1.5,6.5,0.8,2.0,1.7,11.3,3.3,5.5,0.207,0.2305795314426633,0.1935881627620222,0.0900123304562268,0.4858199753390875,0.4858199753390875,0.2934648581997534,0.043,0.169
1642368,N'Faly Dante,NBA,2024-25,Big,C,4,12.7,6.0,0.5,5.3,0.3,1.3,0.5,3.3,1.3,0.0,0.133,0.6923076923076923,0.2307692307692307,0.0769230769230769,0.0,0.0,0.3846153846153846,0.122,0.268
1641772,Nae'Qwan Tomlin,NBA,2024-25,Wing,F,5,12.7,7.2,0.4,4.2,0.0,0.2,0.4,6.4,2.2,2.0,0.23,0.53125,0.15625,0.0,0.3125,0.3125,0.34375,0.117,0.145
1630230,Naji Marshall,NBA,2024-25,Wing,F,69,27.8,13.2,3.0,4.8,1.0,0.2,1.6,10.3,2.3,3.2,0.197,0.2935393258426966,0.3441011235955056,0.0561797752808988,0.3061797752808989,0.3061797752808989,0.2247191011235955,0.04,0.125
1631466,Nate Williams,NBA,2024-25,Guard,G,20,7.3,3.3,0.5,0.7,0.4,0.2,0.7,3.1,0.4,1.3,0.212,0.1935483870967742,0.3548387096774194,0.032258064516129,0.4193548387096774,0.4193548387096774,0.1290322580645161,0.033,0.053
1629675,Naz Reid,NBA,2024-25,Big,C-F,80,27.5,14.2,2.3,6.0,0.7,0.9,1.4,11.5,1.8,5.8,0.21,0.2416034669555796,0.2275189599133261,0.0303358613217768,0.5005417118093174,0.5005417118093174,0.1549295774647887,0.041,0.171
1629674,Neemias Queta,NBA,2024-25,Big,C,62,13.9,5.0,0.7,3.8,0.3,0.7,0.6,3.3,1.0,0.0,0.136,0.7142857142857143,0.2512315270935961,0.0197044334975369,0.0147783251231527,0.0147783251231527,0.3004926108374384,0.105,0.168
1629651,Nic Claxton,NBA,2024-25,Big,C,70,26.9,10.3,2.2,7.4,0.9,1.4,1.2,8.1,2.2,0.3,0.166,0.5686619718309859,0.3362676056338028,0.0580985915492957,0.0369718309859154,0.0369718309859154,0.2711267605633803,0.08,0.198
1630208,Nick Richards,NBA,2024-25,Big,C,57,22.0,9.3,0.9,8.2,0.2,1.0,1.4,6.1,2.8,0.0,0.169,0.6340057636887608,0.3112391930835735,0.0489913544668587,0.0057636887608069,0.0057636887608069,0.4610951008645533,0.118,0.243
1641733,Nick Smith Jr.,NBA,2024-25,Guard,G,60,22.8,9.9,2.4,2.1,0.3,0.1,1.4,9.5,0.8,5.1,0.205,0.079225352112676,0.2517605633802817,0.130281690140845,0.5387323943661971,0.5387323943661971,0.0809859154929577,0.009,0.08
1629638,Nickeil Alexander-Walker,NBA,2024-25,Guard,G,82,25.3,9.4,2.7,3.2,0.6,0.4,1.2,7.5,1.4,4.5,0.155,0.1996753246753246,0.1428571428571428,0.0568181818181818,0.6006493506493507,0.6006493506493507,0.1915584415584415,0.026,0.098
201587,Nicolas Batum,NBA,2024-25,Wing,G-F,78,17.5,4.0,1.1,2.8,0.7,0.5,0.4,3.1,0.3,2.6,0.087,0.088235294117647,0.0294117647058823,0.0294117647058823,0.8529411764705882,0.8529411764705882,0.088235294117647,0.034,0.117
203999,Nikola Jokić,NBA,2024-25,Big,C,70,36.7,29.6,10.2,12.7,1.8,0.6,3.3,19.5,6.4,4.7,0.285,0.3159824046920821,0.3563049853372434,0.0850439882697947,0.2426686217008797,0.2426686217008797,0.3306451612903225,0.083,0.252
1631107,Nikola Jović,NBA,2024-25,Wing,F,46,25.1,10.7,2.8,3.9,0.8,0.3,1.3,8.2,1.9,4.6,0.178,0.2360742705570291,0.1591511936339522,0.0477453580901856,0.5570291777188329,0.5570291777188329,0.2307692307692307,0.022,0.127
202696,Nikola Vučević,NBA,2024-25,Big,C,73,31.2,18.5,3.5,10.1,0.8,0.7,1.6,14.2,2.0,4.4,0.221,0.2630057803468208,0.3236994219653179,0.1040462427745664,0.3092485549132948,0.3092485549132948,0.1435452793834296,0.076,0.228
1641730,Noah Clowney,NBA,2024-25,Big,F-C,46,22.7,9.1,0.9,3.9,0.5,0.5,1.0,8.1,1.7,5.7,0.185,0.1639784946236559,0.1182795698924731,0.0161290322580645,0.7016129032258065,0.7016129032258065,0.2150537634408602,0.037,0.138
1626181,Norman Powell,NBA,2024-25,Guard,G,60,32.6,21.8,2.1,3.2,1.2,0.2,1.8,15.8,4.4,7.1,0.255,0.2603174603174603,0.2052910052910053,0.0814814814814814,0.4529100529100529,0.4529100529100529,0.2804232804232804,0.011,0.085
1628384,OG Anunoby,NBA,2024-25,Wing,F-G,74,36.6,18.0,2.2,4.8,1.5,0.9,1.4,13.9,3.1,6.2,0.195,0.379746835443038,0.0963972736124634,0.0759493670886076,0.4479065238558909,0.4479065238558909,0.2200584225900681,0.037,0.098
1630167,Obi Toppin,NBA,2024-25,Wing,F,79,19.6,10.5,1.6,4.0,0.6,0.4,0.9,7.6,1.4,3.8,0.191,0.340567612687813,0.1218697829716193,0.0350584307178631,0.5025041736227045,0.5025041736227045,0.1903171953255425,0.036,0.167
1630534,Ochai Agbaji,NBA,2024-25,Guard,G,64,27.2,10.4,1.5,3.8,0.9,0.5,0.8,8.3,0.8,4.0,0.144,0.4138576779026217,0.0823970037453183,0.0299625468164794,0.4737827715355805,0.4737827715355805,0.0898876404494382,0.033,0.098
1641765,Olivier-Maxence Prosper,NBA,2024-25,Wing,F,52,11.2,3.9,0.8,2.4,0.5,0.1,0.3,3.3,1.5,1.0,0.158,0.4310344827586206,0.2183908045977011,0.057471264367816,0.293103448275862,0.293103448275862,0.4367816091954023,0.071,0.137
1630168,Onyeka Okongwu,NBA,2024-25,Big,F-C,74,27.9,13.4,2.3,8.9,0.9,0.9,1.2,9.2,2.9,2.0,0.169,0.5482456140350878,0.2280701754385964,0.0073099415204678,0.2163742690058479,0.2163742690058479,0.3157894736842105,0.103,0.213
1631115,Orlando Robinson,NBA,2024-25,Big,,44,17.5,6.9,1.8,5.0,0.4,0.4,1.1,5.9,1.6,1.2,0.177,0.3984674329501915,0.367816091954023,0.0344827586206896,0.1992337164750957,0.1992337164750957,0.2681992337164751,0.097,0.161
1631131,Oscar Tshiebwe,NBA,2024-25,Big,F-C,14,18.2,7.6,0.6,8.7,0.9,0.1,0.7,5.0,2.2,0.0,0.144,0.5,0.4857142857142857,0.0142857142857142,0.0,0.0,0.4428571428571428,0.16,0.286
1629052,Oshae Brissett,NBA,2024-25,,,6,23.7,8.7,0.7,3.7,0.7,0.5,1.3,6.5,2.3,3.0,0.154,0.358974358974359,0.1794871794871795,0.0,0.4615384615384615,0.4615384615384615,0.358974358974359,0.047,0.115
1642345,Oso Ighodaro,NBA,2024-25,Wing,F,61,17.1,4.2,1.2,3.6,0.5,0.5,0.6,3.1,0.8,0.0,0.103,0.4385026737967914,0.4973262032085561,0.053475935828877,0.0106951871657754,0.0106951871657754,0.267379679144385,0.063,0.143
1631172,Ousmane Dieng,NBA,2024-25,Wing,F,37,10.9,3.8,0.8,2.2,0.5,0.2,0.5,3.4,0.4,1.9,0.152,0.232,0.144,0.056,0.568,0.568,0.128,0.04,0.142
200782,P.J. Tucker,NBA,2024-25,Wing,F,3,19.3,3.0,0.0,2.7,0.3,0.3,0.3,2.3,0.0,2.0,0.059,0.0,0.0,0.1428571428571428,0.8571428571428571,0.8571428571428571,0.0,0.062,0.103
1629023,P.J. Washington,NBA,2024-25,Wing,F,57,32.2,14.7,2.3,7.8,1.1,1.1,2.1,11.7,3.5,4.2,0.198,0.2827067669172932,0.3067669172932331,0.0511278195488721,0.3593984962406015,0.3593984962406015,0.2977443609022556,0.044,0.183
1628408,PJ Dozier,NBA,2024-25,,,9,3.9,0.8,0.6,0.6,0.1,0.0,0.1,0.3,0.7,0.3,0.082,0.0,0.0,0.0,1.0,1.0,2.0,0.04,0.125
1641790,PJ Hall,NBA,2024-25,Big,C,19,3.5,1.7,0.2,1.2,0.0,0.2,0.1,1.3,0.2,0.4,0.176,0.4583333333333333,0.1666666666666666,0.0416666666666666,0.3333333333333333,0.3333333333333333,0.1666666666666666,0.079,0.219
1642359,Pacôme Dadiet,NBA,2024-25,Wing,F,18,6.2,1.7,0.3,1.0,0.2,0.1,0.2,1.7,0.3,1.1,0.142,0.1290322580645161,0.0967741935483871,0.1612903225806451,0.6129032258064516,0.6129032258064516,0.1935483870967742,0.028,0.128
1631094,Paolo Banchero,NBA,2024-25,Wing,F,46,34.4,25.9,4.8,7.5,0.8,0.6,3.0,19.8,8.4,5.9,0.33,0.265642151481888,0.1964873765093304,0.239297475301866,0.2985729967069154,0.2985729967069154,0.4226125137211855,0.031,0.192
1627783,Pascal Siakam,NBA,2024-25,Wing,F,78,32.7,20.2,3.4,6.9,0.9,0.5,1.4,15.2,3.9,4.2,0.237,0.2893401015228426,0.2622673434856176,0.1742808798646362,0.2741116751269035,0.2741116751269035,0.260575296108291,0.053,0.154
1626192,Pat Connaughton,NBA,2024-25,Guard,G,41,14.7,5.3,1.7,2.7,0.2,0.3,0.6,4.3,0.8,2.0,0.151,0.384180790960452,0.1242937853107344,0.0338983050847457,0.4576271186440678,0.4576271186440678,0.1751412429378531,0.032,0.14
1630311,Pat Spencer,NBA,2024-25,Guard,G,39,6.4,2.5,1.2,1.2,0.4,0.1,0.5,2.6,0.4,0.6,0.204,0.3069306930693069,0.3762376237623762,0.099009900990099,0.2178217821782178,0.2178217821782178,0.1485148514851485,0.055,0.131
1631116,Patrick Baldwin Jr.,NBA,2024-25,Wing,F,24,4.4,2.2,0.1,1.0,0.1,0.1,0.2,1.5,0.2,1.0,0.151,0.2857142857142857,0.0571428571428571,0.0,0.6571428571428571,0.6571428571428571,0.1142857142857142,0.038,0.189
1630172,Patrick Williams,NBA,2024-25,Wing,F,63,25.0,9.0,2.0,3.8,0.8,0.5,1.4,8.2,1.3,4.3,0.165,0.2364341085271318,0.1531007751937984,0.0833333333333333,0.5271317829457365,0.5271317829457365,0.1608527131782945,0.025,0.113
201988,Patty Mills,NBA,2024-25,Guard,G,29,11.1,3.8,0.9,0.8,0.4,0.1,0.6,3.3,0.5,2.6,0.15,0.0520833333333333,0.0729166666666666,0.09375,0.78125,0.78125,0.1458333333333333,0.012,0.051
202331,Paul George,NBA,2024-25,Wing,F,41,32.5,16.2,4.3,5.3,1.8,0.5,2.6,13.9,2.4,6.5,0.233,0.1403508771929824,0.1175438596491228,0.2719298245614035,0.4701754385964912,0.4701754385964912,0.1701754385964912,0.018,0.153
1630194,Paul Reed,NBA,2024-25,Wing,F,45,9.7,4.1,1.0,2.7,0.9,0.6,0.6,3.2,0.9,0.6,0.179,0.4577464788732394,0.2112676056338028,0.1338028169014084,0.1971830985915492,0.1971830985915492,0.2957746478873239,0.09,0.197
1630202,Payton Pritchard,NBA,2024-25,Guard,G,80,28.4,14.3,3.5,3.8,0.9,0.2,1.0,10.8,1.1,7.8,0.186,0.1501154734411085,0.0658198614318706,0.0612009237875288,0.7228637413394919,0.7228637413394919,0.0969976905311778,0.042,0.087
1641796,Pelle Larsson,NBA,2024-25,Guard,G,55,14.2,4.6,1.2,1.7,0.6,0.1,0.4,3.7,1.1,1.7,0.141,0.3940886699507389,0.1231527093596059,0.0147783251231527,0.4679802955665024,0.4679802955665024,0.3004926108374384,0.036,0.081
1631250,Pete Nance,NBA,2024-25,Wing,F,13,10.6,2.9,0.8,1.6,0.2,0.2,0.3,2.5,0.2,1.8,0.116,0.15625,0.03125,0.0625,0.75,0.75,0.0625,0.036,0.115
1631212,Peyton Watson,NBA,2024-25,Guard,G,68,24.3,8.1,1.4,3.4,0.7,1.4,0.8,6.3,2.0,2.0,0.138,0.455607476635514,0.1869158878504672,0.0397196261682243,0.3177570093457944,0.3177570093457944,0.3200934579439252,0.03,0.103
1630762,Phillip Wheeler,NBA,2024-25,,,5,8.9,1.6,0.4,1.6,0.2,0.4,0.2,4.2,0.4,2.0,0.221,,,,,,,0.036,0.125
1630173,Precious Achiuwa,NBA,2024-25,Wing,F,57,20.5,6.6,1.0,5.6,0.8,0.7,0.8,5.7,1.2,0.6,0.143,0.5871559633027523,0.2629969418960244,0.0397553516819571,0.110091743119266,0.110091743119266,0.2110091743119266,0.084,0.188
1629656,Quentin Grimes,NBA,2024-25,Guard,G,75,26.8,14.6,3.0,4.3,1.0,0.3,1.9,11.0,2.9,5.6,0.218,0.2770352369380316,0.0911300121506683,0.1202916160388821,0.511543134872418,0.511543134872418,0.2600243013365735,0.028,0.126
1631245,Quenton Jackson,NBA,2024-25,Guard,G,28,13.6,5.8,1.9,1.6,0.8,0.2,0.6,4.4,1.4,1.4,0.167,0.5245901639344263,0.0901639344262295,0.0573770491803278,0.3278688524590163,0.3278688524590163,0.3278688524590163,0.035,0.079
1642439,Quincy Olivari,NBA,2024-25,,,2,5.2,1.5,0.5,0.0,0.0,0.0,0.5,2.5,0.0,2.5,0.231,0.0,0.0,0.0,1.0,1.0,0.0,0.0,0.0
1642366,Quinten Post,NBA,2024-25,Big,C,42,16.3,8.1,1.3,3.5,0.4,0.4,0.8,6.5,0.6,4.3,0.197,0.1897810218978102,0.1277372262773722,0.0291970802919708,0.6532846715328468,0.6532846715328468,0.0985401459854014,0.049,0.166
1629628,RJ Barrett,NBA,2024-25,Wing,F-G,58,32.2,21.1,5.4,6.3,0.8,0.3,2.9,16.9,5.4,5.3,0.281,0.4103869653767821,0.2372708757637474,0.0407331975560081,0.3116089613034623,0.3116089613034623,0.3167006109979633,0.031,0.159
1642484,RayJ Dennis,NBA,2024-25,Guard,G,11,6.4,2.7,1.3,1.1,0.6,0.2,0.5,3.0,0.2,1.9,0.212,0.0606060606060606,0.2424242424242424,0.0606060606060606,0.6363636363636364,0.6363636363636364,0.0606060606060606,0.025,0.116
1641712,Rayan Rupert,NBA,2024-25,Wing,G-F,52,8.8,3.0,0.5,1.3,0.3,0.1,0.6,2.7,0.6,1.1,0.156,0.3098591549295774,0.2394366197183098,0.0352112676056338,0.4154929577464789,0.4154929577464789,0.2112676056338028,0.049,0.097
1641736,Reece Beekman,NBA,2024-25,Guard,G,36,13.0,2.6,1.8,1.1,0.9,0.1,0.6,3.0,0.6,1.1,0.122,0.3551401869158878,0.2242990654205607,0.0467289719626168,0.3738317757009345,0.3738317757009345,0.1962616822429906,0.024,0.061
1642263,Reed Sheppard,NBA,2024-25,Guard,G,52,12.6,4.4,1.4,1.5,0.7,0.3,0.7,4.6,0.3,2.7,0.171,0.100418410041841,0.1589958158995816,0.1464435146443514,0.5941422594142259,0.5941422594142259,0.0669456066945606,0.022,0.086
202704,Reggie Jackson,NBA,2024-25,Guard,,31,12.4,4.4,1.5,1.4,0.5,0.1,0.5,4.3,0.3,2.4,0.17,0.1428571428571428,0.1654135338345864,0.1353383458646616,0.556390977443609,0.556390977443609,0.0676691729323308,0.02,0.093
1626158,Richaun Holmes,NBA,2024-25,Wing,F,31,17.2,7.4,1.4,5.7,0.3,0.7,0.7,4.5,1.9,0.1,0.143,0.7050359712230215,0.2589928057553957,0.014388489208633,0.0215827338129496,0.0215827338129496,0.4316546762589928,0.113,0.208
1641741,Ricky Council IV,NBA,2024-25,Guard,G,73,17.1,7.3,1.3,2.9,0.4,0.2,0.7,6.3,2.1,2.9,0.196,0.2872570194384449,0.203023758099352,0.0496760259179265,0.4600431965442764,0.4600431965442764,0.3304535637149028,0.039,0.13
1642434,Riley Minix,NBA,2024-25,Wing,F,1,6.8,0.0,0.0,2.0,0.0,0.0,0.0,1.0,0.0,1.0,0.063,,,,,,,0.0,0.2
1642265,Rob Dillingham,NBA,2024-25,Guard,G,49,10.5,4.5,2.0,1.0,0.4,0.0,1.1,4.3,0.3,1.5,0.215,0.2796208530805687,0.2274881516587677,0.1421800947867298,0.3507109004739336,0.3507109004739336,0.0710900473933649,0.022,0.07
1629057,Robert Williams III,NBA,2024-25,Big,C-F,20,17.6,5.8,1.1,5.9,0.7,1.7,0.9,3.9,0.9,0.2,0.12,0.7692307692307693,0.1538461538461538,0.0384615384615384,0.0384615384615384,0.0384615384615384,0.2179487179487179,0.097,0.217
1631199,Ron Harper Jr.,NBA,2024-25,Wing,G-F,1,17.0,4.0,2.0,7.0,0.0,0.0,0.0,8.0,2.0,6.0,0.205,0.125,0.125,0.0,0.75,0.75,0.25,0.182,0.2
1641842,Ronald Holland II,NBA,2024-25,Wing,F,81,15.6,6.4,1.0,2.7,0.6,0.2,0.9,5.1,1.5,1.9,0.177,0.3798076923076923,0.2115384615384615,0.0456730769230769,0.3629807692307692,0.3629807692307692,0.2932692307692308,0.03,0.136
1626220,Royce O'Neale,NBA,2024-25,Wing,F,75,24.5,9.1,2.2,4.7,0.9,0.4,0.9,7.6,0.3,5.9,0.151,0.1157894736842105,0.0894736842105263,0.0210526315789473,0.7736842105263158,0.7736842105263158,0.0456140350877193,0.029,0.157
203497,Rudy Gobert,NBA,2024-25,Big,C,72,33.2,12.0,1.8,10.9,0.8,1.4,1.2,7.1,3.8,0.0,0.129,0.8372549019607843,0.1490196078431372,0.0137254901960784,0.0,0.0,0.5352941176470588,0.111,0.21
1629060,Rui Hachimura,NBA,2024-25,Wing,F,59,31.7,13.1,1.4,5.0,0.8,0.4,0.8,9.8,1.9,4.2,0.156,0.3263888888888889,0.1684027777777778,0.0763888888888889,0.4288194444444444,0.4288194444444444,0.1961805555555555,0.044,0.111
201566,Russell Westbrook,NBA,2024-25,Guard,G,75,27.9,13.3,6.1,4.9,1.4,0.5,3.2,11.1,3.1,3.9,0.23,0.3886883273164861,0.1636582430806257,0.0974729241877256,0.3501805054151624,0.3501805054151624,0.2803850782190132,0.05,0.119
1642346,Ryan Dunn,NBA,2024-25,Wing,F,74,19.1,6.9,0.8,3.6,0.6,0.5,0.5,6.4,0.5,3.6,0.161,0.2075471698113207,0.2138364779874214,0.0251572327044025,0.5534591194968553,0.5534591194968553,0.0817610062893081,0.063,0.117
1631157,Ryan Rollins,NBA,2024-25,Guard,G,56,14.6,6.2,1.9,1.9,0.8,0.3,0.9,4.8,0.8,2.1,0.179,0.2656826568265683,0.1734317343173431,0.1180811808118081,0.4428044280442804,0.4428044280442804,0.1660516605166051,0.027,0.098
1630573,Sam Hauser,NBA,2024-25,Wing,F,71,21.7,8.5,0.9,3.2,0.6,0.2,0.3,6.7,0.2,5.6,0.14,0.0675105485232067,0.0337552742616033,0.0569620253164556,0.8417721518987342,0.8417721518987342,0.0232067510548523,0.027,0.113
1630241,Sam Merrill,NBA,2024-25,Guard,G,71,19.7,7.2,1.5,2.2,0.7,0.2,0.5,6.0,0.4,5.2,0.14,0.0896226415094339,0.0283018867924528,0.0141509433962264,0.8679245283018868,0.8679245283018868,0.0683962264150943,0.026,0.077
1630572,Sandro Mamukelashvili,NBA,2024-25,Big,F-C,61,11.2,6.3,0.8,3.1,0.4,0.3,0.4,4.6,1.0,2.6,0.202,0.298932384341637,0.1032028469750889,0.0249110320284697,0.5729537366548043,0.5729537366548043,0.2064056939501779,0.086,0.176
1630583,Santi Aldama,NBA,2024-25,Big,F-C,65,25.5,12.5,2.9,6.4,0.8,0.4,1.1,10.0,1.4,5.0,0.179,0.2407407407407407,0.2067901234567901,0.0493827160493827,0.5030864197530864,0.5030864197530864,0.1450617283950617,0.052,0.181
1630703,Scoot Henderson,NBA,2024-25,Guard,G,66,26.7,12.7,5.1,3.0,1.0,0.2,2.7,10.4,3.1,4.5,0.22,0.3007299270072993,0.1722627737226277,0.0934306569343065,0.4335766423357664,0.4335766423357664,0.3007299270072993,0.028,0.083
1630567,Scottie Barnes,NBA,2024-25,Wing,F-G,65,32.8,19.3,5.8,7.7,1.4,1.0,2.8,16.4,4.6,4.3,0.262,0.2662276575729069,0.2803386641580432,0.1900282220131702,0.2634054562558796,0.2634054562558796,0.2841015992474129,0.047,0.176
1630590,Scotty Pippen Jr.,NBA,2024-25,Guard,G,79,21.3,9.9,4.4,3.3,1.3,0.4,1.7,7.5,2.2,2.8,0.188,0.3265993265993266,0.2760942760942761,0.0286195286195286,0.3686868686868687,0.3686868686868687,0.2878787878787879,0.035,0.105
203552,Seth Curry,NBA,2024-25,Guard,G,68,15.6,6.5,0.9,1.7,0.4,0.1,0.5,5.0,0.6,2.7,0.151,0.0932944606413994,0.119533527696793,0.2565597667638484,0.5306122448979592,0.5306122448979592,0.1137026239067055,0.02,0.081
1631101,Shaedon Sharpe,NBA,2024-25,Guard,G,72,31.3,18.5,2.8,4.5,0.9,0.2,2.1,15.3,3.4,6.6,0.25,0.266304347826087,0.1485507246376811,0.1576086956521739,0.427536231884058,0.427536231884058,0.2192028985507246,0.029,0.114
1628983,Shai Gilgeous-Alexander,NBA,2024-25,Guard,G,76,34.2,32.7,6.4,5.0,1.7,1.0,2.4,21.8,8.8,5.7,0.336,0.2548309178743961,0.2723429951690821,0.2101449275362318,0.2626811594202898,0.2626811594202898,0.4039855072463768,0.025,0.112
1629003,Shake Milton,NBA,2024-25,Guard,G,57,14.7,5.5,1.8,1.8,0.4,0.1,0.7,4.5,1.0,1.9,0.162,0.2165354330708661,0.2874015748031496,0.0787401574803149,0.4173228346456692,0.4173228346456692,0.2322834645669291,0.036,0.086
1631321,Sidy Cissoko,NBA,2024-25,Guard,G,22,5.2,1.5,0.7,1.0,0.1,0.0,0.5,1.4,0.4,0.6,0.156,0.2666666666666666,0.2666666666666666,0.0333333333333333,0.4333333333333333,0.4333333333333333,0.3,0.068,0.1
1631323,Simone Fontecchio,NBA,2024-25,Wing,F,75,16.5,5.9,0.9,2.9,0.4,0.2,0.7,5.0,1.1,3.0,0.152,0.2117962466487935,0.1099195710455764,0.0697050938337801,0.6085790884718498,0.6085790884718498,0.225201072386059,0.04,0.127
1627746,Skal Labissiere,NBA,2024-25,,,4,3.0,1.3,0.3,0.8,0.0,0.0,0.0,1.0,0.0,0.3,0.129,,,,,,,0.083,0.222
203915,Spencer Dinwiddie,NBA,2024-25,Guard,G,79,27.0,11.0,4.4,2.6,0.9,0.2,1.3,8.6,3.1,4.1,0.175,0.1788856304985337,0.2448680351906158,0.0982404692082111,0.4780058651026393,0.4780058651026393,0.3563049853372434,0.008,0.086
1642461,Spencer Jones,NBA,2024-25,Wing,F,20,6.2,1.3,0.3,0.9,0.3,0.3,0.3,1.7,0.2,0.9,0.128,0.2058823529411764,0.2352941176470588,0.0588235294117647,0.5,0.5,0.088235294117647,0.057,0.067
1630649,Stanley Umude,NBA,2024-25,Guard,G,22,3.9,0.7,0.2,0.8,0.1,0.3,0.1,1.2,0.2,0.7,0.137,0.1153846153846153,0.1923076923076923,0.1153846153846153,0.5769230769230769,0.5769230769230769,0.1538461538461538,0.043,0.131
201939,Stephen Curry,NBA,2024-25,Guard,G,70,32.2,24.5,6.0,4.4,1.1,0.4,2.9,18.0,4.3,11.2,0.286,0.1287758346581876,0.1446740858505564,0.1033386327503974,0.6232114467408585,0.6232114467408585,0.2376788553259141,0.017,0.118
1642264,Stephon Castle,NBA,2024-25,Guard,G,81,26.7,14.7,4.1,3.7,0.9,0.3,2.2,12.2,4.2,4.1,0.253,0.3714574898785425,0.1892712550607287,0.1022267206477732,0.3370445344129554,0.3370445344129554,0.3481781376518219,0.039,0.092
203500,Steven Adams,NBA,2024-25,Big,C,58,13.7,3.9,1.1,5.6,0.4,0.5,0.9,2.9,1.6,0.0,0.127,0.6766467065868264,0.311377245508982,0.0,0.0119760479041916,0.0119760479041916,0.5568862275449101,0.181,0.193
1629004,Svi Mykhailiuk,NBA,2024-25,Wing,G-F,38,20.0,8.8,2.0,2.4,0.5,0.2,1.4,7.9,0.9,5.3,0.198,0.119205298013245,0.1357615894039735,0.0728476821192053,0.6721854304635762,0.6721854304635762,0.1158940397350993,0.026,0.085
204456,T.J. McConnell,NBA,2024-25,Guard,G,79,17.9,9.1,4.4,2.4,1.1,0.3,1.4,7.9,1.0,0.6,0.226,0.3125,0.3942307692307692,0.2147435897435897,0.078525641025641,0.078525641025641,0.1233974358974359,0.032,0.104
201959,Taj Gibson,NBA,2024-25,Wing,F,37,11.1,2.9,0.6,3.2,0.2,0.5,0.7,2.6,0.5,0.1,0.132,0.631578947368421,0.2736842105263158,0.0736842105263157,0.0210526315789473,0.0210526315789473,0.2105263157894736,0.114,0.151
1629659,Talen Horton-Tucker,NBA,2024-25,Guard,G,58,12.5,6.5,1.4,1.7,0.4,0.2,0.7,5.0,1.7,2.1,0.208,0.4398625429553264,0.1168384879725085,0.0240549828178694,0.4192439862542955,0.4192439862542955,0.3367697594501718,0.025,0.097
1631106,Tari Eason,NBA,2024-25,Wing,F,57,24.9,12.0,1.5,6.4,1.7,0.9,1.1,9.8,1.8,3.2,0.185,0.4311270125223613,0.1932021466905187,0.0465116279069767,0.3291592128801431,0.3291592128801431,0.1860465116279069,0.081,0.158
1627752,Taurean Prince,NBA,2024-25,Wing,F,80,27.1,8.2,1.9,3.6,1.0,0.2,1.0,6.4,0.6,4.2,0.123,0.1926070038910506,0.1070038910505836,0.0486381322957198,0.6517509727626459,0.6517509727626459,0.0933852140077821,0.016,0.11
1641707,Taylor Hendricks,NBA,2024-25,Wing,F,3,24.8,4.7,0.7,5.0,1.7,1.3,0.7,6.0,1.3,4.0,0.113,0.1111111111111111,0.1666666666666666,0.0555555555555555,0.6666666666666666,0.6666666666666666,0.2222222222222222,0.054,0.115
1631386,Taze Moore,NBA,2024-25,,,2,9.9,3.0,0.5,4.0,1.0,0.0,1.0,5.0,1.0,2.0,0.224,0.2,0.3,0.1,0.4,0.4,0.2,0.121,0.16
1629611,Terance Mann,NBA,2024-25,Wing,G-F,67,21.1,7.7,1.8,3.0,0.7,0.2,0.7,6.2,1.0,2.4,0.145,0.3050847457627119,0.1743341404358353,0.1259079903147699,0.3946731234866828,0.3946731234866828,0.1646489104116222,0.047,0.094
1629056,Terence Davis,NBA,2024-25,Guard,G,1,7.9,0.0,1.0,1.0,0.0,0.0,0.0,2.0,0.0,1.0,0.111,,,,,,,0.0,0.111
1630545,Terrence Shannon Jr.,NBA,2024-25,Wing,G-F,32,10.6,4.3,1.0,1.5,0.2,0.2,0.5,3.6,0.7,1.0,0.166,0.4210526315789473,0.2368421052631578,0.0701754385964912,0.2719298245614035,0.2719298245614035,0.1842105263157894,0.029,0.1
1626179,Terry Rozier,NBA,2024-25,Guard,G,64,25.9,10.6,2.6,3.7,0.6,0.2,1.2,9.9,1.7,4.8,0.195,0.226771653543307,0.1889763779527559,0.0992125984251968,0.4850393700787401,0.4850393700787401,0.1700787401574803,0.025,0.113
1630678,Terry Taylor,NBA,2024-25,,,3,2.1,0.0,0.7,0.3,0.0,0.0,0.0,0.3,0.0,0.0,0.067,,,,,,,0.25,0.0
1628418,Thomas Bryant,NBA,2024-25,Big,C-F,66,14.6,6.5,0.8,3.8,0.4,0.6,0.5,4.9,1.0,2.2,0.162,0.3894080996884735,0.1183800623052959,0.0311526479750778,0.4610591900311526,0.4610591900311526,0.1993769470404984,0.085,0.169
1642275,Tidjane Salaün,NBA,2024-25,Wing,F,60,20.7,5.9,1.2,4.7,0.5,0.2,1.0,5.8,1.6,3.4,0.15,0.2231884057971014,0.144927536231884,0.0376811594202898,0.5942028985507246,0.5942028985507246,0.272463768115942,0.05,0.168
203501,Tim Hardaway Jr.,NBA,2024-25,Wing,G-F,77,28.0,11.0,1.6,2.4,0.5,0.1,0.6,8.8,1.9,5.9,0.151,0.1073529411764705,0.0911764705882352,0.1294117647058823,0.6720588235294118,0.6720588235294118,0.213235294117647,0.008,0.075
202699,Tobias Harris,NBA,2024-25,Wing,F,73,31.6,13.7,2.2,5.9,1.0,0.8,1.2,11.0,2.3,3.6,0.173,0.2198757763975155,0.293167701863354,0.1590062111801242,0.3279503105590062,0.3279503105590062,0.2062111801242236,0.028,0.155
1642449,Tolu Smith,NBA,2024-25,Wing,F,1,22.4,14.0,0.0,8.0,0.0,0.0,2.0,9.0,3.0,0.0,0.2,1.0,0.0,0.0,0.0,0.0,0.3333333333333333,0.129,0.2
1628396,Tony Bradley,NBA,2024-25,Big,C-F,14,8.1,4.4,0.4,3.0,0.1,0.6,0.4,3.2,0.4,0.2,0.182,0.6888888888888889,0.2222222222222222,0.0222222222222222,0.0666666666666666,0.0666666666666666,0.1333333333333333,0.151,0.192
1628470,Torrey Craig,NBA,2024-25,Wing,F,26,12.1,4.2,0.7,2.8,0.3,0.5,0.3,3.5,0.5,2.5,0.139,0.1666666666666666,0.0888888888888888,0.0111111111111111,0.7333333333333333,0.7333333333333333,0.1333333333333333,0.076,0.138
1641787,Tosan Evbuomwan,NBA,2024-25,Wing,F,28,23.7,9.5,2.0,4.3,0.9,0.4,1.4,7.9,2.6,2.8,0.183,0.2909090909090909,0.2954545454545454,0.0636363636363636,0.35,0.35,0.3318181818181818,0.044,0.136
1641739,Toumani Camara,NBA,2024-25,Wing,F,78,32.7,11.3,2.2,5.8,1.5,0.6,1.4,9.2,1.6,4.6,0.143,0.356145251396648,0.138268156424581,0.0027932960893854,0.5027932960893855,0.5027932960893855,0.1759776536312849,0.063,0.11
1629027,Trae Young,NBA,2024-25,Guard,G,76,36.0,24.2,11.6,3.1,1.2,0.2,4.7,18.1,7.4,8.4,0.285,0.159156976744186,0.2616279069767442,0.1126453488372093,0.4665697674418604,0.4665697674418604,0.407703488372093,0.012,0.072
1631218,Trayce Jackson-Davis,NBA,2024-25,Wing,F,62,15.6,6.6,1.7,5.0,0.4,0.6,0.7,4.9,1.6,0.0,0.164,0.7086092715231788,0.2682119205298013,0.0132450331125827,0.009933774834437,0.009933774834437,0.3377483443708609,0.115,0.192
1630200,Tre Jones,NBA,2024-25,Guard,G,46,19.7,7.2,4.2,2.5,0.8,0.2,0.8,5.2,1.5,1.0,0.136,0.4453781512605042,0.2983193277310924,0.0546218487394958,0.2016806722689075,0.2016806722689075,0.2815126050420168,0.032,0.086
1630544,Tre Mann,NBA,2024-25,Guard,G,13,24.5,14.1,3.0,2.9,0.5,0.3,1.9,12.4,1.6,4.6,0.25,0.3229813664596273,0.1987577639751552,0.1055900621118012,0.3726708074534161,0.3726708074534161,0.1304347826086956,0.034,0.079
1630570,Trendon Watford,NBA,2024-25,Wing,G-F,44,20.7,10.2,2.6,3.6,0.6,0.3,1.9,8.0,2.8,2.0,0.226,0.3742857142857143,0.34,0.0342857142857142,0.2514285714285714,0.2514285714285714,0.3485714285714286,0.038,0.132
1642280,Trentyn Flowers,NBA,2024-25,Wing,F,6,4.4,1.8,0.0,0.7,0.0,0.0,0.2,1.8,0.5,0.3,0.194,0.4545454545454545,0.2727272727272727,0.0909090909090909,0.1818181818181818,0.1818181818181818,0.2727272727272727,0.042,0.097
1630243,Trevelin Queen,NBA,2024-25,Guard,G,31,13.9,4.9,1.2,1.7,1.0,0.3,0.7,4.7,0.7,2.5,0.176,0.3129251700680272,0.1292517006802721,0.0340136054421768,0.5238095238095238,0.5238095238095238,0.1428571428571428,0.056,0.071
1641725,Trey Alexander,NBA,2024-25,Guard,G,24,4.9,1.3,0.5,0.5,0.1,0.0,0.2,1.7,0.2,0.7,0.165,0.1463414634146341,0.1707317073170731,0.2682926829268293,0.4146341463414634,0.4146341463414634,0.0975609756097561,0.008,0.087
1641998,Trey Jemison III,NBA,2024-25,Big,C,38,10.3,2.5,0.4,2.8,0.2,0.4,0.6,1.9,0.9,0.0,0.121,0.6486486486486487,0.3243243243243243,0.027027027027027,0.0,0.0,0.4459459459459459,0.114,0.141
1626168,Trey Lyles,NBA,2024-25,Wing,F,69,19.6,6.5,1.2,4.6,0.6,0.3,0.6,5.4,1.2,3.4,0.139,0.2379679144385026,0.088235294117647,0.0374331550802139,0.6363636363636364,0.6363636363636364,0.213903743315508,0.056,0.177
1630530,Trey Murphy III,NBA,2024-25,Wing,F,53,35.0,21.2,3.5,5.1,1.1,0.7,1.9,15.8,4.3,8.3,0.229,0.2526817640047676,0.1716328963051251,0.0536352800953516,0.5220500595947557,0.5220500595947557,0.2741358760429082,0.024,0.117
202684,Tristan Thompson,NBA,2024-25,Big,C-F,40,8.2,1.7,0.6,3.4,0.1,0.3,0.4,1.8,0.8,0.1,0.123,0.5211267605633803,0.4084507042253521,0.028169014084507,0.0422535211267605,0.0422535211267605,0.4225352112676056,0.084,0.271
1641774,Tristan Vukcevic,NBA,2024-25,Wing,F,35,14.6,9.4,1.1,3.7,0.3,0.7,1.2,6.9,1.9,2.9,0.252,0.2479338842975206,0.2272727272727272,0.1033057851239669,0.4214876033057851,0.4214876033057851,0.2768595041322314,0.046,0.186
1641783,Tristan da Silva,NBA,2024-25,Wing,F,74,22.0,7.2,1.5,3.3,0.4,0.2,0.8,6.5,0.9,3.2,0.149,0.2650103519668737,0.1821946169772256,0.0579710144927536,0.494824016563147,0.494824016563147,0.1304347826086956,0.042,0.114
1641803,Tristen Newton,NBA,2024-25,Guard,G,8,2.0,0.4,0.3,0.5,0.1,0.0,0.3,1.0,0.1,0.4,0.185,0.125,0.5,0.0,0.375,0.375,0.125,0.071,0.111
1629660,Ty Jerome,NBA,2024-25,Wing,G-F,70,19.9,12.5,3.4,2.5,1.1,0.0,1.3,8.8,2.1,3.6,0.229,0.1472491909385113,0.3381877022653721,0.105177993527508,0.4093851132686084,0.4093851132686084,0.2394822006472491,0.036,0.083
1631102,TyTy Washington Jr.,NBA,2024-25,Guard,G,16,7.4,2.2,1.0,0.8,0.2,0.0,0.2,2.8,0.4,1.3,0.187,0.0222222222222222,0.3111111111111111,0.2,0.4666666666666667,0.4666666666666667,0.1333333333333333,0.031,0.07
1629639,Tyler Herro,NBA,2024-25,Guard,G,77,35.4,23.9,5.5,5.2,0.9,0.2,2.6,17.9,4.2,8.7,0.271,0.1654571843251088,0.2518142235123367,0.0965166908563135,0.4862119013062409,0.4862119013062409,0.2373004354136429,0.013,0.132
1642278,Tyler Kolek,NBA,2024-25,Guard,G,41,7.2,2.0,1.7,0.7,0.3,0.1,0.4,2.0,0.4,1.1,0.152,0.1829268292682926,0.2073170731707317,0.0365853658536585,0.573170731707317,0.573170731707317,0.2073170731707317,0.027,0.059
1641890,Tyler Smith,NBA,2024-25,Wing,F,23,5.3,2.9,0.2,1.1,0.1,0.2,0.3,2.2,0.3,1.3,0.205,0.24,0.1,0.06,0.6,0.6,0.16,0.05,0.143
1630169,Tyrese Haliburton,NBA,2024-25,Guard,G,73,33.6,18.6,9.2,3.5,1.4,0.7,1.6,13.8,3.0,7.7,0.21,0.1302186878727634,0.1570576540755467,0.1540755467196819,0.558648111332008,0.558648111332008,0.220675944333996,0.017,0.087
1631213,Tyrese Martin,NBA,2024-25,Wing,F,60,21.9,8.7,2.0,3.7,0.6,0.2,1.2,7.8,1.0,4.7,0.179,0.1698924731182795,0.1655913978494623,0.0580645161290322,0.6064516129032258,0.6064516129032258,0.1247311827956989,0.04,0.133
1630178,Tyrese Maxey,NBA,2024-25,Guard,G,52,37.7,26.3,6.1,3.3,1.8,0.4,2.4,21.0,5.6,9.2,0.293,0.2923923006416132,0.1814848762603116,0.0879926672777268,0.4381301558203483,0.4381301558203483,0.2648945921173236,0.007,0.087
1630623,Tyson Etienne,NBA,2024-25,Guard,G,7,21.6,7.9,1.7,1.3,0.4,0.1,1.1,7.4,1.4,6.3,0.177,0.1153846153846153,0.0192307692307692,0.0192307692307692,0.8461538461538461,0.8461538461538461,0.1923076923076923,0.018,0.046
1626145,Tyus Jones,NBA,2024-25,Guard,G,81,26.8,10.2,5.3,2.4,0.9,0.1,1.1,8.4,0.7,5.0,0.16,0.0834553440702781,0.2445095168374817,0.0849194729136164,0.5871156661786238,0.5871156661786238,0.0834553440702781,0.019,0.069
1642279,Ulrich Chomche,NBA,2024-25,Big,C,7,4.6,0.7,0.3,1.1,0.0,0.1,0.3,0.7,0.3,0.0,0.108,0.4,0.4,0.2,0.0,0.0,0.4,0.129,0.182
203995,Vasilije Micic,NBA,2024-25,Guard,G,41,19.1,6.6,3.1,2.2,0.4,0.0,1.9,6.7,1.0,3.0,0.199,0.1904761904761904,0.1684981684981685,0.1831501831501831,0.4578754578754578,0.4578754578754578,0.1501831501831501,0.023,0.085
1641705,Victor Wembanyama,NBA,2024-25,Big,F-C,46,33.2,24.3,3.7,11.0,1.1,3.8,3.2,18.6,4.1,8.8,0.3,0.2415402567094515,0.1225204200700116,0.1656942823803967,0.47024504084014,0.47024504084014,0.220536756126021,0.054,0.255
1631246,Vince Williams Jr.,NBA,2024-25,Guard,G,27,18.5,6.6,2.0,3.6,0.4,0.3,1.2,6.2,0.9,3.5,0.166,0.18562874251497,0.2035928143712574,0.0419161676646706,0.5688622754491018,0.5688622754491018,0.1437125748502994,0.042,0.15
1628427,Vlatko Cancar,NBA,2024-25,Wing,F,13,10.4,1.8,0.7,2.5,0.2,0.2,0.8,2.0,0.0,1.2,0.109,0.3461538461538461,0.0769230769230769,0.0,0.5769230769230769,0.5769230769230769,0.0,0.038,0.17
1630249,Vít Krejčí,NBA,2024-25,Guard,G,57,20.2,7.2,2.6,2.7,0.6,0.5,0.9,5.1,0.8,3.6,0.131,0.1472602739726027,0.1267123287671233,0.0205479452054794,0.7054794520547946,0.7054794520547946,0.1541095890410959,0.019,0.116
1631117,Walker Kessler,NBA,2024-25,Big,C,58,30.0,11.1,1.7,12.2,0.6,2.4,1.5,7.2,2.6,0.6,0.133,0.7684964200477327,0.1455847255369928,0.0047732696897374,0.081145584725537,0.081145584725537,0.3627684964200477,0.145,0.235
1628976,Wendell Carter Jr.,NBA,2024-25,Big,C-F,68,25.9,9.1,2.0,7.2,0.8,0.6,1.1,7.2,2.6,2.3,0.159,0.3808553971486761,0.1832993890020366,0.1140529531568228,0.3217922606924643,0.3217922606924643,0.3564154786150713,0.083,0.202
1631111,Wendell Moore Jr.,NBA,2024-25,Guard,G,36,13.9,4.2,1.2,2.6,0.6,0.1,0.8,3.5,0.6,1.1,0.133,0.4285714285714285,0.1587301587301587,0.0873015873015873,0.3253968253968254,0.3253968253968254,0.1746031746031746,0.053,0.132
1630214,Xavier Tillman,NBA,2024-25,Wing,F,33,7.0,1.0,0.2,1.3,0.3,0.2,0.4,1.6,0.1,1.0,0.125,0.1886792452830188,0.1886792452830188,0.0188679245283018,0.6037735849056604,0.6037735849056604,0.0754716981132075,0.041,0.146
1642530,Yuki Kawamura,NBA,2024-25,Guard,G,22,4.2,1.6,0.9,0.5,0.1,0.0,0.2,1.4,0.4,1.0,0.167,0.0666666666666666,0.0666666666666666,0.1,0.7666666666666667,0.7666666666666667,0.3,0.0,0.114
1641879,Yuri Collins,NBA,2024-25,,,2,8.2,1.0,2.0,1.5,1.0,0.0,0.0,1.5,0.0,0.0,0.068,0.0,0.6666666666666666,0.3333333333333333,0.0,0.0,0.0,0.083,0.071
1642274,Yves Missi,NBA,2024-25,Big,C,73,26.8,9.1,1.4,8.2,0.5,1.3,1.1,6.7,2.8,0.0,0.141,0.782520325203252,0.1971544715447154,0.0182926829268292,0.0020325203252032,0.0020325203252032,0.4146341463414634,0.122,0.177
1642258,Zaccharie Risacher,NBA,2024-25,Wing,F,75,24.6,12.6,1.2,3.6,0.7,0.5,1.2,10.4,2.0,4.6,0.203,0.337612323491656,0.1681643132220796,0.0526315789473684,0.441591784338896,0.441591784338896,0.1912708600770218,0.044,0.099
1628380,Zach Collins,NBA,2024-25,Big,F-C,64,15.3,6.4,1.7,4.5,0.5,0.5,0.9,4.7,1.2,1.7,0.166,0.4072847682119205,0.2185430463576159,0.0198675496688741,0.3543046357615894,0.3509933774834437,0.2582781456953642,0.096,0.177
1641744,Zach Edey,NBA,2024-25,Big,C,66,21.5,9.2,1.0,8.3,0.5,1.3,1.3,6.6,1.9,0.8,0.156,0.5658198614318707,0.2863741339491917,0.0277136258660508,0.1200923787528868,0.1200923787528868,0.2933025404157043,0.153,0.204
203897,Zach LaVine,NBA,2024-25,Guard,G,74,35.2,23.3,4.2,4.3,0.8,0.2,2.8,16.5,3.9,7.2,0.251,0.2804578904333606,0.107113654946852,0.1741618969746524,0.4382665576451349,0.4382665576451349,0.2330335241210139,0.009,0.107
1630192,Zeke Nnaji,NBA,2024-25,Big,F-C,57,10.7,3.2,0.4,1.6,0.4,0.7,0.2,2.5,0.8,0.9,0.119,0.4964539007092198,0.0921985815602836,0.0425531914893617,0.3687943262411347,0.3687943262411347,0.3120567375886525,0.052,0.081
1630533,Ziaire Williams,NBA,2024-25,Wing,F,63,24.5,10.0,1.3,4.6,1.0,0.4,1.1,8.3,2.0,4.8,0.179,0.2884615384615384,0.098076923076923,0.0326923076923076,0.5807692307692308,0.5807692307692308,0.2365384615384615,0.037,0.154
1629627,Zion Williamson,NBA,2024-25,Wing,F,30,28.6,24.6,5.3,7.2,1.2,0.9,3.0,16.9,8.0,0.4,0.325,0.5590551181102362,0.3996062992125984,0.0157480314960629,0.0255905511811023,0.0255905511811023,0.4744094488188976,0.08,0.152
1642389,Zyon Pullin,NBA,2024-25,Guard,G,3,0.9,0.0,0.0,0.0,0.0,0.0,0.0,0.3,0.0,0.0,0.167,,,,,,,0.0,0.0
1628932,A'ja Wilson,WNBA,2025,Big,C,40,31.2,23.4,3.1,10.2,1.6,2.3,2.2,16.5,7.3,1.5,0.307,0.1975683890577507,0.4908814589665654,0.2218844984802431,0.0896656534954407,0.0896656534954407,0.4407294832826747,0.074,0.249
1642290,Aaliyah Edwards,WNBA,2025,Wing,F,36,14.8,5.4,0.6,3.7,0.6,0.4,1.1,4.3,2.4,0.3,0.188,0.461038961038961,0.2857142857142857,0.1948051948051948,0.0584415584415584,0.0584415584415584,0.564935064935065,0.086,0.175
1642801,Aaliyah Nye,WNBA,2025,Wing,G-F,44,15.3,3.8,0.5,1.5,0.3,0.2,0.6,3.9,0.4,2.7,0.132,0.1169590643274853,0.1345029239766081,0.0584795321637426,0.6900584795321637,0.6900584795321637,0.0994152046783625,0.022,0.077
1630462,Aari McDonald,WNBA,2025,Guard,G,20,26.3,9.8,4.7,2.4,1.3,0.2,2.3,7.7,2.6,3.9,0.182,0.3051948051948052,0.1233766233766233,0.0649350649350649,0.5064935064935064,0.5064935064935064,0.3311688311688311,0.017,0.079
1627672,Aerial Powers,WNBA,2025,Guard,G,10,16.7,7.4,2.0,3.9,0.8,0.1,1.1,6.5,1.9,1.9,0.214,0.2461538461538461,0.2615384615384615,0.2,0.2923076923076923,0.2923076923076923,0.2923076923076923,0.056,0.188
1642828,Ajae Petty,WNBA,2025,Big,C,2,3.2,0.0,0.0,0.5,0.0,0.0,0.0,0.0,0.0,0.0,0.0,,,,,,,0.0,0.125
1629501,Alanna Smith,WNBA,2025,Wing,F,42,26.5,9.6,2.9,5.1,1.3,1.9,1.5,7.9,1.5,3.8,0.172,0.396969696969697,0.0636363636363636,0.0515151515151515,0.4878787878787878,0.4878787878787878,0.1969696969696969,0.062,0.136
1628297,Alexis Prince,WNBA,2025,,,1,22.1,2.0,1.0,8.0,0.0,0.0,3.0,3.0,0.0,1.0,0.125,0.0,0.3333333333333333,0.3333333333333333,0.3333333333333333,0.3333333333333333,0.0,0.0,0.32
1642293,Alissa Pili,WNBA,2025,Wing,F,19,5.2,2.3,0.2,1.0,0.1,0.1,0.4,1.5,0.8,0.6,0.182,0.5,0.0,0.0714285714285714,0.4285714285714285,0.4285714285714285,0.5357142857142857,0.044,0.143
1641648,Aliyah Boston,WNBA,2025,Big,C-F,44,30.2,15.0,3.7,8.2,1.2,0.9,1.8,11.5,3.3,0.7,0.215,0.5079365079365079,0.3194444444444444,0.115079365079365,0.0575396825396825,0.0575396825396825,0.2916666666666667,0.084,0.2
1628277,Allisha Gray,WNBA,2025,Guard,G,42,34.5,18.4,3.5,5.3,1.1,0.4,1.8,13.0,5.5,6.1,0.216,0.2692307692307692,0.2014652014652014,0.0622710622710622,0.467032967032967,0.467032967032967,0.4194139194139194,0.025,0.129
202252,Alysha Clark,WNBA,2025,Wing,F,42,19.7,3.9,1.2,2.8,0.6,0.1,0.5,3.8,0.6,2.3,0.104,0.1698113207547169,0.1698113207547169,0.0566037735849056,0.6037735849056604,0.6037735849056604,0.1635220125786163,0.02,0.127
203826,Alyssa Thomas,WNBA,2025,Wing,F,39,31.3,15.4,9.2,8.8,1.6,0.4,3.5,11.6,4.3,0.2,0.238,0.3576158940397351,0.4878587196467991,0.141280353200883,0.0132450331125827,0.0132450331125827,0.3730684326710817,0.052,0.23
1629539,Amy Okonkwo,WNBA,2025,Wing,F,8,19.6,11.0,0.8,3.1,1.4,0.1,0.9,7.6,2.5,3.8,0.207,0.2459016393442623,0.2131147540983606,0.0491803278688524,0.4918032786885246,0.4918032786885246,0.3278688524590163,0.042,0.127
1642797,Anastasiia Olairi Kosu,WNBA,2025,Wing,F,21,3.8,1.7,0.2,0.7,0.0,0.2,0.3,1.4,0.7,0.1,0.217,0.5517241379310345,0.3793103448275862,0.0,0.0689655172413793,0.0689655172413793,0.5172413793103449,0.133,0.065
1642800,Aneesah Morrow,WNBA,2025,Wing,F,41,18.9,7.7,0.5,6.9,0.8,0.4,1.1,7.3,2.3,1.8,0.212,0.3879598662207358,0.217391304347826,0.1438127090301003,0.2508361204013378,0.2508361204013378,0.3177257525083612,0.099,0.265
1642291,Angel Reese,WNBA,2025,Wing,F,30,31.6,14.7,3.7,12.6,1.5,0.7,3.9,11.1,5.7,0.7,0.233,0.6856287425149701,0.2095808383233532,0.0389221556886227,0.0658682634730539,0.0658682634730539,0.5149700598802395,0.129,0.261
1628878,Ariel Atkins,WNBA,2025,Guard,G,34,28.5,13.1,3.6,3.4,1.6,0.7,2.5,10.7,2.7,3.5,0.216,0.1232876712328767,0.2356164383561644,0.3150684931506849,0.3260273972602739,0.3260273972602739,0.2547945205479452,0.024,0.093
1629481,Arike Ogunbowale,WNBA,2025,Guard,G,29,33.3,15.5,4.1,2.5,1.3,0.2,2.1,13.9,4.0,5.4,0.221,0.1188118811881188,0.2103960396039604,0.2797029702970297,0.3910891089108911,0.3910891089108911,0.2871287128712871,0.01,0.066
1642793,Aziaha James,WNBA,2025,Guard,G,38,17.7,7.5,1.6,2.9,0.6,0.2,1.0,7.5,1.4,2.9,0.211,0.1690140845070422,0.2816901408450704,0.1549295774647887,0.3943661971830985,0.3943661971830985,0.1936619718309859,0.048,0.119
1628922,Azura Stevens,WNBA,2025,Big,F-C,44,28.4,12.8,2.1,8.0,1.2,1.1,1.5,9.7,2.3,4.4,0.187,0.3489461358313817,0.1334894613583138,0.063231850117096,0.4543325526932084,0.4543325526932084,0.234192037470726,0.062,0.228
1627668,Breanna Stewart,WNBA,2025,Wing,F,31,30.6,18.3,3.5,6.5,1.4,1.4,1.9,13.2,6.5,2.8,0.261,0.2990196078431372,0.3602941176470588,0.1274509803921568,0.213235294117647,0.213235294117647,0.4950980392156863,0.035,0.168
1642788,Bree Hall,WNBA,2025,Guard,G,4,4.4,0.8,0.0,0.8,0.0,0.0,0.8,1.3,0.8,0.5,0.237,0.2,0.2,0.2,0.4,0.4,0.6,0.0,0.12
203829,Bria Hartley,WNBA,2025,Guard,G,38,22.8,8.9,3.1,2.0,0.8,0.0,1.8,7.7,2.4,3.9,0.201,0.1945392491467577,0.136518771331058,0.167235494880546,0.5017064846416383,0.5017064846416383,0.3139931740614334,0.012,0.078
1629488,Brianna Turner,WNBA,2025,Big,F-C,27,8.6,1.1,0.6,1.9,0.1,0.3,0.3,1.2,0.3,0.0,0.084,0.6875,0.125,0.15625,0.03125,0.03125,0.25,0.074,0.146
1629524,Bridget Carleton,WNBA,2025,Wing,F,44,27.9,6.5,2.0,3.6,0.8,0.3,0.8,5.8,0.6,3.8,0.109,0.1102362204724409,0.1102362204724409,0.1141732283464567,0.6653543307086615,0.6653543307086615,0.0984251968503937,0.034,0.097
1628280,Brionna Jones,WNBA,2025,Wing,F,44,26.6,12.8,2.2,7.3,1.1,0.8,1.5,9.7,3.0,1.0,0.201,0.6112412177985949,0.2248243559718969,0.0562060889929742,0.1077283372365339,0.1077283372365339,0.3091334894613583,0.113,0.158
203398,Brittney Griner,WNBA,2025,Big,C,39,20.8,9.8,0.8,5.2,0.1,1.2,1.5,7.7,2.2,0.5,0.215,0.3322259136212624,0.3820598006644518,0.2225913621262458,0.0631229235880398,0.0631229235880398,0.2823920265780731,0.045,0.204
1628279,Brittney Sykes,WNBA,2025,Guard,G,39,30.6,14.1,4.0,3.2,1.2,0.4,2.5,11.7,5.6,2.6,0.237,0.3413566739606127,0.24945295404814,0.1859956236323851,0.2231947483588621,0.2231947483588621,0.4792122538293216,0.017,0.089
1642286,Caitlin Clark,WNBA,2025,Guard,G,13,31.0,16.5,8.8,5.0,1.6,0.5,5.1,15.1,3.8,8.0,0.287,0.1887755102040816,0.1377551020408163,0.1428571428571428,0.5306122448979592,0.5306122448979592,0.2551020408163265,0.003,0.142
1642287,Cameron Brink,WNBA,2025,Wing,F,19,12.9,5.1,0.5,4.3,0.5,1.4,1.3,4.3,1.1,1.8,0.198,0.3292682926829268,0.1829268292682926,0.073170731707317,0.4146341463414634,0.4146341463414634,0.2560975609756097,0.102,0.204
1642344,Camryn Taylor,WNBA,2025,Wing,F,6,3.8,0.5,0.2,1.0,0.0,0.0,0.5,1.2,0.3,0.5,0.193,0.2857142857142857,0.1428571428571428,0.1428571428571428,0.4285714285714285,0.4285714285714285,0.2857142857142857,0.087,0.2
1642304,Carla Leite,WNBA,2025,Guard,G,37,17.2,7.2,2.0,1.3,0.7,0.1,1.5,6.0,2.7,2.0,0.223,0.1576576576576576,0.3378378378378378,0.1666666666666666,0.3378378378378378,0.3378378378378378,0.4459459459459459,0.015,0.058
1628508,Cecilia Zandalasini,WNBA,2025,Wing,F,19,23.7,10.5,1.7,2.9,0.9,0.2,1.3,7.9,1.7,4.8,0.195,0.08,0.16,0.1533333333333333,0.6066666666666667,0.6066666666666667,0.2133333333333333,0.012,0.116
203833,Chelsea Gray,WNBA,2025,Guard,G,44,31.1,11.2,5.4,3.9,1.4,0.6,2.8,8.8,2.4,3.9,0.175,0.0727272727272727,0.2025974025974026,0.2805194805194805,0.4441558441558441,0.4441558441558441,0.2701298701298701,0.019,0.107
204323,Cheyenne Parker-Tyus,WNBA,2025,Wing,F,2,7.0,8.0,0.0,1.0,0.0,0.0,0.5,4.0,3.0,1.0,0.353,,,,,,,0.0,0.167
1631064,Chloe Bibby,WNBA,2025,Wing,F,14,11.0,4.8,0.5,1.8,0.6,0.1,0.5,3.9,0.6,3.0,0.172,0.0181818181818181,0.0727272727272727,0.1454545454545454,0.7636363636363637,0.7636363636363637,0.1636363636363636,0.032,0.133
1631090,Christyn Williams,WNBA,2025,Guard,G,4,11.2,4.3,0.8,1.0,0.0,0.0,0.3,4.0,1.5,1.0,0.194,0.125,0.4375,0.1875,0.25,0.25,0.375,0.041,0.063
202664,Courtney Vandersloot,WNBA,2025,Guard,G,7,27.2,10.6,5.3,3.1,1.6,0.3,2.4,9.4,1.9,3.3,0.178,0.2575757575757575,0.2424242424242424,0.1515151515151515,0.3484848484848485,0.3484848484848485,0.1969696969696969,0.009,0.106
1627675,Courtney Williams,WNBA,2025,Guard,G,44,28.6,13.6,6.2,4.9,1.3,0.3,2.3,13.2,1.2,3.4,0.249,0.1068965517241379,0.1241379310344827,0.5120689655172413,0.2568965517241379,0.2568965517241379,0.0913793103448275,0.019,0.152
204325,Crystal Bradford,WNBA,2025,,,4,6.0,1.0,0.3,1.3,0.5,0.0,0.3,1.5,0.0,0.5,0.121,0.1666666666666666,0.3333333333333333,0.1666666666666666,0.3333333333333333,0.3333333333333333,0.0,0.077,0.136
203024,Damiris Dantas,WNBA,2025,Big,C-F,38,11.5,4.6,0.7,2.4,0.2,0.1,0.8,4.8,0.7,2.5,0.209,0.1381215469613259,0.2154696132596685,0.1215469613259668,0.5248618784530387,0.5248618784530387,0.154696132596685,0.059,0.156
1630389,Dana Evans,WNBA,2025,Guard,G,44,17.7,6.6,2.2,1.1,0.4,0.1,0.8,6.3,1.2,2.3,0.191,0.12,0.3381818181818182,0.1745454545454545,0.3672727272727272,0.3672727272727272,0.1927272727272727,0.01,0.051
201886,DeWanna Bonner,WNBA,2025,Wing,G-F,33,23.6,9.8,1.2,4.2,0.8,0.3,0.8,7.8,2.6,3.6,0.181,0.2723735408560311,0.1167315175097276,0.1439688715953307,0.4669260700389105,0.4669260700389105,0.3346303501945525,0.037,0.136
204324,Dearica Hamby,WNBA,2025,Wing,F,44,31.2,18.4,3.3,7.9,1.6,0.5,2.7,12.9,5.4,1.2,0.246,0.6360424028268551,0.2579505300353357,0.0106007067137809,0.0954063604240282,0.0954063604240282,0.4169611307420495,0.087,0.174
1630096,DiJonai Carrington,WNBA,2025,Wing,G-F,31,21.9,9.8,1.5,4.0,1.1,0.4,1.9,8.9,2.6,2.3,0.231,0.3537906137184115,0.2924187725631769,0.0938628158844765,0.259927797833935,0.259927797833935,0.296028880866426,0.068,0.116
1641649,Diamond Miller,WNBA,2025,Wing,F,40,10.9,4.0,0.8,1.3,0.3,0.2,0.9,3.4,1.2,1.3,0.178,0.3507462686567164,0.1940298507462686,0.0746268656716417,0.3805970149253731,0.3805970149253731,0.3432835820895522,0.024,0.096
1642798,Dominique Malonga,WNBA,2025,Big,C,42,14.3,7.7,0.9,4.6,0.4,0.7,1.1,6.3,1.2,0.4,0.239,0.4980988593155893,0.3460076045627376,0.0874524714828897,0.0684410646387832,0.0684410646387832,0.1939163498098859,0.091,0.241
1642295,Elizabeth Kitley,WNBA,2025,,,12,8.2,1.3,0.1,1.4,0.3,0.5,0.6,1.9,0.2,0.1,0.142,0.3478260869565217,0.4782608695652174,0.1304347826086956,0.0434782608695652,0.0434782608695652,0.0869565217391304,0.043,0.149
204322,Elizabeth Williams,WNBA,2025,Big,C-F,43,21.1,8.5,1.8,5.2,0.7,0.9,1.3,7.6,1.9,0.0,0.201,0.5045871559633027,0.3944954128440367,0.1009174311926605,0.0,0.0,0.2477064220183486,0.089,0.154
1631083,Emily Engstler,WNBA,2025,Wing,F,40,12.8,3.7,1.5,3.3,0.7,0.7,1.0,3.4,0.9,1.6,0.157,0.2611940298507462,0.208955223880597,0.0597014925373134,0.4701492537313433,0.4701492537313433,0.2686567164179104,0.076,0.186
1628242,Emma Cannon,WNBA,2025,Wing,F,21,10.1,4.4,0.4,1.8,0.5,0.0,0.8,3.0,1.1,1.7,0.178,0.2539682539682539,0.0952380952380952,0.0793650793650793,0.5714285714285714,0.5714285714285714,0.365079365079365,0.057,0.126
203416,Emma Meesseman,WNBA,2025,Wing,F,17,25.9,13.4,3.2,5.1,1.2,0.8,2.1,9.4,2.2,1.2,0.221,0.2515723270440251,0.3459119496855345,0.270440251572327,0.1320754716981132,0.1320754716981132,0.2327044025157232,0.06,0.148
204365,Erica Wheeler,WNBA,2025,Guard,G,44,25.6,10.3,3.3,2.7,1.3,0.2,1.5,9.5,1.1,4.6,0.197,0.1261904761904762,0.1880952380952381,0.2,0.4857142857142857,0.4857142857142857,0.119047619047619,0.015,0.094
1629496,Ezi Magbegor,WNBA,2025,Big,F-C,44,27.3,8.0,2.1,6.2,0.7,2.2,1.0,6.5,1.9,1.1,0.136,0.4685314685314685,0.3181818181818182,0.0454545454545454,0.1678321678321678,0.1678321678321678,0.2902097902097902,0.071,0.162
1628931,Gabby Williams,WNBA,2025,Wing,F,44,31.6,11.6,4.2,4.3,2.3,0.5,1.9,10.7,1.7,3.7,0.186,0.2622601279317697,0.2174840085287846,0.1705756929637526,0.3496801705756929,0.3496801705756929,0.1599147121535181,0.017,0.122
1641658,Grace Berger,WNBA,2025,Guard,G,19,22.0,3.4,3.1,3.3,0.7,0.4,1.1,4.7,0.8,1.2,0.118,0.2584269662921348,0.3370786516853932,0.146067415730337,0.2584269662921348,0.2584269662921348,0.1685393258426966,0.025,0.128
1642817,Hailey Van Lith,WNBA,2025,Guard,G,29,12.4,3.5,1.6,1.1,0.4,0.1,1.2,3.8,1.1,1.1,0.192,0.2660550458715596,0.2201834862385321,0.2293577981651376,0.2844036697247706,0.2844036697247706,0.2844036697247706,0.011,0.077
1641650,Haley Jones,WNBA,2025,Wing,F-G,28,21.2,7.3,2.3,3.5,0.8,0.8,1.7,6.7,1.3,1.4,0.178,0.3723404255319149,0.3404255319148936,0.0797872340425532,0.2074468085106383,0.2074468085106383,0.1861702127659574,0.028,0.138
203863,Haley Peters,WNBA,2025,Wing,F-G,33,11.5,2.1,0.8,2.2,0.3,0.1,0.7,2.5,0.4,1.2,0.126,0.2195121951219512,0.1585365853658536,0.1463414634146341,0.4756097560975609,0.4756097560975609,0.1585365853658536,0.062,0.146
1630387,Iliana Rupert,WNBA,2025,Big,C,21,23.2,9.3,1.6,3.9,0.6,0.6,1.0,7.3,0.8,5.0,0.172,0.1045751633986928,0.1437908496732026,0.0718954248366013,0.6797385620915033,0.6797385620915033,0.1045751633986928,0.047,0.12
204330,Isabelle Harrison,WNBA,2025,Wing,F,34,10.6,4.9,0.7,2.6,0.6,0.1,0.7,3.9,1.3,0.4,0.211,0.373134328358209,0.3805970149253731,0.1343283582089552,0.1119402985074626,0.1119402985074626,0.3208955223880597,0.087,0.164
1642808,JJ Quinerly,WNBA,2025,Guard,G,34,15.9,6.5,2.3,1.9,0.9,0.2,1.5,5.5,1.3,1.6,0.2,0.3085106382978723,0.3191489361702128,0.0851063829787234,0.2872340425531915,0.2872340425531915,0.2393617021276596,0.032,0.087
1629498,Jackie Young,WNBA,2025,Guard,G,44,30.4,16.5,5.1,4.5,1.3,0.4,2.2,12.4,3.2,5.1,0.231,0.1681901279707495,0.3308957952468007,0.093235831809872,0.4076782449725777,0.4076782449725777,0.2595978062157221,0.04,0.105
1642292,Jacy Sheldon,WNBA,2025,Guard,G,30,23.6,7.5,1.9,1.9,0.9,0.2,1.0,5.9,0.8,3.0,0.136,0.2078651685393258,0.1179775280898876,0.1629213483146067,0.5112359550561798,0.5112359550561798,0.1404494382022472,0.031,0.054
1631141,Jade Melbourne,WNBA,2025,Guard,G,43,23.4,5.9,2.9,1.9,0.6,0.2,1.7,5.2,1.7,2.2,0.142,0.3288888888888889,0.2,0.0488888888888888,0.4222222222222222,0.4222222222222222,0.3244444444444444,0.017,0.064
1642240,Jaelyn Brown,WNBA,2025,,,10,13.1,3.7,0.1,1.2,0.5,0.2,0.5,3.7,0.2,1.8,0.141,0.1081081081081081,0.081081081081081,0.3243243243243243,0.4864864864864865,0.4864864864864865,0.054054054054054,0.029,0.063
1642767,Janelle Salaun,WNBA,2025,Wing,F,36,27.0,11.3,1.2,5.1,0.6,0.1,1.5,10.1,1.7,4.8,0.205,0.1353591160220994,0.1243093922651933,0.2651933701657458,0.4751381215469613,0.4751381215469613,0.1712707182320442,0.033,0.154
1642320,Jaylyn Sherrod,WNBA,2025,Guard,G,26,5.5,1.2,0.5,0.6,0.4,0.0,0.5,1.1,0.5,0.5,0.136,0.25,0.1785714285714285,0.1071428571428571,0.4642857142857143,0.4642857142857143,0.4642857142857143,0.015,0.093
1629491,Jessica Shepard,WNBA,2025,Wing,F,40,20.9,8.0,2.6,7.3,0.5,0.1,1.5,5.2,2.6,0.0,0.16,0.6666666666666666,0.2270531400966183,0.1014492753623188,0.0048309178743961,0.0048309178743961,0.4975845410628019,0.114,0.236
204319,Jewell Loyd,WNBA,2025,Guard,G,44,28.3,11.2,1.8,3.2,1.2,0.3,1.2,9.7,1.6,6.0,0.179,0.0936768149882904,0.1662763466042154,0.126463700234192,0.6135831381733021,0.6135831381733021,0.1662763466042154,0.04,0.074
1627673,Jonquel Jones,WNBA,2025,Big,C,31,26.8,13.6,2.7,8.1,0.5,1.1,2.1,9.9,2.9,4.0,0.223,0.3104575163398693,0.1928104575163398,0.088235294117647,0.4084967320261438,0.4084967320261438,0.2973856209150327,0.059,0.233
1628886,Jordin Canada,WNBA,2025,Guard,G,28,28.0,11.2,5.7,3.3,1.7,0.3,2.2,9.8,3.4,3.1,0.208,0.3663003663003663,0.2637362637362637,0.0549450549450549,0.315018315018315,0.315018315018315,0.3516483516483517,0.01,0.103
1630115,Joyner Holmes,WNBA,2025,,,6,4.8,1.2,0.0,1.0,0.0,0.0,0.3,2.0,0.0,0.8,0.233,0.0833333333333333,0.25,0.25,0.4166666666666667,0.4166666666666667,0.0,0.074,0.148
1627700,Julie Allemand,WNBA,2025,Guard,G,34,28.3,5.4,5.0,3.7,1.3,0.0,1.6,4.7,0.6,3.0,0.099,0.3018867924528302,0.0377358490566037,0.0251572327044025,0.6352201257861635,0.6352201257861635,0.1194968553459119,0.014,0.118
1642210,Julie Vanloo,WNBA,2025,Guard,G,35,12.8,2.8,1.9,0.9,0.4,0.0,1.4,3.2,0.3,2.6,0.156,0.054054054054054,0.072072072072072,0.045045045045045,0.8288288288288288,0.8288288288288288,0.09009009009009,0.008,0.064
1627674,Kahleah Copper,WNBA,2025,Wing,G-F,28,26.9,15.6,1.5,2.9,1.1,0.2,2.2,12.9,3.1,5.4,0.27,0.2825484764542936,0.1772853185595568,0.1218836565096952,0.4182825484764543,0.4182825484764543,0.2437673130193905,0.015,0.094
1630097,Kaila Charles,WNBA,2025,Wing,G-F,35,17.6,6.4,1.0,4.3,0.8,0.2,1.1,5.4,1.4,2.1,0.175,0.2553191489361702,0.2606382978723404,0.101063829787234,0.3829787234042553,0.3829787234042553,0.2606382978723404,0.075,0.162
1642822,Kaitlyn Chen,WNBA,2025,Guard,G,24,10.3,2.0,1.0,0.9,0.2,0.0,0.8,2.1,0.3,0.6,0.12,0.22,0.36,0.12,0.3,0.3,0.14,0.018,0.066
1629480,Kalani Brown,WNBA,2025,Big,C,29,12.8,5.1,0.6,4.0,0.2,0.6,0.8,3.3,1.2,0.3,0.154,0.7083333333333334,0.15625,0.0520833333333333,0.0833333333333333,0.0833333333333333,0.3645833333333333,0.095,0.207
1630154,Kamiah Smalls,WNBA,2025,,,3,1.1,0.0,0.0,0.0,0.0,0.0,0.0,0.0,0.0,0.0,0.0,,,,,,,0.0,0.0
1642289,Kamilla Cardoso,WNBA,2025,Big,C,40,27.6,13.6,2.5,8.5,0.4,1.2,2.4,10.6,3.3,0.1,0.225,0.6753554502369669,0.2772511848341232,0.0426540284360189,0.0047393364928909,0.0047393364928909,0.3151658767772511,0.105,0.206
1642773,Kariata Diaby,WNBA,2025,,,13,8.0,1.9,0.4,1.0,0.5,0.1,0.9,1.1,1.1,0.0,0.133,0.6428571428571429,0.2142857142857142,0.1428571428571428,0.0,0.0,1.0,0.032,0.115
1628317,Karlie Samuelson,WNBA,2025,Wing,,16,14.2,3.3,1.1,1.3,0.4,0.1,0.7,2.6,0.9,2.1,0.115,0.0476190476190476,0.0714285714285714,0.0714285714285714,0.8095238095238095,0.8095238095238095,0.3333333333333333,0.015,0.069
1642324,Kate Martin,WNBA,2025,Guard,G,42,16.4,6.2,1.0,2.7,0.4,0.1,0.8,6.3,1.0,4.4,0.202,0.1090225563909774,0.1390977443609022,0.0601503759398496,0.6917293233082706,0.6917293233082706,0.1541353383458646,0.028,0.13
1628957,Kathryn Westbeld,WNBA,2025,Wing,F,43,18.4,5.1,0.9,2.5,0.8,0.6,0.6,5.0,0.7,3.0,0.137,0.2186046511627907,0.1302325581395348,0.041860465116279,0.6093023255813953,0.6093023255813953,0.1488372093023255,0.037,0.099
203825,Kayla McBride,WNBA,2025,Guard,G,39,31.3,14.2,3.5,2.3,1.3,0.1,1.7,11.0,2.7,6.7,0.197,0.116822429906542,0.1238317757009345,0.1495327102803738,0.6098130841121495,0.6098130841121495,0.2453271028037383,0.009,0.064
203866,Kayla Thornton,WNBA,2025,Wing,F,22,30.1,14.0,1.5,7.0,1.3,0.2,1.6,12.5,3.7,6.5,0.227,0.1521739130434782,0.2391304347826087,0.0942028985507246,0.5144927536231884,0.5144927536231884,0.2971014492753623,0.058,0.17
1628909,Kelsey Mitchell,WNBA,2025,Guard,G,44,31.4,20.2,3.4,1.8,0.9,0.2,1.8,15.7,4.3,6.4,0.264,0.301013024602026,0.1157742402315484,0.175108538350217,0.4081041968162084,0.4081041968162084,0.2749638205499276,0.013,0.044
1628276,Kelsey Plum,WNBA,2025,Guard,G,43,35.1,19.5,5.7,3.1,1.2,0.1,3.0,14.4,5.7,6.5,0.246,0.2281553398058252,0.2605177993527508,0.0598705501618122,0.4514563106796116,0.4514563106796116,0.3948220064724919,0.007,0.082
1629568,Kennedy Burke,WNBA,2025,Wing,G-F,36,21.6,8.1,1.3,2.4,0.8,0.4,0.9,6.1,1.5,3.1,0.155,0.2981651376146789,0.1743119266055046,0.018348623853211,0.5091743119266054,0.5091743119266054,0.2477064220183486,0.029,0.076
1628915,Kia Nurse,WNBA,2025,Guard,G,44,21.9,7.2,1.3,2.3,0.3,0.0,1.3,6.6,1.4,4.1,0.165,0.1374570446735395,0.1168384879725085,0.120274914089347,0.6254295532646048,0.6254295532646048,0.2130584192439862,0.018,0.088
204329,Kiah Stokes,WNBA,2025,Big,C,40,12.9,1.1,0.4,3.6,0.4,0.4,0.4,1.3,0.2,0.6,0.06,0.3137254901960784,0.196078431372549,0.0392156862745098,0.4509803921568627,0.4509803921568627,0.1568627450980392,0.055,0.219
1630461,Kiana Williams,WNBA,2025,Guard,G,11,9.7,4.1,0.9,1.0,0.3,0.0,0.5,3.6,0.4,2.4,0.198,0.1,0.125,0.125,0.65,0.65,0.1,0.0,0.088
1631006,Kierstan Bell,WNBA,2025,Wing,F,35,12.2,4.2,0.7,1.8,0.4,0.3,0.5,4.4,0.4,2.9,0.183,0.1038961038961039,0.1233766233766233,0.1038961038961039,0.6688311688311688,0.6688311688311688,0.0974025974025974,0.045,0.092
1642792,Kiki Iriafen,WNBA,2025,Wing,F,44,26.9,13.3,1.6,8.5,0.6,0.2,2.2,10.3,4.0,0.3,0.231,0.5076923076923077,0.2373626373626373,0.2307692307692307,0.0241758241758241,0.0241758241758241,0.3868131868131868,0.104,0.232
1629490,Kitija Laksa,WNBA,2025,Guard,G,33,19.0,5.9,0.6,1.2,0.4,0.2,0.6,5.5,1.0,3.6,0.144,0.0611111111111111,0.0833333333333333,0.1888888888888888,0.6666666666666666,0.6666666666666666,0.1777777777777777,0.016,0.045
1642768,Kyara Linskens,WNBA,2025,,,4,6.7,1.0,0.3,1.5,0.3,0.8,0.5,1.3,0.0,0.3,0.106,0.6,0.2,0.0,0.2,0.2,0.0,0.033,0.152
1643154,Kyra Lambert,WNBA,2025,,,1,0.1,0.0,0.0,0.0,0.0,0.0,0.0,0.0,0.0,0.0,0.0,,,,,,,0.0,0.0
1641656,Laeticia Amihere,WNBA,2025,Wing,F,29,13.3,5.4,0.9,4.3,0.6,0.4,1.1,3.9,2.2,0.7,0.197,0.4473684210526316,0.3508771929824561,0.0175438596491228,0.1842105263157894,0.1842105263157894,0.5526315789473685,0.091,0.225
1642303,Leila Lacan,WNBA,2025,Guard,G,25,26.6,10.4,3.7,2.4,2.2,0.2,1.9,8.7,1.7,2.7,0.185,0.3165137614678899,0.1972477064220183,0.1788990825688073,0.3073394495412844,0.3073394495412844,0.1926605504587156,0.026,0.07
1630142,Leonie Fiebich,WNBA,2025,Wing,F,37,28.1,8.7,1.7,3.5,0.9,0.4,1.2,6.0,1.7,3.2,0.127,0.2624434389140271,0.1357466063348416,0.0588235294117647,0.5429864253393665,0.5429864253393665,0.2805429864253393,0.024,0.097
1631118,Lexi Held,WNBA,2025,Guard,G,32,14.7,5.3,1.1,1.1,0.7,0.2,0.9,5.1,0.7,2.8,0.182,0.1463414634146341,0.1402439024390244,0.1585365853658536,0.5548780487804879,0.5548780487804879,0.1341463414634146,0.022,0.05
1628882,Lexie Brown,WNBA,2025,Guard,G,24,9.4,2.1,1.0,0.7,0.4,0.0,0.3,2.0,0.4,1.5,0.114,0.125,0.0416666666666666,0.0625,0.7708333333333334,0.7708333333333334,0.2083333333333333,0.009,0.066
1631086,Lexie Hull,WNBA,2025,Guard,G,44,27.0,7.2,1.8,4.3,1.2,0.2,0.9,6.8,0.8,3.4,0.129,0.2240802675585284,0.157190635451505,0.1170568561872909,0.5016722408026756,0.5016722408026756,0.1204013377926421,0.053,0.113
1629574,Li Yueru,WNBA,2025,Big,C,31,16.8,6.0,0.9,4.5,0.3,0.3,1.0,4.9,1.6,1.8,0.167,0.3529411764705882,0.1764705882352941,0.1111111111111111,0.3594771241830065,0.3594771241830065,0.326797385620915,0.094,0.177
1642820,Liatu King,WNBA,2025,,,14,9.7,2.7,0.3,2.1,0.1,0.0,0.8,1.9,1.1,0.4,0.133,0.2592592592592592,0.4814814814814814,0.037037037037037,0.2222222222222222,0.2222222222222222,0.5555555555555556,0.106,0.125
1628263,Lindsay Allen,WNBA,2025,Guard,G,31,14.5,2.4,2.0,1.0,0.3,0.2,1.0,2.1,0.7,0.6,0.105,0.2769230769230769,0.3230769230769231,0.123076923076923,0.2769230769230769,0.2769230769230769,0.3538461538461538,0.019,0.052
1642802,Lucy Olsen,WNBA,2025,Guard,G,41,12.4,4.0,1.2,1.2,0.4,0.1,0.5,3.9,0.4,1.7,0.157,0.0880503144654088,0.1823899371069182,0.2893081761006289,0.440251572327044,0.440251572327044,0.1069182389937107,0.022,0.08
1630143,Luisa Geiselsoder,WNBA,2025,Big,C,28,22.4,6.9,1.6,4.8,0.8,0.7,1.0,6.4,0.4,3.4,0.144,0.1340782122905028,0.1899441340782122,0.1508379888268156,0.5251396648044693,0.5251396648044693,0.0614525139664804,0.036,0.182
1642307,Mackenzie Holmes,WNBA,2025,Wing,F,10,5.8,1.0,0.2,0.9,0.5,0.1,0.0,0.7,0.0,0.0,0.056,0.4285714285714285,0.2857142857142857,0.2857142857142857,0.0,0.0,0.0,0.059,0.128
1641652,Maddy Siegrist,WNBA,2025,Wing,F,26,27.0,12.7,0.8,4.3,0.7,0.6,0.5,10.3,2.2,3.1,0.184,0.3011152416356877,0.2713754646840148,0.1263940520446096,0.3011152416356877,0.3011152416356877,0.2156133828996282,0.067,0.086
1642818,Maddy Westbeld,WNBA,2025,Wing,F,26,13.6,4.1,0.9,2.4,0.5,0.3,0.6,4.0,0.6,1.7,0.165,0.1333333333333333,0.2285714285714285,0.2285714285714285,0.4095238095238095,0.4095238095238095,0.1523809523809524,0.061,0.133
1642810,Madison Scott,WNBA,2025,Wing,G-F,9,5.2,1.6,0.2,0.1,0.2,0.0,0.1,1.2,0.4,0.1,0.126,0.4545454545454545,0.1818181818181818,0.2727272727272727,0.0909090909090909,0.0909090909090909,0.3636363636363636,0.024,0.0
1642815,Makayla Timpson,WNBA,2025,Big,F-C,31,7.1,2.6,0.0,1.8,0.4,0.3,0.3,1.8,0.9,0.0,0.155,0.631578947368421,0.3508771929824561,0.0175438596491228,0.0,0.0,0.4736842105263157,0.082,0.198
1642841,Mamignan Toure,WNBA,2025,Guard,G,18,8.2,2.0,0.5,0.4,0.4,0.0,0.4,2.2,0.0,1.2,0.135,0.1538461538461538,0.1538461538461538,0.1282051282051282,0.5641025641025641,0.5641025641025641,0.0,0.025,0.022
1628926,Maria Kliundikova,WNBA,2025,Wing,F,34,11.0,4.4,0.6,3.0,0.7,0.8,0.7,3.8,0.6,0.7,0.183,0.484375,0.203125,0.1171875,0.1953125,0.1953125,0.1640625,0.121,0.149
1629497,Marina Mabrey,WNBA,2025,Guard,G,35,31.5,14.4,4.0,4.2,0.7,0.3,2.8,13.9,2.6,7.0,0.248,0.1639344262295081,0.1557377049180328,0.180327868852459,0.5,0.5,0.1885245901639344,0.015,0.128
1629546,Marine Johannes,WNBA,2025,Guard,G,44,18.3,6.4,1.6,1.9,0.6,0.3,1.2,5.7,0.4,4.3,0.17,0.0833333333333333,0.0992063492063492,0.0674603174603174,0.75,0.75,0.0753968253968253,0.017,0.082
1642763,Marième Badiane,WNBA,2025,,,3,3.6,0.0,0.0,0.3,0.7,0.0,0.7,1.0,0.0,0.3,0.185,,,,,,,0.071,0.0
1642301,Marquesha Davis,WNBA,2025,,,11,4.7,0.9,0.1,0.6,0.0,0.2,0.5,0.9,0.6,0.4,0.16,0.1,0.1,0.4,0.4,0.4,0.7,0.065,0.091
1630471,Maya Caldwell,WNBA,2025,Guard,G,41,18.5,5.4,1.8,3.1,0.9,0.2,1.0,4.8,0.5,2.7,0.14,0.2256410256410256,0.1179487179487179,0.0923076923076923,0.5641025641025641,0.5641025641025641,0.1025641025641025,0.045,0.119
1629484,Megan DiLeo,WNBA,2025,Big,C,20,11.3,3.0,0.3,1.8,0.2,0.3,0.3,2.9,0.8,2.0,0.131,0.087719298245614,0.1929824561403508,0.0350877192982456,0.6842105263157895,0.6842105263157895,0.2631578947368421,0.034,0.129
1642799,Megan McConnell,WNBA,2025,,,1,12.6,3.0,3.0,1.0,1.0,0.0,0.0,4.0,0.0,2.0,0.129,0.5,0.0,0.0,0.5,0.5,0.0,0.053,0.0
1628920,Mercedes Russell,WNBA,2025,,,20,8.2,1.7,0.6,1.2,0.3,0.2,0.4,1.4,0.7,0.0,0.108,0.3703703703703703,0.5555555555555556,0.074074074074074,0.0,0.0,0.5185185185185185,0.057,0.094
1630446,Michaela Onyenwere,WNBA,2025,Wing,F,42,16.9,5.8,1.1,1.6,0.4,0.1,1.3,5.0,1.2,1.6,0.176,0.3222748815165877,0.2748815165876777,0.0805687203791469,0.3222748815165877,0.3222748815165877,0.2417061611374407,0.024,0.073
1642777,Monique Akoa Makani,WNBA,2025,Guard,G,41,21.5,7.7,2.7,2.2,0.8,0.1,1.3,6.5,1.0,3.0,0.167,0.1622641509433962,0.1622641509433962,0.2113207547169811,0.4641509433962264,0.4641509433962264,0.1547169811320754,0.028,0.073
1628881,Monique Billings,WNBA,2025,Wing,F,26,18.2,7.3,0.5,4.5,0.6,0.8,0.8,5.8,2.0,1.4,0.179,0.3112582781456953,0.3642384105960264,0.086092715231788,0.23841059602649,0.23841059602649,0.3509933774834437,0.071,0.151
1627669,Moriah Jefferson,WNBA,2025,,,5,7.1,1.4,1.8,1.0,0.0,0.0,0.4,1.6,0.0,0.6,0.125,0.0,0.125,0.5,0.375,0.375,0.0,0.0,0.152
1642774,Murjanatu Musa,WNBA,2025,,,12,10.1,3.3,0.6,2.6,0.3,0.2,0.6,2.9,0.9,0.2,0.164,0.4571428571428571,0.3714285714285714,0.1142857142857142,0.0571428571428571,0.0571428571428571,0.3142857142857143,0.144,0.134
1628899,Myisha Hines-Allen,WNBA,2025,Wing,F,40,22.1,7.6,2.9,6.0,0.8,0.5,2.2,6.2,2.1,1.5,0.179,0.4538152610441767,0.2208835341365461,0.0843373493975903,0.2409638554216867,0.2409638554216867,0.3333333333333333,0.065,0.213
1631019,NaLyssa Smith,WNBA,2025,Wing,F,45,21.2,7.6,0.7,5.1,0.6,0.6,1.1,5.9,2.4,0.6,0.168,0.3558052434456928,0.3782771535580524,0.1647940074906367,0.1011235955056179,0.1011235955056179,0.4044943820224719,0.078,0.166
1629483,Napheesa Collier,WNBA,2025,Wing,F,33,32.3,22.9,3.2,7.3,1.6,1.5,2.1,15.7,5.2,3.8,0.278,0.2741312741312741,0.3204633204633205,0.166023166023166,0.2393822393822393,0.2393822393822393,0.3301158301158301,0.062,0.166
204333,Natasha Cloud,WNBA,2025,Guard,G,41,29.0,10.1,5.1,3.7,1.2,0.3,1.9,8.5,1.7,3.8,0.171,0.2578796561604584,0.1891117478510028,0.1117478510028653,0.4412607449856733,0.4412607449856733,0.1977077363896848,0.013,0.109
203827,Natasha Howard,WNBA,2025,Wing,F,44,24.1,11.4,1.5,6.6,1.2,0.6,1.9,8.2,3.0,0.8,0.208,0.5386740331491713,0.3149171270718232,0.0552486187845303,0.0911602209944751,0.0911602209944751,0.3646408839779005,0.088,0.196
1630442,Natasha Mack,WNBA,2025,Big,F-C,34,18.3,4.7,0.9,5.8,0.9,1.5,0.4,3.6,1.1,0.1,0.108,0.4435483870967742,0.4032258064516129,0.1209677419354838,0.032258064516129,0.032258064516129,0.2903225806451613,0.126,0.185
1629567,Natisha Hiedeman,WNBA,2025,Guard,G,44,18.9,9.1,2.8,1.9,0.7,0.2,1.2,7.0,1.5,2.8,0.201,0.3387622149837133,0.1856677524429967,0.0716612377850162,0.4039087947882736,0.4039087947882736,0.2182410423452769,0.014,0.083
1631044,Naz Hillmon,WNBA,2025,Wing,F,44,25.5,8.6,2.4,6.2,0.5,0.4,1.1,6.8,1.3,3.8,0.148,0.3733333333333333,0.06,0.0166666666666666,0.55,0.55,0.1966666666666666,0.063,0.179
1628269,Nia Coffey,WNBA,2025,Wing,F,44,10.3,3.9,1.0,2.6,0.2,0.4,0.7,3.3,1.1,1.9,0.19,0.3537414965986394,0.0680272108843537,0.0204081632653061,0.5578231292517006,0.5578231292517006,0.3401360544217687,0.058,0.183
203014,Nneka Ogwumike,WNBA,2025,Wing,F,44,30.9,18.3,2.3,7.0,1.1,0.4,1.9,14.0,2.7,4.1,0.245,0.2382495948136142,0.2739059967585089,0.1961102106969205,0.2917341977309562,0.2917341977309562,0.1912479740680713,0.043,0.192
1631055,Nyara Sabally,WNBA,2025,Big,C,17,17.9,5.4,0.8,4.5,0.5,1.0,0.9,4.5,1.5,0.4,0.147,0.5,0.3684210526315789,0.0394736842105263,0.0921052631578947,0.0921052631578947,0.3289473684210526,0.089,0.157
203824,Odyssey Sims,WNBA,2025,Guard,G,24,27.9,10.1,3.8,2.4,0.7,0.0,1.4,9.0,2.3,2.7,0.178,0.2465116279069767,0.3813953488372093,0.0744186046511627,0.2976744186046511,0.2976744186046511,0.2558139534883721,0.016,0.075
1631135,Olivia Nelson-Ododa,WNBA,2025,Big,C,37,21.6,8.2,0.9,5.0,0.7,1.2,1.1,5.8,3.0,0.1,0.169,0.4697674418604651,0.2744186046511628,0.2465116279069767,0.0093023255813953,0.0093023255813953,0.5162790697674419,0.075,0.167
1642784,Paige Bueckers,WNBA,2025,Guard,G,36,33.3,19.2,5.4,3.9,1.6,0.5,2.0,15.1,4.2,3.3,0.241,0.1344383057090239,0.2799263351749539,0.3683241252302026,0.2173112338858195,0.2173112338858195,0.2799263351749539,0.02,0.102
1627671,Rachel Banham,WNBA,2025,Guard,G,44,24.6,9.0,2.7,1.7,0.6,0.3,1.6,7.7,1.3,5.5,0.174,0.0562130177514792,0.0857988165680473,0.1449704142011834,0.7130177514792899,0.7130177514792899,0.1745562130177514,0.006,0.063
1630996,Rae Burrell,WNBA,2025,Wing,G-F,28,18.4,7.5,1.2,2.3,0.6,0.2,0.9,6.4,1.7,2.4,0.179,0.3876404494382022,0.2078651685393258,0.0280898876404494,0.3764044943820224,0.3764044943820224,0.2640449438202247,0.035,0.087
1642796,Rayah Marshall,WNBA,2025,Big,C-F,15,6.0,1.7,0.3,1.7,0.1,0.2,0.5,1.7,0.8,0.1,0.171,0.4230769230769231,0.4230769230769231,0.1153846153846153,0.0384615384615384,0.0384615384615384,0.4615384615384615,0.079,0.202
204296,Rebecca Allen,WNBA,2025,Wing,F-G,44,18.7,5.1,1.3,2.6,0.5,0.5,0.9,5.5,0.7,3.0,0.151,0.1416666666666666,0.1125,0.1958333333333333,0.55,0.55,0.1291666666666666,0.02,0.116
203822,Rebekah Gardner,WNBA,2025,Guard,G,41,12.2,3.7,0.6,1.8,0.6,0.2,0.6,2.7,0.7,1.0,0.128,0.4090909090909091,0.1818181818181818,0.0272727272727272,0.3818181818181818,0.3818181818181818,0.2454545454545454,0.057,0.087
1631009,Rhyne Howard,WNBA,2025,Guard,G,33,34.9,17.5,4.6,4.5,1.5,0.8,1.7,15.1,3.6,9.6,0.229,0.1222444889779559,0.1422845691382765,0.1002004008016032,0.6352705410821643,0.6352705410821643,0.2364729458917835,0.026,0.102
1642288,Rickea Jackson,WNBA,2025,Wing,F,38,30.9,14.7,1.7,3.2,0.6,0.4,2.1,12.7,2.6,4.9,0.221,0.2774327122153209,0.2298136645962732,0.1055900621118012,0.3871635610766045,0.3871635610766045,0.2028985507246377,0.034,0.071
1641641,Robyn Parks,WNBA,2025,,,6,10.5,0.3,0.3,1.5,0.3,0.0,0.2,0.8,0.0,0.7,0.039,0.0,0.0,0.2,0.8,0.8,0.0,0.015,0.133
1629477,Sabrina Ionescu,WNBA,2025,Guard,G,38,31.4,18.2,5.7,4.9,1.3,0.4,2.6,15.1,4.3,7.1,0.273,0.1483420593368237,0.2216404886561954,0.1570680628272251,0.4729493891797556,0.4729493891797556,0.2844677137870855,0.026,0.121
1628244,Sami Whitcomb,WNBA,2025,Guard,G,43,23.9,9.1,2.5,2.6,0.8,0.2,1.6,7.8,1.3,5.5,0.175,0.1343283582089552,0.1044776119402985,0.0507462686567164,0.7104477611940299,0.7104477611940299,0.1611940298507462,0.015,0.095
1642790,Sania Feagin,WNBA,2025,Wing,F,16,4.8,1.3,0.3,0.7,0.0,0.4,0.4,1.8,0.1,0.3,0.198,0.4285714285714285,0.3928571428571428,0.0357142857142857,0.1428571428571428,0.1428571428571428,0.0714285714285714,0.039,0.103
1642809,Saniya Rivers,WNBA,2025,Guard,G,42,26.1,8.8,2.7,2.8,1.5,0.9,1.5,8.3,1.4,3.0,0.173,0.1977077363896848,0.1318051575931232,0.3094555873925501,0.3610315186246418,0.3610315186246418,0.1690544412607449,0.026,0.088
1642782,Sarah Ashlee Barker,WNBA,2025,Guard,G,34,14.1,3.1,0.9,1.9,0.3,0.1,1.1,3.1,0.7,1.8,0.136,0.25,0.125,0.0384615384615384,0.5865384615384616,0.5865384615384616,0.2307692307692307,0.021,0.118
1630149,Satou Sabally,WNBA,2025,Wing,F,39,26.6,16.3,2.5,5.9,1.3,0.3,2.0,13.2,4.7,5.4,0.276,0.2640776699029126,0.2388349514563106,0.0912621359223301,0.4058252427184466,0.4058252427184466,0.3592233009708738,0.051,0.171
1642813,Serena Sundell,WNBA,2025,,,3,7.2,0.0,0.0,0.3,0.0,0.0,0.7,0.3,0.0,0.3,0.056,0.0,0.0,0.0,1.0,1.0,0.0,0.0,0.056
1642244,Sevgi Uzun,WNBA,2025,Guard,G,25,17.6,3.1,2.5,1.2,0.5,0.1,1.7,3.8,0.6,1.2,0.147,0.1578947368421052,0.3157894736842105,0.2105263157894736,0.3157894736842105,0.3157894736842105,0.1684210526315789,0.002,0.072
1631022,Shakira Austin,WNBA,2025,Big,F-C,38,23.0,12.7,1.8,6.4,1.1,1.1,2.4,10.8,3.8,0.4,0.283,0.4355231143552311,0.3868613138686131,0.1411192214111922,0.0364963503649635,0.0364963503649635,0.3552311435523114,0.068,0.23
1628278,Shatori Walker-Kimbrough,WNBA,2025,Guard,G,41,8.6,1.7,0.5,0.9,0.2,0.3,0.4,1.5,0.3,0.8,0.101,0.1428571428571428,0.1111111111111111,0.2539682539682539,0.492063492063492,0.492063492063492,0.1746031746031746,0.008,0.092
203035,Shey Peddy,WNBA,2025,Guard,G,15,17.6,5.1,2.1,1.7,0.4,0.0,0.9,3.7,0.6,2.3,0.115,0.109090909090909,0.1818181818181818,0.0727272727272727,0.6363636363636364,0.6363636363636364,0.1636363636363636,0.027,0.075
1631021,Sika Kone,WNBA,2025,Wing,F,19,4.5,1.4,0.3,1.0,0.0,0.0,0.3,1.2,0.7,0.3,0.16,0.4090909090909091,0.3181818181818182,0.0454545454545454,0.2272727272727272,0.2272727272727272,0.5909090909090909,0.034,0.163
203400,Skylar Diggins,WNBA,2025,Guard,G,43,31.2,15.5,6.0,2.5,1.2,0.8,2.1,12.5,4.4,4.0,0.235,0.1948051948051948,0.3098330241187384,0.1799628942486085,0.3153988868274582,0.3153988868274582,0.3506493506493506,0.02,0.063
1642785,Sonia Citron,WNBA,2025,Guard,G,44,32.1,14.9,2.4,4.0,1.3,0.4,2.1,10.8,3.4,4.1,0.195,0.2236286919831223,0.2236286919831223,0.1687763713080168,0.3839662447257383,0.3839662447257383,0.3143459915611814,0.022,0.107
1629482,Sophie Cunningham,WNBA,2025,Guard,G,30,25.2,8.6,1.2,3.5,1.0,0.1,1.1,5.8,1.6,3.9,0.128,0.2685714285714285,0.0171428571428571,0.04,0.6742857142857143,0.6742857142857143,0.2742857142857143,0.02,0.121
203828,Stefanie Dolson,WNBA,2025,Big,C,43,15.2,3.7,1.4,2.3,0.3,0.3,0.7,3.3,0.5,1.7,0.122,0.176056338028169,0.1338028169014084,0.1619718309859155,0.528169014084507,0.528169014084507,0.1408450704225352,0.026,0.121
203855,Stephanie Talbot,WNBA,2025,Wing,F,38,14.2,2.9,1.7,2.7,0.5,0.2,1.1,2.7,0.7,1.5,0.124,0.1634615384615384,0.2211538461538461,0.0769230769230769,0.5384615384615384,0.5384615384615384,0.2692307692307692,0.046,0.133
1630134,Sug Sutton,WNBA,2025,Guard,G,43,26.1,7.4,3.9,1.8,0.8,0.1,1.9,6.6,1.1,2.8,0.152,0.1666666666666666,0.2588652482269503,0.1524822695035461,0.4219858156028369,0.4219858156028369,0.1702127659574468,0.008,0.063
202641,Sydney Colson,WNBA,2025,Guard,G,30,13.5,2.4,2.0,0.8,0.5,0.2,1.2,2.5,0.2,1.6,0.119,0.1184210526315789,0.0789473684210526,0.1842105263157894,0.618421052631579,0.618421052631579,0.0921052631578947,0.017,0.047
1642814,Taylor Thierry,WNBA,2025,Wing,G-F,17,2.1,0.4,0.1,0.4,0.2,0.0,0.1,0.6,0.2,0.2,0.163,0.4545454545454545,0.2727272727272727,0.0,0.2727272727272727,0.2727272727272727,0.3636363636363636,0.049,0.111
1642804,Te-Hina Paopao,WNBA,2025,Guard,G,43,16.7,5.8,2.4,1.6,0.5,0.2,1.0,5.1,0.3,3.1,0.163,0.2110091743119266,0.1605504587155963,0.0229357798165137,0.6055045871559633,0.6055045871559633,0.0596330275229357,0.014,0.083
1629479,Teaira McCowan,WNBA,2025,Big,,17,12.9,5.6,0.6,4.6,0.3,0.7,0.9,3.9,1.7,0.1,0.171,0.746268656716418,0.1641791044776119,0.0597014925373134,0.0298507462686567,0.0298507462686567,0.4328358208955223,0.117,0.202
1627701,Temi Fagbenle,WNBA,2025,Big,C,39,23.7,7.4,1.6,4.9,0.9,0.6,1.5,6.4,0.9,1.6,0.156,0.4056224899598393,0.2289156626506024,0.1164658634538152,0.2489959839357429,0.2489959839357429,0.144578313253012,0.078,0.131
203026,Tiffany Hayes,WNBA,2025,Guard,G,26,26.9,11.7,3.0,3.8,0.5,0.2,1.9,9.1,3.1,3.9,0.208,0.2531645569620253,0.2827004219409282,0.0379746835443038,0.4261603375527426,0.4261603375527426,0.3375527426160337,0.025,0.114
1627676,Tiffany Mitchell,WNBA,2025,Guard,G,39,13.1,3.2,0.3,1.1,0.4,0.2,0.6,2.6,1.2,0.8,0.127,0.2450980392156862,0.3235294117647059,0.1372549019607843,0.2941176470588235,0.2941176470588235,0.4607843137254901,0.021,0.062
202250,Tina Charles,WNBA,2025,Big,C,43,28.4,16.3,1.7,5.8,0.8,0.4,1.9,13.8,4.6,1.1,0.274,0.281618887015177,0.3591905564924115,0.281618887015177,0.0775716694772344,0.0775716694772344,0.3305227655986509,0.05,0.163
1630112,Tyasha Harris,WNBA,2025,Guard,G,5,16.5,4.6,2.6,1.0,0.4,0.4,0.6,3.6,0.4,2.2,0.111,0.1666666666666666,0.1111111111111111,0.1111111111111111,0.6111111111111112,0.6111111111111112,0.1111111111111111,0.011,0.046
1631007,Veronica Burton,WNBA,2025,Guard,G,44,29.4,11.9,6.0,4.4,1.1,0.6,2.1,8.8,4.3,4.0,0.194,0.1844155844155844,0.3064935064935065,0.0493506493506493,0.4597402597402597,0.4597402597402597,0.4909090909090909,0.038,0.109
1628304,Yvonne Anderson,WNBA,2025,,,1,12.4,0.0,2.0,1.0,2.0,0.0,0.0,3.0,0.0,1.0,0.094,0.0,0.3333333333333333,0.3333333333333333,0.3333333333333333,0.3333333333333333,0.0,0.0,0.067
1641660,Zia Cooke,WNBA,2025,Guard,G,26,10.0,3.5,0.5,0.5,0.4,0.0,0.8,3.2,0.9,1.5,0.192,0.1547619047619047,0.2738095238095238,0.119047619047619,0.4523809523809524,0.4523809523809524,0.2738095238095238,0.023,0.031
