PLAYER_ID,PLAYER_NAME,league,season,role,POSITION,GP,MIN,PTS,AST,REB,STL,BLK,TOV,FGA,FTA,FG3A,USG_PCT,RIM_RATE,PAINT_NON_RA_RATE,MIDRANGE_RATE,THREE_ZONE_RATE,THREE_RATE,FT_RATE
1630639,A.J. Lawson,NBA,2024-25,Guard,G,26,18.7,9.1,1.2,3.3,0.5,0.2,0.6,7.3,2.4,3.9,0.189,0.3631578947368421,0.08947368421052632,0.015789473684210527,0.531578947368421,0.531578947368421,0.33157894736842103
1631260,AJ Green,NBA,2024-25,Guard,G,73,22.7,7.4,1.5,2.4,0.5,0.1,0.5,5.8,0.4,5.0,0.123,0.030660377358490566,0.025943396226415096,0.08726415094339622,0.8561320754716981,0.8561320754716981,0.06367924528301887
1642358,AJ Johnson,NBA,2024-25,Guard,G,29,22.0,7.6,2.6,2.0,0.4,0.1,1.2,7.3,1.3,3.1,0.173,0.37089201877934275,0.18309859154929578,0.023474178403755867,0.4225352112676056,0.4225352112676056,0.17370892018779344
203932,Aaron Gordon,NBA,2024-25,Wing,F,51,28.4,14.7,3.2,4.8,0.5,0.3,1.4,9.7,3.5,3.4,0.186,0.43259557344064387,0.11670020120724346,0.10462776659959759,0.3460764587525151,0.3460764587525151,0.36016096579476864
1628988,Aaron Holiday,NBA,2024-25,Guard,G,62,12.8,5.5,1.3,1.3,0.3,0.2,0.6,4.3,0.7,2.9,0.162,0.08208955223880597,0.16044776119402984,0.08208955223880597,0.6753731343283582,0.6753731343283582,0.15298507462686567
1630174,Aaron Nesmith,NBA,2024-25,Wing,G-F,45,24.9,12.0,1.2,4.0,0.8,0.4,0.8,8.4,1.8,4.3,0.171,0.2638522427440633,0.1345646437994723,0.0870712401055409,0.5145118733509235,0.5145118733509235,0.21108179419525067
1630598,Aaron Wiggins,NBA,2024-25,Guard,G,76,22.9,12.0,1.8,3.9,0.8,0.2,0.9,9.6,1.2,4.5,0.2,0.32967032967032966,0.15521978021978022,0.04945054945054945,0.46565934065934067,0.46565934065934067,0.12225274725274725
1641745,Adam Flagler,NBA,2024-25,Guard,G,37,5.5,1.8,0.3,0.7,0.2,0.1,0.1,2.6,0.1,1.9,0.207,0.0625,0.08333333333333333,0.10416666666666667,0.75,0.75,0.020833333333333332
1641766,Adama Sanogo,NBA,2024-25,,,4,5.4,2.0,0.3,1.5,0.0,0.0,0.3,1.8,0.0,0.0,0.145,0.7142857142857143,0.2857142857142857,0.0,0.0,0.0,0.0
1641737,Adem Bona,NBA,2024-25,Wing,F,58,15.6,5.8,0.5,4.2,0.4,1.2,1.1,3.3,1.7,0.0,0.135,0.8489583333333334,0.13541666666666666,0.010416666666666666,0.005208333333333333,0.005208333333333333,0.5208333333333334
1642349,Ajay Mitchell,NBA,2024-25,Guard,G,36,16.6,6.5,1.8,1.9,0.7,0.1,0.8,5.1,1.0,1.7,0.159,0.29347826086956524,0.30434782608695654,0.07608695652173914,0.32608695652173914,0.32608695652173914,0.19021739130434784
201143,Al Horford,NBA,2024-25,Big,C-F,60,27.6,9.0,2.1,6.2,0.6,0.9,0.8,7.7,0.6,5.2,0.136,0.1648590021691974,0.1279826464208243,0.026030368763557483,0.6811279826464208,0.6811279826464208,0.0824295010845987
202692,Alec Burks,NBA,2024-25,Guard,G,49,17.6,7.3,1.1,2.5,0.6,0.1,0.6,5.5,1.0,4.2,0.16,0.07011070110701106,0.0996309963099631,0.06642066420664207,0.7638376383763837,0.7638376383763837,0.18081180811808117
1627936,Alex Caruso,NBA,2024-25,Guard,G,54,19.3,7.1,2.5,2.9,1.6,0.6,0.7,5.8,0.9,3.1,0.147,0.3471337579617834,0.07961783439490445,0.03184713375796178,0.5414012738853503,0.5414012738853503,0.1624203821656051
1642505,Alex Ducas,NBA,2024-25,Guard,G,21,6.0,1.7,0.2,1.2,0.2,0.0,0.2,1.4,0.1,1.0,0.115,0.13333333333333333,0.1,0.06666666666666667,0.7,0.7,0.06666666666666667
203458,Alex Len,NBA,2024-25,Big,C,46,8.3,1.6,0.8,2.1,0.2,0.5,0.4,1.4,0.4,0.2,0.101,0.4444444444444444,0.3492063492063492,0.06349206349206349,0.14285714285714285,0.14285714285714285,0.2698412698412698
1642024,Alex Reese,NBA,2024-25,Big,F-C,15,14.4,5.1,0.3,3.1,0.7,0.7,0.4,3.6,0.8,2.7,0.123,0.16666666666666666,0.05555555555555555,0.018518518518518517,0.7592592592592593,0.7592592592592593,0.2222222222222222
1642259,Alex Sarr,NBA,2024-25,Big,C,67,27.1,13.0,2.4,6.5,0.7,1.5,1.7,12.4,2.5,5.1,0.23,0.2318840579710145,0.26811594202898553,0.08816425120772947,0.41183574879227053,0.41183574879227053,0.19927536231884058
1631214,Alondes Williams,NBA,2024-25,,,1,3.7,5.0,1.0,0.0,0.0,0.0,0.0,2.0,0.0,1.0,0.286,,,,,,
1630578,Alperen Sengun,NBA,2024-25,Big,C,76,31.5,19.1,4.9,10.3,1.1,0.8,2.6,15.0,5.6,1.2,0.259,0.42082239720035,0.40769903762029747,0.09273840769903761,0.07874015748031496,0.07874015748031496,0.37445319335083116
1641708,Amen Thompson,NBA,2024-25,Wing,G-F,69,32.3,14.1,3.8,8.2,1.4,1.3,2.0,10.1,3.6,1.3,0.172,0.5121951219512195,0.25968436154949787,0.0975609756097561,0.13055954088952654,0.13055954088952654,0.35437589670014347
1629599,Amir Coffey,NBA,2024-25,Wing,G-F,72,24.3,9.7,1.1,2.2,0.6,0.1,0.6,7.1,1.8,3.4,0.15,0.20784313725490197,0.18627450980392157,0.12156862745098039,0.4843137254901961,0.4843137254901961,0.2529411764705882
203083,Andre Drummond,NBA,2024-25,Big,C,40,18.8,7.3,0.9,7.8,1.0,0.5,1.4,5.9,2.3,0.5,0.183,0.6495726495726496,0.2264957264957265,0.038461538461538464,0.08547008547008547,0.08547008547008547,0.38461538461538464
1641748,Andre Jackson Jr.,NBA,2024-25,Guard,G,67,14.6,3.4,1.2,2.7,0.5,0.2,0.9,2.9,0.4,1.1,0.115,0.39593908629441626,0.16751269035532995,0.050761421319796954,0.38578680203045684,0.38578680203045684,0.1218274111675127
1629614,Andrew Nembhard,NBA,2024-25,Wing,G-F,65,28.9,10.0,5.0,3.3,1.2,0.2,1.7,8.3,2.1,2.7,0.163,0.22077922077922077,0.22820037105751392,0.22634508348794063,0.3246753246753247,0.3246753246753247,0.2523191094619666
203952,Andrew Wiggins,NBA,2024-25,Wing,F,60,30.7,18.0,2.6,4.5,1.0,0.8,1.7,14.0,4.3,5.8,0.238,0.23122765196662692,0.24195470798569726,0.11203814064362336,0.41477949940405245,0.41477949940405245,0.3063170441001192
1629014,Anfernee Simons,NBA,2024-25,Guard,G,70,32.7,19.3,4.8,2.7,0.9,0.1,2.0,16.1,2.8,8.5,0.241,0.16622222222222222,0.18222222222222223,0.12444444444444444,0.5271111111111111,0.5271111111111111,0.17244444444444446
1641710,Anthony Black,NBA,2024-25,Guard,G,78,24.2,9.4,3.1,2.9,1.1,0.6,1.8,7.9,2.5,2.5,0.19,0.3467741935483871,0.24838709677419354,0.09032258064516129,0.31451612903225806,0.31451612903225806,0.317741935483871
203076,Anthony Davis,NBA,2024-25,Big,F-C,51,33.4,24.7,3.5,11.6,1.2,2.2,2.2,17.8,7.2,2.4,0.301,0.36043956043956044,0.2989010989010989,0.2043956043956044,0.13626373626373625,0.13626373626373625,0.4054945054945055
1630162,Anthony Edwards,NBA,2024-25,Guard,G,79,36.3,27.6,4.5,5.7,1.2,0.6,3.2,20.4,6.3,10.3,0.307,0.22518610421836227,0.141439205955335,0.13027295285359802,0.5031017369727047,0.5031017369727047,0.3076923076923077
1630264,Anthony Gill,NBA,2024-25,Wing,F,51,7.8,2.5,0.3,1.3,0.2,0.0,0.2,1.7,1.0,0.6,0.124,0.36363636363636365,0.26136363636363635,0.022727272727272728,0.3522727272727273,0.3522727272727273,0.5681818181818182
1641817,Anton Watson,NBA,2024-25,Wing,F,9,2.5,0.9,0.2,0.3,0.1,0.0,0.2,1.0,0.0,0.1,0.193,0.4444444444444444,0.3333333333333333,0.1111111111111111,0.1111111111111111,0.1111111111111111,0.0
1641810,Antonio Reeves,NBA,2024-25,Guard,G,44,15.0,6.9,0.9,1.4,0.5,0.1,0.7,5.6,0.8,2.9,0.183,0.2217741935483871,0.17338709677419356,0.0846774193548387,0.5201612903225806,0.5201612903225806,0.14112903225806453
1630574,Ariel Hukporti,NBA,2024-25,Big,C,25,8.7,1.9,0.4,2.0,0.0,0.6,0.8,1.2,0.5,0.0,0.113,0.7419354838709677,0.25806451612903225,0.0,0.0,0.0,0.41935483870967744
1642422,Armel Traore,NBA,2024-25,,,9,7.4,1.6,0.1,1.7,0.4,0.2,0.3,2.1,0.8,0.8,0.153,0.5263157894736842,0.10526315789473684,0.0,0.3684210526315789,0.3684210526315789,0.3684210526315789
1641709,Ausar Thompson,NBA,2024-25,Wing,G-F,59,22.5,10.1,2.3,5.1,1.7,0.7,1.4,7.8,2.4,0.8,0.185,0.6130434782608696,0.2543478260869565,0.02608695652173913,0.10652173913043478,0.10652173913043478,0.30869565217391304
1630559,Austin Reaves,NBA,2024-25,Guard,G,73,34.9,20.2,5.8,4.5,1.1,0.3,2.4,14.2,5.0,7.3,0.23,0.19382835101253615,0.23240115718418514,0.06171648987463838,0.5120540019286403,0.5120540019286403,0.35294117647058826
1630245,Ayo Dosunmu,NBA,2024-25,Guard,G,46,30.3,12.3,4.5,3.5,0.9,0.4,1.5,9.8,1.7,4.1,0.163,0.42316258351893093,0.13808463251670378,0.017817371937639197,0.4209354120267261,0.4209354120267261,0.1759465478841871
1628389,Bam Adebayo,NBA,2024-25,Big,C-F,78,34.3,18.1,4.3,9.6,1.3,0.7,2.1,14.3,4.2,2.8,0.232,0.2398921832884097,0.39892183288409705,0.16262353998203055,0.1985624438454627,0.1985624438454627,0.29469901168014373
1631248,Baylor Scheierman,NBA,2024-25,Guard,G,31,12.4,3.6,1.1,2.1,0.5,0.1,0.4,3.5,0.4,2.6,0.143,0.10909090909090909,0.09090909090909091,0.05454545454545454,0.7454545454545455,0.7454545454545455,0.10909090909090909
1641767,Ben Sheppard,NBA,2024-25,Guard,G,63,19.5,5.3,1.3,2.8,0.6,0.2,0.3,4.6,0.4,3.2,0.108,0.20905923344947736,0.0627177700348432,0.03484320557491289,0.6933797909407665,0.6933797909407665,0.09407665505226481
1627732,Ben Simmons,NBA,2024-25,Wing,G-F,51,22.0,5.0,5.6,4.7,0.7,0.5,2.0,4.4,0.6,0.0,0.133,0.48878923766816146,0.4663677130044843,0.04484304932735426,0.0,0.0,0.14798206278026907
1631097,Bennedict Mathurin,NBA,2024-25,Wing,G-F,72,29.9,16.1,1.9,5.3,0.7,0.3,1.9,11.8,4.6,4.0,0.222,0.34466588511137164,0.1899179366940211,0.12778429073856976,0.3376318874560375,0.3376318874560375,0.3892145369284877
1641731,Bilal Coulibaly,NBA,2024-25,Guard,G,59,33.0,12.3,3.4,5.0,1.3,0.7,2.1,10.6,3.1,3.8,0.175,0.3173076923076923,0.22435897435897437,0.09935897435897435,0.358974358974359,0.358974358974359,0.296474358974359
202687,Bismack Biyombo,NBA,2024-25,Big,C,28,18.8,5.1,1.1,5.6,0.6,0.8,1.0,4.1,0.9,0.0,0.124,0.5175438596491229,0.4473684210526316,0.03508771929824561,0.0,0.0,0.21929824561403508
1631104,Blake Wesley,NBA,2024-25,Guard,G,58,11.8,3.7,2.0,1.1,0.6,0.1,0.9,3.2,1.1,1.0,0.165,0.489247311827957,0.12365591397849462,0.07526881720430108,0.3118279569892473,0.3118279569892473,0.3279569892473118
1626171,Bobby Portis Jr.,NBA,2024-25,Wing,F,49,25.4,13.9,2.1,8.4,0.7,0.5,1.2,12.1,1.5,3.6,0.234,0.21512605042016808,0.2,0.2857142857142857,0.2991596638655462,0.2991596638655462,0.1226890756302521
1641752,Bobi Klintman,NBA,2024-25,Wing,F,8,5.3,1.9,0.9,0.9,0.3,0.1,0.1,1.3,0.3,0.6,0.121,0.2,0.2,0.1,0.5,0.5,0.2
203992,Bogdan Bogdanović,NBA,2024-25,Guard,G,54,25.0,10.8,2.7,2.9,0.8,0.2,1.4,9.1,1.2,5.4,0.183,0.13821138211382114,0.16666666666666666,0.10772357723577236,0.5873983739837398,0.5873983739837398,0.13414634146341464
1629626,Bol Bol,NBA,2024-25,Big,C-F,36,12.5,6.8,0.6,2.9,0.3,0.7,0.6,5.1,0.7,2.6,0.204,0.11475409836065574,0.16939890710382513,0.20765027322404372,0.5081967213114754,0.5081967213114754,0.14207650273224043
1630538,Bones Hyland,NBA,2024-25,Guard,G,24,9.9,6.2,1.3,1.0,0.8,0.2,1.0,4.9,1.1,3.4,0.274,0.1271186440677966,0.06779661016949153,0.11016949152542373,0.6949152542372882,0.6949152542372882,0.22033898305084745
203078,Bradley Beal,NBA,2024-25,Guard,G,53,32.1,17.0,3.7,3.3,1.1,0.5,1.9,13.1,2.6,5.0,0.219,0.19164265129682997,0.23631123919308358,0.19164265129682997,0.3804034582132565,0.3804034582132565,0.19740634005763688
1642382,Branden Carlson,NBA,2024-25,Big,C,32,7.7,3.8,0.4,1.7,0.2,0.7,0.2,3.0,0.6,2.1,0.185,0.18556701030927836,0.10309278350515463,0.030927835051546393,0.6804123711340206,0.6804123711340206,0.18556701030927836
1641764,Brandin Podziemski,NBA,2024-25,Guard,G,64,26.8,11.7,3.4,5.1,1.1,0.2,1.2,9.8,1.5,4.8,0.177,0.16057233704292528,0.22098569157392686,0.1271860095389507,0.4912559618441971,0.4912559618441971,0.151033386327504
1630527,Brandon Boston Jr.,NBA,2024-25,Guard,G,42,23.6,10.7,2.2,3.2,1.3,0.2,1.2,9.1,2.0,3.3,0.199,0.27034120734908135,0.15748031496062992,0.2047244094488189,0.3674540682414698,0.3674540682414698,0.2230971128608924
1629634,Brandon Clarke,NBA,2024-25,Wing,F,64,18.9,8.3,1.0,5.1,0.8,0.6,0.6,5.9,1.4,0.3,0.15,0.4921052631578947,0.42105263157894735,0.042105263157894736,0.04473684210526316,0.04473684210526316,0.22894736842105262
1627742,Brandon Ingram,NBA,2024-25,Wing,F,18,33.1,22.2,5.2,5.6,0.9,0.6,3.8,18.5,3.1,6.4,0.305,0.15915915915915915,0.1921921921921922,0.3033033033033033,0.34534534534534533,0.34534534534534533,0.16516516516516516
1641706,Brandon Miller,NBA,2024-25,Wing,F,27,34.2,21.0,3.6,4.9,1.1,0.7,2.8,18.2,2.9,10.9,0.27,0.13238289205702647,0.18329938900203666,0.08757637474541752,0.5967413441955194,0.5967413441955194,0.16089613034623218
1630314,Brandon Williams,NBA,2024-25,Guard,G,33,14.8,8.3,2.3,1.8,0.7,0.2,1.2,5.7,2.0,1.8,0.218,0.425531914893617,0.17553191489361702,0.0797872340425532,0.3191489361702128,0.3191489361702128,0.35106382978723405
1630296,Braxton Key,NBA,2024-25,Wing,F,3,3.6,1.0,0.0,0.7,0.7,0.0,0.3,1.3,2.0,0.3,0.222,,,,,,
1641729,Brice Sensabaugh,NBA,2024-25,Wing,F,71,20.2,10.9,1.5,3.0,0.6,0.1,1.5,8.4,1.0,5.2,0.208,0.10350584307178631,0.18864774624373956,0.08681135225375626,0.6210350584307178,0.6210350584307178,0.12186978297161936
1642355,Bronny James,NBA,2024-25,Guard,G,27,6.7,2.3,0.8,0.7,0.3,0.1,0.5,2.5,0.5,1.2,0.199,0.1044776119402985,0.31343283582089554,0.1044776119402985,0.47761194029850745,0.47761194029850745,0.208955223880597
201572,Brook Lopez,NBA,2024-25,Big,C,80,31.8,13.0,1.8,5.0,0.6,1.9,1.1,9.7,1.7,4.7,0.157,0.2571059431524548,0.18087855297157623,0.08010335917312661,0.4819121447028424,0.4819121447028424,0.17829457364341086
1628971,Bruce Brown,NBA,2024-25,Wing,G-F,41,22.5,8.3,2.0,4.0,0.8,0.2,1.0,7.5,1.6,2.0,0.169,0.32038834951456313,0.3333333333333333,0.08414239482200647,0.2621359223300971,0.2621359223300971,0.21035598705501618
1628981,Bruno Fernando,NBA,2024-25,,,17,8.6,3.4,1.1,3.0,0.2,0.5,0.8,2.9,0.5,0.0,0.182,0.6938775510204082,0.22448979591836735,0.08163265306122448,0.0,0.0,0.16326530612244897
1631121,Bryce McGowens,NBA,2024-25,Guard,G,13,2.5,1.0,0.2,0.2,0.1,0.0,0.3,1.1,0.5,0.3,0.244,0.14285714285714285,0.5,0.07142857142857142,0.2857142857142857,0.2857142857142857,0.42857142857142855
1642267,Bub Carrington,NBA,2024-25,Guard,G,82,30.0,9.8,4.4,4.2,0.7,0.3,1.7,9.1,1.0,5.0,0.154,0.12299465240641712,0.14171122994652408,0.19117647058823528,0.5441176470588235,0.5441176470588235,0.11363636363636363
1627741,Buddy Hield,NBA,2024-25,Guard,G,82,22.7,11.1,1.6,3.2,0.8,0.3,1.1,9.6,0.8,6.7,0.196,0.14249363867684478,0.0916030534351145,0.06743002544529263,0.6984732824427481,0.6984732824427481,0.08142493638676845
203468,CJ McCollum,NBA,2024-25,Guard,G,56,32.7,21.1,4.1,3.8,0.8,0.4,1.9,17.9,3.1,8.2,0.266,0.187,0.219,0.135,0.459,0.459,0.173
1630595,Cade Cunningham,NBA,2024-25,Guard,G,70,35.0,26.1,9.1,6.1,1.0,0.8,4.4,20.8,5.3,6.0,0.323,0.24982841455044613,0.33150308853809196,0.13109128345916266,0.28757721345229925,0.2868908716540837,0.2539464653397392
1631216,Caleb Houstan,NBA,2024-25,Guard,G,58,13.6,4.1,0.6,1.3,0.4,0.1,0.2,3.3,0.3,2.8,0.115,0.05789473684210526,0.042105263157894736,0.05789473684210526,0.8421052631578947,0.8421052631578947,0.08947368421052632
1628997,Caleb Martin,NBA,2024-25,Wing,F,45,27.1,7.9,2.1,3.9,1.0,0.5,1.2,6.8,2.2,2.3,0.143,0.28289473684210525,0.17763157894736842,0.20065789473684212,0.33881578947368424,0.33881578947368424,0.3223684210526316
1642353,Cam Christie,NBA,2024-25,Guard,G,13,4.5,1.4,0.5,0.9,0.4,0.1,0.2,1.8,0.3,1.0,0.192,0.3333333333333333,0.08333333333333333,0.041666666666666664,0.5416666666666666,0.5416666666666666,0.16666666666666666
1629629,Cam Reddish,NBA,2024-25,,,33,17.9,3.2,0.7,2.0,1.0,0.3,0.4,2.8,0.8,1.4,0.084,0.3191489361702128,0.14893617021276595,0.031914893617021274,0.5,0.5,0.2765957446808511
1642285,Cam Spencer,NBA,2024-25,Guard,G,25,10.1,4.2,1.4,1.2,0.4,0.0,0.2,3.3,0.8,2.1,0.148,0.10975609756097561,0.14634146341463414,0.10975609756097561,0.6341463414634146,0.6341463414634146,0.23170731707317074
1630560,Cam Thomas,NBA,2024-25,Guard,G,25,31.2,24.0,3.8,3.3,0.6,0.1,2.5,18.2,6.0,7.8,0.328,0.1762114537444934,0.20484581497797358,0.1894273127753304,0.42951541850220265,0.42951541850220265,0.33259911894273125
1641715,Cam Whitmore,NBA,2024-25,Wing,F,51,16.2,9.4,1.0,3.0,0.6,0.3,0.9,7.9,1.4,3.6,0.231,0.3027295285359802,0.16377171215880892,0.0794044665012407,0.45409429280397023,0.45409429280397023,0.17866004962779156
1629661,Cameron Johnson,NBA,2024-25,Wing,F,57,31.6,18.8,3.4,4.3,0.9,0.4,1.7,13.1,3.9,7.2,0.224,0.2248995983935743,0.12315930388219545,0.10575635876840696,0.5461847389558233,0.5461847389558233,0.30120481927710846
1626166,Cameron Payne,NBA,2024-25,Guard,G,72,15.1,6.9,2.8,1.4,0.5,0.2,0.7,6.2,0.8,3.6,0.2,0.17040358744394618,0.19282511210762332,0.06278026905829596,0.5739910313901345,0.5739910313901345,0.1210762331838565
1627747,Caris LeVert,NBA,2024-25,Guard,G,64,24.9,12.1,3.4,3.2,0.9,0.5,1.2,9.4,2.4,4.4,0.191,0.32554257095158595,0.15025041736227046,0.05008347245409015,0.4741235392320534,0.4741235392320534,0.2587646076794658
1641717,Cason Wallace,NBA,2024-25,Guard,G,68,27.6,8.4,2.5,3.4,1.8,0.5,0.9,7.2,0.5,3.1,0.124,0.3292433537832311,0.1983640081799591,0.04703476482617587,0.42535787321063395,0.42535787321063395,0.07566462167689161
1629646,Charles Bassey,NBA,2024-25,Big,C-F,36,10.4,4.4,0.5,4.2,0.4,0.8,0.6,3.3,0.9,0.0,0.164,0.6923076923076923,0.27350427350427353,0.03418803418803419,0.0,0.0,0.28205128205128205
1631096,Chet Holmgren,NBA,2024-25,Big,C-F,32,27.4,15.0,2.0,8.0,0.7,2.2,1.8,10.7,4.2,3.6,0.214,0.35777126099706746,0.22287390029325513,0.07917888563049853,0.34017595307917886,0.34017595307917886,0.39296187683284456
1628449,Chris Boucher,NBA,2024-25,Wing,F,50,17.2,10.0,0.7,4.5,0.5,0.5,0.6,7.4,1.7,3.9,0.208,0.3216216216216216,0.10810810810810811,0.04864864864864865,0.5216216216216216,0.5216216216216216,0.23513513513513515
1630537,Chris Duarte,NBA,2024-25,,,17,4.4,2.1,0.5,1.2,0.0,0.0,0.1,1.5,0.5,0.9,0.151,0.3076923076923077,0.11538461538461539,0.038461538461538464,0.5384615384615384,0.5769230769230769,0.3076923076923077
1641753,Chris Livingston,NBA,2024-25,Wing,F,21,5.0,1.4,0.2,1.7,0.2,0.0,0.3,1.3,0.8,0.4,0.15,0.5185185185185185,0.18518518518518517,0.0,0.2962962962962963,0.2962962962962963,0.5925925925925926
101108,Chris Paul,NBA,2024-25,Guard,G,82,28.0,8.8,7.4,3.6,1.3,0.3,1.6,7.1,1.1,4.5,0.137,0.029159519725557463,0.11149228130360206,0.22298456260720412,0.6363636363636364,0.6363636363636364,0.15780445969125215
1631128,Christian Braun,NBA,2024-25,Guard,G,79,33.9,15.4,2.6,5.2,1.1,0.5,1.0,10.4,2.7,2.8,0.155,0.5213154689403167,0.15834348355663824,0.047503045066991476,0.2728380024360536,0.2728380024360536,0.26065773447015833
1631132,Christian Koloko,NBA,2024-25,Big,C,37,9.2,2.4,0.4,2.5,0.2,0.4,0.3,1.8,0.4,0.1,0.104,0.7424242424242424,0.15151515151515152,0.045454545454545456,0.06060606060606061,0.06060606060606061,0.21212121212121213
1629643,Chuma Okeke,NBA,2024-25,Wing,F,9,21.9,5.9,1.7,5.2,0.6,0.4,0.3,4.4,0.3,3.1,0.093,0.3,0.0,0.0,0.7,0.7,0.075
203991,Clint Capela,NBA,2024-25,Big,C,55,21.4,8.9,1.1,8.5,0.6,1.0,0.9,7.1,1.8,0.0,0.16,0.7076923076923077,0.2794871794871795,0.010256410256410256,0.002564102564102564,0.002564102564102564,0.24871794871794872
1629632,Coby White,NBA,2024-25,Guard,G,74,33.1,20.4,4.5,3.7,0.9,0.2,2.4,15.1,4.1,7.9,0.237,0.25780553077609275,0.1400535236396075,0.08117752007136485,0.5209634255129348,0.5209634255129348,0.27386262265834077
1628998,Cody Martin,NBA,2024-25,Wing,F,53,22.1,6.8,2.0,4.2,1.1,0.6,1.0,6.1,1.2,2.8,0.142,0.28615384615384615,0.11076923076923077,0.13846153846153847,0.4646153846153846,0.4646153846153846,0.18769230769230769
1642262,Cody Williams,NBA,2024-25,Wing,F,50,21.2,4.6,1.2,2.3,0.5,0.3,0.9,5.1,0.8,2.7,0.122,0.14007782101167315,0.2490272373540856,0.08560311284046693,0.5252918287937743,0.5252918287937743,0.1556420233463035
1641732,Colby Jones,NBA,2024-25,Guard,G,39,13.2,4.0,1.1,2.2,0.7,0.3,0.6,3.3,0.9,1.3,0.138,0.24031007751937986,0.2558139534883721,0.12403100775193798,0.3798449612403101,0.3798449612403101,0.2713178294573643
1630175,Cole Anthony,NBA,2024-25,Guard,G,67,18.4,9.4,2.9,3.0,0.7,0.5,1.5,8.1,1.7,3.3,0.238,0.1841620626151013,0.26335174953959484,0.15101289134438306,0.4014732965009208,0.4014732965009208,0.20810313075506445
1631306,Cole Swider,NBA,2024-25,,,10,17.0,5.9,0.3,2.7,0.4,0.2,0.4,6.3,0.1,4.7,0.155,0.07936507936507936,0.031746031746031744,0.14285714285714285,0.746031746031746,0.746031746031746,0.015873015873015872
1630658,Colin Castleton,NBA,2024-25,Big,C,26,16.6,4.7,1.1,4.7,0.3,0.4,0.9,3.8,1.5,0.6,0.125,0.3979591836734694,0.42857142857142855,0.01020408163265306,0.16326530612244897,0.16326530612244897,0.3877551020408163
1631221,Collin Gillespie,NBA,2024-25,Guard,G,33,14.0,5.9,2.4,2.4,0.6,0.2,0.5,4.8,0.7,2.7,0.17,0.15822784810126583,0.20253164556962025,0.06962025316455696,0.569620253164557,0.569620253164557,0.13924050632911392
1629012,Collin Sexton,NBA,2024-25,Guard,G,63,27.9,18.4,4.2,2.7,0.7,0.1,2.5,13.8,4.0,4.3,0.264,0.20761245674740483,0.3621683967704729,0.11764705882352941,0.31257208765859285,0.31257208765859285,0.2895040369088812
1630557,Corey Kispert,NBA,2024-25,Wing,F,61,26.3,11.6,1.7,3.0,0.4,0.2,1.0,9.3,1.4,5.4,0.169,0.23539823008849559,0.15752212389380532,0.023008849557522124,0.584070796460177,0.584070796460177,0.15575221238938053
202709,Cory Joseph,NBA,2024-25,Guard,G,50,12.2,3.5,1.4,1.5,0.5,0.1,0.4,3.1,0.4,2.1,0.126,0.12987012987012986,0.09740259740259741,0.07792207792207792,0.6948051948051948,0.6948051948051948,0.11688311688311688
1641854,Craig Porter Jr.,NBA,2024-25,Guard,G,51,10.1,3.7,1.4,1.3,0.3,0.3,0.7,2.7,0.6,0.9,0.155,0.4,0.17142857142857143,0.08571428571428572,0.34285714285714286,0.34285714285714286,0.22857142857142856
1642385,Cui Cui,NBA,2024-25,,,5,2.1,0.6,0.0,0.4,0.0,0.0,0.0,1.4,0.4,0.6,0.296,,,,,,
1626156,D'Angelo Russell,NBA,2024-25,Guard,G,58,25.5,12.6,5.1,2.8,1.0,0.4,1.9,11.0,2.5,6.2,0.228,0.13166144200626959,0.21630094043887146,0.0877742946708464,0.5642633228840125,0.5642633228840125,0.22727272727272727
1630618,D.J. Carton,NBA,2024-25,,,4,8.3,0.8,0.8,1.0,0.5,0.0,1.0,1.8,0.3,0.8,0.122,0.2857142857142857,0.2857142857142857,0.0,0.42857142857142855,0.42857142857142855,0.14285714285714285
1629610,DaQuan Jeffries,NBA,2024-25,Wing,G-F,47,22.8,6.7,1.1,2.9,0.6,0.5,0.7,6.2,0.6,3.5,0.136,0.2542955326460481,0.140893470790378,0.041237113402061855,0.563573883161512,0.563573883161512,0.10309278350515463
1631342,Daeqwon Plowden,NBA,2024-25,Wing,G-F,6,11.9,7.2,0.3,1.8,0.0,0.0,0.7,4.2,0.3,2.8,0.181,0.28,0.04,0.0,0.68,0.68,0.08
1630227,Daishen Nix,NBA,2024-25,,,3,4.4,0.3,1.0,1.3,0.0,0.0,1.3,0.3,0.7,0.3,0.176,,,,,,
1630625,Dalano Banton,NBA,2024-25,Wing,F,67,16.7,8.3,2.4,2.0,0.6,0.5,1.3,7.6,1.9,3.3,0.237,0.3175542406311637,0.1873767258382643,0.05719921104536489,0.4378698224852071,0.4378698224852071,0.2465483234714004
1631207,Dalen Terry,NBA,2024-25,Wing,F,73,13.5,4.5,1.3,1.7,0.6,0.2,0.7,3.7,0.9,1.4,0.142,0.43656716417910446,0.14925373134328357,0.026119402985074626,0.3880597014925373,0.3880597014925373,0.2574626865671642
1642261,Dalton Knecht,NBA,2024-25,Wing,F,78,19.2,9.1,0.8,2.8,0.3,0.1,0.5,7.1,1.1,4.4,0.181,0.1992818671454219,0.1310592459605027,0.059245960502693,0.6104129263913824,0.6104129263913824,0.15080789946140036
203081,Damian Lillard,NBA,2024-25,Guard,G,58,36.1,24.9,7.1,4.7,1.2,0.2,2.8,17.1,6.8,9.0,0.269,0.20262096774193547,0.1028225806451613,0.1663306451612903,0.5282258064516129,0.5282258064516129,0.3961693548387097
1641878,Damion Baugh,NBA,2024-25,Guard,G,15,24.7,7.3,3.7,3.3,1.0,0.1,2.1,8.7,1.0,3.7,0.186,0.26153846153846155,0.2846153846153846,0.023076923076923078,0.4307692307692308,0.4307692307692308,0.11538461538461539
1627814,Damion Lee,NBA,2024-25,Wing,G-F,25,5.8,3.3,0.4,0.8,0.2,0.0,0.4,3.0,0.8,1.5,0.269,0.10810810810810811,0.2972972972972973,0.0945945945945946,0.5,0.5,0.28378378378378377
1629655,Daniel Gafford,NBA,2024-25,Big,F-C,57,21.5,12.3,1.4,6.8,0.4,1.8,1.2,7.1,3.4,0.0,0.186,0.7915632754342432,0.20099255583126552,0.007444168734491315,0.0,0.0,0.48635235732009924
1628464,Daniel Theis,NBA,2024-25,,,38,16.3,4.3,1.6,4.3,0.5,0.5,0.7,3.4,1.0,1.0,0.111,0.4186046511627907,0.20930232558139536,0.08527131782945736,0.2868217054263566,0.2868217054263566,0.2868217054263566
1642450,Daniss Jenkins,NBA,2024-25,Guard,G,7,3.2,1.0,0.4,0.3,0.0,0.0,0.1,1.4,0.3,1.0,0.231,0.3,0.0,0.0,0.7,0.7,0.2
203957,Dante Exum,NBA,2024-25,Guard,G,20,18.6,8.7,2.8,1.7,0.6,0.2,1.1,6.7,1.6,2.7,0.193,0.3283582089552239,0.208955223880597,0.06716417910447761,0.39552238805970147,0.39552238805970147,0.23134328358208955
203967,Dario Saric,NBA,2024-25,Big,F-C,16,13.1,3.5,1.4,3.1,0.4,0.1,0.9,3.6,0.6,1.6,0.157,0.3448275862068966,0.15517241379310345,0.05172413793103448,0.4482758620689655,0.4482758620689655,0.1724137931034483
1641727,Dariq Whitehead,NBA,2024-25,Wing,G-F,20,12.3,5.7,0.6,1.5,0.3,0.1,0.8,4.8,0.3,3.7,0.189,0.10416666666666667,0.08333333333333333,0.03125,0.78125,0.7708333333333334,0.052083333333333336
1629636,Darius Garland,NBA,2024-25,Guard,G,75,30.7,20.6,6.7,2.9,1.2,0.1,2.5,15.7,3.4,7.1,0.265,0.18057921635434412,0.22487223168654175,0.14395229982964225,0.4505962521294719,0.4505962521294719,0.217206132879046
1630561,David Duke Jr.,NBA,2024-25,Guard,G,6,5.6,2.7,0.7,0.8,0.2,0.0,0.3,2.3,0.3,1.0,0.207,0.35714285714285715,0.14285714285714285,0.07142857142857142,0.42857142857142855,0.42857142857142855,0.14285714285714285
1631223,David Roddy,NBA,2024-25,Wing,F,33,12.4,4.6,1.1,2.5,0.4,0.3,0.7,3.8,0.8,1.8,0.159,0.256,0.256,0.0,0.488,0.488,0.208
1630558,Davion Mitchell,NBA,2024-25,Guard,G,74,27.4,7.9,4.9,2.3,1.0,0.2,1.7,6.4,1.1,2.9,0.135,0.3319327731092437,0.1722689075630252,0.052521008403361345,0.4432773109243697,0.4432773109243697,0.17647058823529413
1630549,Day'Ron Sharpe,NBA,2024-25,Big,C,50,18.1,7.9,1.8,6.6,0.8,0.8,1.3,6.3,1.5,0.9,0.186,0.5993690851735016,0.21766561514195584,0.04100946372239748,0.14195583596214512,0.14195583596214512,0.2334384858044164
1628368,De'Aaron Fox,NBA,2024-25,Guard,G,62,36.1,23.5,6.3,4.8,1.5,0.4,2.8,18.8,5.1,6.1,0.274,0.20894239036973344,0.29664660361135,0.16680997420464316,0.3276010318142734,0.3276010318142734,0.27343078245915736
1629631,De'Andre Hunter,NBA,2024-25,Wing,F-G,64,27.2,17.0,1.4,4.0,0.8,0.2,1.3,11.9,4.0,6.1,0.221,0.18503937007874016,0.1994750656167979,0.1062992125984252,0.5091863517060368,0.5091863517060368,0.3333333333333333
1629001,De'Anthony Melton,NBA,2024-25,Guard,G,6,20.2,10.3,2.8,3.3,1.2,0.3,1.7,9.0,1.3,5.8,0.223,0.16666666666666666,0.14814814814814814,0.037037037037037035,0.6481481481481481,0.6481481481481481,0.14814814814814814
201599,DeAndre Jordan,NBA,2024-25,Big,C,56,12.3,3.7,0.9,5.1,0.3,0.5,0.7,2.5,1.1,0.0,0.126,0.7928571428571428,0.2,0.007142857142857143,0.0,0.0,0.45714285714285713
201942,DeMar DeRozan,NBA,2024-25,Wing,G-F,77,35.9,22.2,4.4,3.9,0.8,0.4,1.4,17.0,5.7,3.3,0.244,0.09250764525993883,0.22247706422018348,0.4892966360856269,0.19571865443425077,0.19571865443425077,0.33715596330275227
1629731,Dean Wade,NBA,2024-25,Big,F-C,59,21.2,5.4,1.3,4.2,0.7,0.3,0.4,4.6,0.5,3.8,0.101,0.13284132841328414,0.033210332103321034,0.014760147601476014,0.8191881918819188,0.8191881918819188,0.11070110701107011
1629028,Deandre Ayton,NBA,2024-25,Big,C,40,30.1,14.4,1.6,10.2,0.8,1.0,1.7,11.7,1.5,0.8,0.197,0.40384615384615385,0.32264957264957267,0.20512820512820512,0.06837606837606838,0.06837606837606838,0.1282051282051282
1627749,Dejounte Murray,NBA,2024-25,Guard,G,31,32.6,17.5,7.4,6.5,2.0,0.4,3.4,15.9,4.0,5.6,0.263,0.22267206477732793,0.21862348178137653,0.20647773279352227,0.3522267206477733,0.3522267206477733,0.25101214574898784
1626153,Delon Wright,NBA,2024-25,Guard,G,40,15.9,3.1,1.9,1.7,0.9,0.3,0.6,3.3,0.6,1.8,0.111,0.2748091603053435,0.1450381679389313,0.022900763358778626,0.5572519083969466,0.5572519083969466,0.19083969465648856
1630166,Deni Avdija,NBA,2024-25,Wing,F,72,30.0,16.9,3.9,7.3,1.0,0.5,2.7,11.7,5.2,4.8,0.228,0.38744075829383884,0.17180094786729858,0.035545023696682464,0.4052132701421801,0.4052132701421801,0.44075829383886256
203471,Dennis Schröder,NBA,2024-25,Guard,G,75,28.1,13.1,5.4,2.6,0.9,0.2,1.9,11.0,2.9,4.9,0.211,0.18742442563482467,0.19588875453446192,0.16686819830713423,0.4498186215235792,0.4486094316807739,0.26118500604594924
1641726,Dereck Lively II,NBA,2024-25,Big,C,36,23.1,8.7,2.4,7.5,0.6,1.6,1.1,5.3,2.0,0.0,0.132,0.6963350785340314,0.3036649214659686,0.0,0.0,0.0,0.38219895287958117
1627884,Derrick Jones Jr.,NBA,2024-25,Wing,F,77,24.3,10.1,0.8,3.4,1.0,0.4,0.9,7.6,1.5,2.8,0.16,0.4397283531409168,0.166383701188455,0.022071307300509338,0.37181663837011886,0.37181663837011886,0.200339558573854
1628401,Derrick White,NBA,2024-25,Guard,G,76,33.9,16.4,4.8,4.5,0.9,1.1,1.7,12.6,2.1,9.1,0.195,0.10740354535974973,0.11470281543274244,0.05735140771637122,0.7205422314911366,0.7205422314911366,0.1678832116788321
1630217,Desmond Bane,NBA,2024-25,Guard,G,69,32.0,19.2,5.3,6.1,1.2,0.4,2.4,14.8,2.9,6.1,0.227,0.24950884086444008,0.224950884086444,0.11493123772102161,0.4106090373280943,0.4106090373280943,0.1944990176817289
1626164,Devin Booker,NBA,2024-25,Guard,G,75,37.3,25.6,7.1,4.1,0.9,0.2,2.9,18.9,6.4,7.3,0.285,0.14225352112676057,0.24084507042253522,0.22887323943661972,0.3880281690140845,0.3880281690140845,0.3401408450704225
1642269,Devin Carter,NBA,2024-25,Guard,G,36,11.0,3.8,1.1,2.1,0.6,0.1,0.5,3.5,1.2,1.7,0.169,0.2204724409448819,0.25984251968503935,0.03937007874015748,0.48031496062992124,0.48031496062992124,0.3464566929133858
1630170,Devin Vassell,NBA,2024-25,Wing,G-F,64,31.0,16.3,2.9,4.0,1.3,0.5,1.4,13.9,1.9,6.7,0.217,0.1687289088863892,0.1327334083239595,0.21484814398200225,0.48368953880764903,0.48256467941507314,0.13498312710911137
1628415,Dillon Brooks,NBA,2024-25,Wing,G-F,75,31.8,14.0,1.7,3.7,0.8,0.2,1.0,11.9,1.6,6.3,0.176,0.15418994413407822,0.2,0.1217877094972067,0.524022346368715,0.524022346368715,0.13519553072625698
1641794,Dillon Jones,NBA,2024-25,Wing,F,54,10.2,2.5,1.1,2.2,0.3,0.1,0.5,2.5,0.5,1.2,0.131,0.3157894736842105,0.17293233082706766,0.03759398496240601,0.47368421052631576,0.47368421052631576,0.21052631578947367
1627734,Domantas Sabonis,NBA,2024-25,Big,F-C,70,34.7,19.1,6.0,13.9,0.7,0.4,2.9,12.8,4.1,2.2,0.213,0.5319148936170213,0.22172452407614782,0.07166853303471445,0.17469204927211646,0.17469204927211646,0.3236282194848824
1631230,Dominick Barlow,NBA,2024-25,Wing,F,35,10.7,4.2,0.5,2.4,0.3,0.5,0.1,3.2,0.9,0.8,0.141,0.4690265486725664,0.20353982300884957,0.08849557522123894,0.23893805309734514,0.23893805309734514,0.2920353982300885
1642270,Donovan Clingan,NBA,2024-25,Big,C,67,19.8,6.5,1.1,7.9,0.5,1.6,1.1,5.0,1.6,0.7,0.135,0.7125748502994012,0.12574850299401197,0.014970059880239521,0.1467065868263473,0.1467065868263473,0.31137724550898205
1628378,Donovan Mitchell,NBA,2024-25,Guard,G,71,31.4,24.0,5.0,4.5,1.3,0.2,2.1,18.6,5.1,8.9,0.298,0.19015151515151515,0.18106060606060606,0.14924242424242423,0.47954545454545455,0.47954545454545455,0.27424242424242423
1628978,Donte DiVincenzo,NBA,2024-25,Guard,G,62,25.9,11.7,3.6,3.7,1.2,0.3,1.6,9.6,1.0,7.1,0.188,0.15345699831365936,0.09612141652613827,0.011804384485666104,0.7386172006745363,0.7386172006745363,0.10623946037099494
1627827,Dorian Finney-Smith,NBA,2024-25,Wing,F,63,28.9,8.7,1.4,3.9,0.9,0.4,0.9,6.9,0.7,5.0,0.123,0.20689655172413793,0.06436781609195402,0.006896551724137931,0.7218390804597701,0.7218390804597701,0.10344827586206896
203926,Doug McDermott,NBA,2024-25,Wing,F,42,8.1,3.5,0.2,0.5,0.1,0.0,0.1,2.8,0.1,2.4,0.15,0.06837606837606838,0.02564102564102564,0.042735042735042736,0.8632478632478633,0.8632478632478633,0.042735042735042736
203110,Draymond Green,NBA,2024-25,Wing,F,68,29.2,9.0,5.6,6.1,1.5,1.0,2.6,7.5,2.2,3.6,0.157,0.24950884086444008,0.22396856581532418,0.043222003929273084,0.48330058939096265,0.48330058939096265,0.2888015717092338
1629234,Drew Eubanks,NBA,2024-25,Big,F-C,61,12.2,4.6,0.9,3.7,0.2,0.6,0.7,3.2,1.2,0.1,0.149,0.5,0.4381443298969072,0.030927835051546393,0.030927835051546393,0.030927835051546393,0.36597938144329895
1641809,Drew Peterson,NBA,2024-25,Wing,F,25,7.4,2.2,0.5,1.6,0.2,0.1,0.3,1.6,0.4,1.3,0.121,0.12195121951219512,0.04878048780487805,0.024390243902439025,0.8048780487804879,0.8048780487804879,0.21951219512195122
1631166,Drew Timme,NBA,2024-25,Wing,F,9,28.2,12.1,2.2,7.2,0.4,0.1,1.7,11.3,1.8,3.9,0.205,0.35294117647058826,0.2647058823529412,0.0392156862745098,0.3431372549019608,0.3431372549019608,0.1568627450980392
1630696,Dru Smith,NBA,2024-25,Guard,G,14,19.2,6.2,1.6,2.6,1.5,0.4,1.2,4.4,0.9,2.1,0.131,0.22950819672131148,0.2459016393442623,0.03278688524590164,0.4918032786885246,0.4918032786885246,0.19672131147540983
1629130,Duncan Robinson,NBA,2024-25,Wing,F,74,24.1,11.0,2.4,2.3,0.5,0.1,1.2,9.0,0.7,6.5,0.187,0.14630467571644043,0.10558069381598793,0.0196078431372549,0.7285067873303167,0.7285067873303167,0.07993966817496229
1641871,Duop Reath,NBA,2024-25,Big,C,46,10.2,4.2,0.6,2.0,0.3,0.3,0.3,3.6,0.5,2.3,0.162,0.25903614457831325,0.08433734939759036,0.018072289156626505,0.6385542168674698,0.6385542168674698,0.13253012048192772
203939,Dwight Powell,NBA,2024-25,Big,F-C,55,10.0,2.1,1.0,2.1,0.3,0.4,0.3,1.1,0.8,0.1,0.073,0.8032786885245902,0.11475409836065574,0.0,0.08196721311475409,0.08196721311475409,0.7049180327868853
1630700,Dyson Daniels,NBA,2024-25,Guard,G,76,33.8,14.1,4.4,5.9,3.0,0.7,2.0,12.1,1.8,3.1,0.178,0.3445287107258938,0.37378114842903576,0.027085590465872156,0.25460455037919827,0.25460455037919827,0.15167930660888407
1630604,E.J. Liddell,NBA,2024-25,Wing,F,12,4.4,1.8,0.3,0.8,0.1,0.1,0.2,1.3,0.2,0.8,0.13,0.13333333333333333,0.2,0.0,0.6666666666666666,0.6666666666666666,0.13333333333333333
203901,Elfrid Payton,NBA,2024-25,Guard,G,24,21.3,3.5,6.9,3.3,1.0,0.5,2.5,5.1,0.3,0.3,0.151,0.1885245901639344,0.6885245901639344,0.07377049180327869,0.04918032786885246,0.04918032786885246,0.05737704918032787
1641989,Elijah Harkless,NBA,2024-25,Guard,G,10,13.8,3.2,0.8,2.1,1.0,0.1,0.3,3.5,0.6,2.5,0.12,0.11428571428571428,0.14285714285714285,0.02857142857142857,0.7142857142857143,0.7142857142857143,0.17142857142857143
1641801,Emanuel Miller,NBA,2024-25,Wing,F,6,4.1,1.7,0.3,1.3,0.2,0.0,0.0,1.3,0.3,0.2,0.143,0.75,0.125,0.0,0.125,0.125,0.25
1641734,Emoni Bates,NBA,2024-25,Wing,F,10,7.5,3.7,0.8,0.7,0.1,0.1,0.2,3.8,0.0,3.0,0.201,0.10526315789473684,0.0,0.10526315789473684,0.7894736842105263,0.7894736842105263,0.0
1642402,Enrique Freeman,NBA,2024-25,Wing,F,22,8.2,2.1,0.4,1.4,0.1,0.1,0.3,1.7,0.9,0.5,0.109,0.5945945945945946,0.13513513513513514,0.0,0.2702702702702703,0.2702702702702703,0.5135135135135135
201569,Eric Gordon,NBA,2024-25,Guard,G,39,19.7,6.8,1.7,1.2,0.7,0.3,0.7,5.2,1.2,3.5,0.14,0.18627450980392157,0.11764705882352941,0.024509803921568627,0.6715686274509803,0.6715686274509803,0.23529411764705882
1630596,Evan Mobley,NBA,2024-25,Big,C,71,30.5,18.5,3.2,9.3,0.9,1.6,2.0,12.8,4.3,3.2,0.226,0.4768211920529801,0.23178807947019867,0.037527593818984545,0.25386313465783666,0.25386313465783666,0.336644591611479
1630532,Franz Wagner,NBA,2024-25,Wing,F,60,33.7,24.2,4.7,5.7,1.3,0.4,2.3,19.4,5.2,5.9,0.306,0.2842377260981912,0.32041343669250644,0.0921619293712317,0.3031869078380706,0.3031869078380706,0.2678725236864772
1627832,Fred VanVleet,NBA,2024-25,Guard,G,60,35.2,14.1,5.6,3.7,1.6,0.4,1.5,12.7,2.3,7.7,0.176,0.1225296442687747,0.11330698287220026,0.15678524374176547,0.6073781291172595,0.6073781291172595,0.18050065876152832
1641713,GG Jackson,NBA,2024-25,Wing,F,29,15.8,7.2,1.0,3.2,0.4,0.2,1.1,6.9,1.4,3.3,0.219,0.2864321608040201,0.21105527638190955,0.02512562814070352,0.47738693467336685,0.47738693467336685,0.20100502512562815
1629216,Gabe Vincent,NBA,2024-25,Guard,G,72,21.2,6.4,1.4,1.3,0.7,0.2,0.6,5.8,0.3,4.3,0.131,0.1,0.09523809523809523,0.06904761904761905,0.7357142857142858,0.7357142857142858,0.05
202066,Garrett Temple,NBA,2024-25,Wing,G-F,28,8.1,1.9,1.1,1.0,0.6,0.1,0.4,2.1,0.4,1.0,0.129,0.2833333333333333,0.13333333333333333,0.11666666666666667,0.4666666666666667,0.4666666666666667,0.2
1629726,Garrison Mathews,NBA,2024-25,Guard,G,47,17.6,7.5,1.3,1.9,0.6,0.3,0.7,5.5,1.7,4.6,0.153,0.05058365758754864,0.058365758754863814,0.042801556420233464,0.8482490272373541,0.8482490272373541,0.3035019455252918
203914,Gary Harris,NBA,2024-25,Guard,G,48,14.8,3.0,0.6,1.3,0.5,0.3,0.4,2.8,0.3,2.1,0.09,0.10526315789473684,0.09774436090225563,0.03759398496240601,0.7593984962406015,0.7593984962406015,0.09022556390977443
1627780,Gary Payton II,NBA,2024-25,Guard,G,62,15.0,6.5,1.3,3.0,0.8,0.3,0.6,4.8,0.6,1.5,0.156,0.47315436241610737,0.19463087248322147,0.013422818791946308,0.3187919463087248,0.3187919463087248,0.12751677852348994
1629018,Gary Trent Jr.,NBA,2024-25,Guard,G,74,25.6,11.1,1.2,2.3,1.0,0.1,0.6,8.9,1.2,5.9,0.168,0.0882800608828006,0.1156773211567732,0.136986301369863,0.6590563165905632,0.6590563165905632,0.1400304414003044
1627777,Georges Niang,NBA,2024-25,Wing,F,79,21.5,9.9,1.4,3.4,0.4,0.2,1.0,7.8,0.7,5.2,0.177,0.16612903225806452,0.14677419354838708,0.027419354838709678,0.6596774193548387,0.6596774193548387,0.0935483870967742
203507,Giannis Antetokounmpo,NBA,2024-25,Wing,F,67,34.2,30.4,6.5,11.9,0.9,1.2,3.1,19.7,10.6,0.9,0.346,0.5678544351781653,0.16982562547384383,0.21455648218347234,0.047763457164518575,0.047763457164518575,0.5360121304018196
1629048,Goga Bitadze,NBA,2024-25,Big,C-F,70,20.4,7.2,2.0,6.6,0.7,1.4,1.0,4.8,1.9,0.4,0.142,0.7109144542772862,0.1710914454277286,0.035398230088495575,0.08259587020648967,0.08259587020648967,0.39233038348082594
1641711,Gradey Dick,NBA,2024-25,Wing,G-F,54,29.4,14.4,1.8,3.6,0.9,0.2,1.5,12.0,2.9,6.0,0.209,0.24420401854714066,0.11282843894899536,0.1391035548686244,0.5038639876352395,0.5038639876352395,0.23956723338485317
1629684,Grant Williams,NBA,2024-25,Wing,F,16,29.9,10.4,2.3,5.1,1.1,0.8,1.8,7.7,2.3,4.6,0.146,0.1951219512195122,0.12195121951219512,0.08130081300813008,0.6016260162601627,0.6016260162601627,0.3008130081300813
1628960,Grayson Allen,NBA,2024-25,Guard,G,64,24.1,10.6,2.1,3.0,0.8,0.3,1.2,7.6,1.8,5.5,0.169,0.15132924335378323,0.1165644171779141,0.016359918200409,0.7157464212678937,0.7157464212678937,0.2331288343558282
1627824,Guerschon Yabusele,NBA,2024-25,Wing,F,70,27.1,11.0,2.1,5.6,0.8,0.3,1.2,8.0,2.0,3.9,0.163,0.3836589698046181,0.108348134991119,0.021314387211367674,0.4866785079928952,0.4866785079928952,0.24511545293072823
1630611,Gui Santos,NBA,2024-25,Wing,F,56,13.6,4.1,1.4,3.1,0.4,0.2,0.8,3.2,0.8,1.8,0.126,0.2905027932960894,0.12290502793296089,0.0111731843575419,0.5754189944134078,0.5754189944134078,0.2346368715083799
203084,Harrison Barnes,NBA,2024-25,Wing,F,82,27.2,12.3,1.7,3.8,0.5,0.2,0.6,8.3,2.4,4.4,0.157,0.30453879941434847,0.13323572474377746,0.03513909224011713,0.527086383601757,0.527086383601757,0.2913616398243045
1631127,Harrison Ingram,NBA,2024-25,Wing,F,5,7.0,0.8,0.6,1.8,0.6,0.0,0.2,0.8,0.0,0.2,0.06,0.25,0.25,0.25,0.25,0.25,0.0
1629312,Haywood Highsmith,NBA,2024-25,Wing,F,74,24.6,6.5,1.5,3.4,0.9,0.5,0.7,5.3,0.6,3.1,0.111,0.23785166240409208,0.1329923273657289,0.03324808184143223,0.5959079283887468,0.5959079283887468,0.10997442455242967
1630529,Herbert Jones,NBA,2024-25,Wing,F,20,32.4,10.3,3.3,3.9,1.9,0.5,1.8,8.6,2.0,3.6,0.146,0.3313953488372093,0.19186046511627908,0.05813953488372093,0.4186046511627907,0.4186046511627907,0.23255813953488372
1641816,Hunter Tyson,NBA,2024-25,Wing,F,51,7.8,2.6,0.4,1.5,0.2,0.1,0.3,2.4,0.5,1.5,0.146,0.21666666666666667,0.10833333333333334,0.058333333333333334,0.6166666666666667,0.6166666666666667,0.23333333333333334
1630193,Immanuel Quickley,NBA,2024-25,Guard,G,33,27.8,17.1,5.8,3.5,0.7,0.1,1.8,13.3,3.9,6.8,0.246,0.1461187214611872,0.24429223744292236,0.0958904109589041,0.5136986301369864,0.5136986301369864,0.2922374429223744
1642403,Isaac Jones,NBA,2024-25,Wing,F,40,7.6,3.4,0.3,1.4,0.1,0.3,0.4,2.1,0.9,0.2,0.152,0.5542168674698795,0.3373493975903614,0.012048192771084338,0.0963855421686747,0.0963855421686747,0.43373493975903615
1630171,Isaac Okoro,NBA,2024-25,Wing,F-G,55,19.1,6.1,1.2,2.4,0.6,0.3,0.4,4.9,0.8,2.7,0.124,0.3707865168539326,0.052434456928838954,0.011235955056179775,0.5655430711610487,0.5655430711610487,0.17228464419475656
1642268,Isaiah Collier,NBA,2024-25,Guard,G,71,25.9,8.7,6.3,3.3,0.9,0.2,2.9,7.8,2.2,2.4,0.186,0.31891891891891894,0.3027027027027027,0.07387387387387387,0.3045045045045045,0.3045045045045045,0.2774774774774775
1642384,Isaiah Crawford,NBA,2024-25,Wing,F,15,3.0,0.9,0.1,0.5,0.1,0.1,0.1,0.7,0.3,0.3,0.122,0.18181818181818182,0.36363636363636365,0.0,0.45454545454545453,0.45454545454545453,0.36363636363636365
1628392,Isaiah Hartenstein,NBA,2024-25,Big,C-F,57,27.9,11.2,3.8,10.7,0.8,1.1,1.7,8.4,2.1,0.3,0.165,0.42291666666666666,0.49583333333333335,0.041666666666666664,0.03958333333333333,0.03958333333333333,0.24375
1630543,Isaiah Jackson,NBA,2024-25,Wing,F,5,16.8,7.0,1.0,5.6,0.6,1.6,1.0,4.6,2.8,0.0,0.164,0.9130434782608695,0.08695652173913043,0.0,0.0,0.0,0.6086956521739131
1630198,Isaiah Joe,NBA,2024-25,Guard,G,74,21.7,10.2,1.6,2.6,0.6,0.1,0.5,7.9,0.8,6.3,0.166,0.08503401360544217,0.05782312925170068,0.06462585034013606,0.7925170068027211,0.7925170068027211,0.09523809523809523
1630600,Isaiah Mobley,NBA,2024-25,,,1,17.4,6.0,5.0,4.0,1.0,1.0,0.0,7.0,2.0,3.0,0.17,,,,,,
1641815,Isaiah Stevens,NBA,2024-25,Guard,G,3,1.8,0.0,0.0,0.7,0.3,0.0,0.0,0.7,0.0,0.3,0.143,,,,,,
1630191,Isaiah Stewart,NBA,2024-25,Big,F-C,72,19.9,6.0,1.7,5.5,0.4,1.4,0.9,4.4,1.2,0.7,0.121,0.5777777777777777,0.23174603174603176,0.022222222222222223,0.16825396825396827,0.16825396825396827,0.2761904761904762
1631209,Isaiah Wong,NBA,2024-25,,,20,13.3,6.0,1.4,1.6,0.6,0.0,0.9,5.3,1.7,1.7,0.22,0.21904761904761905,0.3047619047619048,0.1619047619047619,0.3142857142857143,0.3142857142857143,0.3238095238095238
1627826,Ivica Zubac,NBA,2024-25,Big,C,80,32.8,16.8,2.7,12.6,0.7,1.1,1.6,11.8,3.0,0.0,0.192,0.5329087048832272,0.4394904458598726,0.027600849256900213,0.0,0.0,0.2505307855626327
1631120,JD Davison,NBA,2024-25,Guard,G,16,5.8,2.1,0.8,0.8,0.3,0.1,0.8,2.1,0.4,1.1,0.228,0.17647058823529413,0.17647058823529413,0.11764705882352941,0.5294117647058824,0.5294117647058824,0.20588235294117646
1630550,JT Thor,NBA,2024-25,Wing,F,20,12.5,3.6,0.3,2.4,0.4,0.5,0.5,3.0,1.1,1.1,0.132,0.288135593220339,0.1864406779661017,0.1694915254237288,0.3559322033898305,0.3559322033898305,0.3728813559322034
1629630,Ja Morant,NBA,2024-25,Guard,G,50,30.4,23.2,7.3,4.1,1.2,0.2,3.7,17.8,6.4,5.7,0.312,0.29358830146231724,0.31046119235095615,0.07536557930258718,0.3205849268841395,0.3205849268841395,0.35883014623172105
1642266,Ja'Kobe Walter,NBA,2024-25,Guard,G,52,21.2,8.6,1.6,3.1,0.8,0.2,1.0,7.6,1.6,3.6,0.179,0.2824427480916031,0.16793893129770993,0.07633587786259542,0.4732824427480916,0.4732824427480916,0.21119592875318066
1631095,Jabari Smith Jr.,NBA,2024-25,Wing,F,57,30.1,12.2,1.1,7.0,0.4,0.7,1.1,9.9,2.2,4.9,0.16,0.21908127208480566,0.15901060070671377,0.13250883392226148,0.48939929328621906,0.48939929328621906,0.2226148409893993
1631133,Jabari Walker,NBA,2024-25,Wing,F,60,12.5,5.2,0.6,3.5,0.6,0.1,0.6,3.8,1.2,1.2,0.156,0.519650655021834,0.13100436681222707,0.034934497816593885,0.314410480349345,0.314410480349345,0.31004366812227074
1629098,Jack McVeigh,NBA,2024-25,Wing,G-F,9,4.8,1.6,0.1,0.6,0.0,0.2,0.2,1.9,0.0,1.4,0.176,0.058823529411764705,0.058823529411764705,0.11764705882352941,0.7647058823529411,0.7647058823529411,0.0
1642050,Jackson Rowe,NBA,2024-25,Wing,F,6,8.6,3.7,0.7,1.8,0.7,0.0,0.2,2.8,1.0,1.7,0.142,0.23529411764705882,0.17647058823529413,0.0,0.5882352941176471,0.5882352941176471,0.35294117647058826
1631210,Jacob Toppin,NBA,2024-25,Wing,F,17,4.4,1.4,0.4,0.9,0.1,0.0,0.2,1.3,0.0,0.6,0.14,0.4090909090909091,0.09090909090909091,0.045454545454545456,0.45454545454545453,0.45454545454545453,0.0
1630702,Jaden Hardy,NBA,2024-25,Guard,G,57,15.9,8.7,1.4,1.6,0.5,0.1,1.4,7.3,1.5,3.5,0.244,0.18840579710144928,0.21497584541062803,0.12077294685990338,0.4758454106280193,0.4758454106280193,0.20772946859903382
1631093,Jaden Ivey,NBA,2024-25,Guard,G,30,29.9,17.6,4.0,4.1,0.9,0.4,3.0,13.8,3.9,5.1,0.256,0.3171912832929782,0.21307506053268765,0.09685230024213075,0.3728813559322034,0.3728813559322034,0.28087167070217917
1630183,Jaden McDaniels,NBA,2024-25,Wing,F,82,31.9,12.2,2.0,5.7,1.3,0.9,1.2,10.2,1.6,3.7,0.16,0.29856115107913667,0.24100719424460432,0.09712230215827339,0.36330935251798563,0.36330935251798563,0.15347721822541965
1630531,Jaden Springer,NBA,2024-25,Guard,G,43,8.5,2.5,0.8,1.3,0.6,0.1,0.4,2.1,0.9,1.1,0.139,0.2,0.24444444444444444,0.022222222222222223,0.5333333333333333,0.5333333333333333,0.4222222222222222
203109,Jae Crowder,NBA,2024-25,Wing,F,9,11.4,2.6,0.7,2.2,0.3,0.0,0.4,2.4,0.7,1.7,0.113,0.045454545454545456,0.13636363636363635,0.13636363636363635,0.6818181818181818,0.6818181818181818,0.2727272727272727
1630256,Jae'Sean Tate,NBA,2024-25,Wing,F,52,11.3,3.6,0.9,2.3,0.5,0.1,0.4,2.8,0.9,0.9,0.126,0.3716216216216216,0.30405405405405406,0.013513513513513514,0.3108108108108108,0.3108108108108108,0.31756756756756754
1626143,Jahlil Okafor,NBA,2024-25,,,1,3.4,0.0,1.0,1.0,0.0,0.0,0.0,0.0,0.0,0.0,0.0,,,,,,
1642443,Jahmir Young,NBA,2024-25,Guard,G,6,4.9,1.8,1.0,0.5,0.0,0.0,0.2,0.8,0.3,0.3,0.092,0.6,0.0,0.0,0.4,0.4,0.4
1631170,Jaime Jaquez Jr.,NBA,2024-25,Guard,G,66,20.7,8.6,2.5,4.4,0.9,0.2,1.5,7.0,2.2,1.8,0.194,0.4199134199134199,0.27056277056277056,0.05194805194805195,0.25757575757575757,0.25757575757575757,0.30735930735930733
1631222,Jake LaRavia,NBA,2024-25,Wing,F,66,20.4,6.9,2.4,3.9,0.9,0.3,1.3,5.1,1.7,2.2,0.14,0.3264094955489614,0.22255192878338279,0.02967359050445104,0.42136498516320475,0.42136498516320475,0.34124629080118696
1627751,Jakob Poeltl,NBA,2024-25,Big,C,57,29.6,14.5,2.8,9.6,1.2,1.2,1.9,10.2,2.5,0.1,0.184,0.5371329879101899,0.3799654576856649,0.07772020725388601,0.0051813471502590676,0.0051813471502590676,0.24870466321243523
1641779,Jalen Bridges,NBA,2024-25,Wing,F,8,3.8,1.1,0.0,0.5,0.0,0.0,0.5,0.9,0.5,0.9,0.197,0.0,0.0,0.0,1.0,1.0,0.5714285714285714
1628973,Jalen Brunson,NBA,2024-25,Guard,G,65,35.4,26.0,7.3,2.9,0.9,0.1,2.5,18.5,6.9,6.1,0.289,0.18833333333333332,0.2916666666666667,0.18916666666666668,0.3308333333333333,0.3308333333333333,0.37333333333333335
1631105,Jalen Duren,NBA,2024-25,Big,C,78,26.1,11.8,2.7,10.3,0.7,1.1,1.7,7.0,3.1,0.0,0.161,0.7948717948717948,0.19963369963369965,0.005494505494505495,0.0,0.0,0.4432234432234432
1630224,Jalen Green,NBA,2024-25,Guard,G,82,32.9,21.0,3.4,4.6,0.9,0.3,2.5,17.5,4.1,8.1,0.267,0.2428670842032011,0.1454418928322895,0.15170494084899094,0.45998608211551845,0.45998608211551845,0.23382045929018788
1641720,Jalen Hood-Schifino,NBA,2024-25,Guard,G,15,21.0,7.1,2.5,1.8,0.3,0.5,1.2,6.5,1.4,3.1,0.164,0.14285714285714285,0.17346938775510204,0.21428571428571427,0.46938775510204084,0.46938775510204084,0.21428571428571427
1630552,Jalen Johnson,NBA,2024-25,Wing,F,36,35.7,18.9,5.0,10.0,1.6,1.0,2.9,15.1,3.5,3.9,0.214,0.4077490774907749,0.26014760147601473,0.07195571955719557,0.26014760147601473,0.26014760147601473,0.23247232472324722
1629667,Jalen McDaniels,NBA,2024-25,,,4,1.8,0.0,0.3,0.0,0.3,0.0,0.0,0.0,0.0,0.0,0.0,,,,,,
1629618,Jalen Pickett,NBA,2024-25,Guard,G,49,13.6,4.1,2.2,1.4,0.4,0.1,0.5,3.7,0.2,2.1,0.13,0.12222222222222222,0.15555555555555556,0.16111111111111112,0.5611111111111111,0.5611111111111111,0.044444444444444446
1630188,Jalen Smith,NBA,2024-25,Big,F-C,64,15.0,8.2,1.0,5.6,0.3,0.7,0.6,6.4,1.4,3.5,0.201,0.34558823529411764,0.0857843137254902,0.024509803921568627,0.5441176470588235,0.5441176470588235,0.2181372549019608
1630591,Jalen Suggs,NBA,2024-25,Guard,G,35,28.6,16.2,3.7,4.0,1.5,0.9,2.9,13.7,3.1,6.9,0.268,0.17463617463617465,0.1891891891891892,0.13305613305613306,0.5031185031185031,0.5031185031185031,0.2286902286902287
1631114,Jalen Williams,NBA,2024-25,Wing,G-F,69,32.4,21.6,5.1,5.3,1.6,0.7,2.2,16.9,4.3,4.9,0.27,0.2517123287671233,0.2782534246575342,0.17893835616438356,0.2910958904109589,0.2910958904109589,0.2559931506849315
1630592,Jalen Wilson,NBA,2024-25,Wing,F,79,25.7,9.5,1.8,3.4,0.5,0.1,1.0,7.8,2.1,4.6,0.161,0.23225806451612904,0.16612903225806452,0.017741935483870968,0.5838709677419355,0.5838709677419355,0.2661290322580645
1631288,Jamal Cain,NBA,2024-25,Wing,F,37,13.6,5.3,0.6,2.3,0.6,0.2,0.6,4.3,1.4,2.2,0.167,0.24050632911392406,0.20253164556962025,0.05063291139240506,0.5063291139240507,0.5063291139240507,0.31645569620253167
1627750,Jamal Murray,NBA,2024-25,Guard,G,67,36.1,21.4,6.0,3.9,1.4,0.5,2.1,16.7,3.7,5.9,0.235,0.19090098126672614,0.20695807314897413,0.247992863514719,0.3541480820695807,0.3541480820695807,0.21944692239072258
1642347,Jamal Shead,NBA,2024-25,Guard,G,75,19.6,7.1,4.2,1.5,0.8,0.1,1.6,6.7,0.9,3.0,0.179,0.2123015873015873,0.26785714285714285,0.07738095238095238,0.44246031746031744,0.44246031746031744,0.13690476190476192
1631123,Jamaree Bouyea,NBA,2024-25,Guard,G,5,12.3,3.4,2.0,1.0,0.8,0.4,1.6,2.4,1.2,1.0,0.163,0.3333333333333333,0.25,0.0,0.4166666666666667,0.4166666666666667,0.5
201935,James Harden,NBA,2024-25,Guard,G,79,35.3,22.8,8.7,5.8,1.5,0.7,4.3,16.4,7.3,8.5,0.286,0.1583011583011583,0.24092664092664093,0.08494208494208494,0.5158301158301158,0.5158301158301158,0.4463320463320463
201949,James Johnson,NBA,2024-25,Wing,F,12,3.1,0.7,0.3,0.5,0.0,0.2,0.3,0.9,0.1,0.3,0.165,0.36363636363636365,0.09090909090909091,0.2727272727272727,0.2727272727272727,0.2727272727272727,0.09090909090909091
1630164,James Wiseman,NBA,2024-25,,,1,4.6,6.0,0.0,1.0,0.0,0.0,0.0,4.0,2.0,1.0,0.455,,,,,,
1642419,Jamison Battle,NBA,2024-25,Wing,F,59,17.7,7.1,0.9,2.7,0.3,0.2,0.5,5.9,0.3,4.4,0.147,0.11815561959654179,0.07204610951008646,0.06340057636887608,0.7463976945244957,0.7463976945244957,0.05187319884726225
1641716,Jarace Walker,NBA,2024-25,Wing,F,75,15.8,6.1,1.5,3.1,0.7,0.3,1.0,4.8,0.9,2.5,0.165,0.225,0.18055555555555555,0.08055555555555556,0.5138888888888888,0.5138888888888888,0.19166666666666668
1630215,Jared Butler,NBA,2024-25,Guard,G,60,17.4,9.0,3.7,1.8,0.7,0.2,1.3,7.6,1.5,2.8,0.222,0.23620309050772628,0.304635761589404,0.08609271523178808,0.3730684326710817,0.3730684326710817,0.20088300220750552
1642272,Jared McCain,NBA,2024-25,Guard,G,23,25.7,15.3,2.6,2.4,0.7,0.0,1.6,11.9,2.4,5.8,0.243,0.25547445255474455,0.19343065693430658,0.06569343065693431,0.4854014598540146,0.4854014598540146,0.20437956204379562
1631197,Jared Rhoden,NBA,2024-25,Guard,G,14,16.2,8.4,1.1,3.0,0.7,0.1,0.6,6.2,1.8,2.8,0.183,0.47126436781609193,0.05747126436781609,0.022988505747126436,0.4482758620689655,0.4482758620689655,0.28735632183908044
1628991,Jaren Jackson Jr.,NBA,2024-25,Big,F-C,74,29.8,22.2,2.0,5.6,1.2,1.5,2.1,16.4,5.4,5.3,0.274,0.1640560593569662,0.45507007419620776,0.060181368507831824,0.32069249793899424,0.32069249793899424,0.3281121187139324
1629020,Jarred Vanderbilt,NBA,2024-25,Wing,F,36,16.1,4.1,1.1,5.1,1.0,0.3,0.8,3.4,1.0,0.9,0.116,0.6528925619834711,0.08264462809917356,0.0,0.2644628099173554,0.2644628099173554,0.2975206611570248
1628386,Jarrett Allen,NBA,2024-25,Big,C,82,28.0,13.5,1.9,9.7,0.9,0.9,1.2,7.8,3.4,0.1,0.156,0.6703125,0.290625,0.03125,0.0078125,0.0078125,0.4328125
1629750,Javonte Green,NBA,2024-25,Guard,G,68,18.5,5.1,0.8,3.2,1.0,0.5,0.5,4.2,1.1,2.1,0.113,0.3519163763066202,0.13588850174216027,0.020905923344947737,0.4912891986062718,0.4912891986062718,0.26480836236933797
1629637,Jaxson Hayes,NBA,2024-25,Big,C-F,56,19.5,6.8,1.0,4.8,0.6,0.9,0.8,4.0,1.8,0.1,0.12,0.8071748878923767,0.17040358744394618,0.008968609865470852,0.013452914798206279,0.013452914798206279,0.43946188340807174
1630643,Jay Huff,NBA,2024-25,Big,C,64,11.7,6.9,0.6,2.0,0.3,0.9,0.5,4.8,0.9,3.1,0.194,0.25901639344262295,0.05573770491803279,0.03278688524590164,0.6524590163934426,0.6557377049180327,0.18360655737704917
1627759,Jaylen Brown,NBA,2024-25,Wing,G-F,63,34.3,22.2,4.5,5.8,1.2,0.3,2.6,17.7,5.1,5.7,0.282,0.27280858676207514,0.2638640429338104,0.14311270125223613,0.32021466905187834,0.32021466905187834,0.2880143112701252
1641740,Jaylen Clark,NBA,2024-25,Guard,G,40,13.0,4.1,0.7,1.3,0.9,0.1,0.2,3.0,0.9,1.3,0.115,0.35833333333333334,0.18333333333333332,0.03333333333333333,0.425,0.425,0.30833333333333335
1641798,Jaylen Martin,NBA,2024-25,Guard,G,16,14.9,4.9,1.1,2.8,0.6,0.0,0.8,4.6,0.6,1.4,0.155,0.36486486486486486,0.25675675675675674,0.06756756756756757,0.3108108108108108,0.3108108108108108,0.13513513513513514
1629669,Jaylen Nowell,NBA,2024-25,,,8,21.0,8.4,2.3,2.5,0.1,0.5,1.0,9.1,1.4,3.4,0.215,0.1643835616438356,0.3698630136986301,0.0958904109589041,0.3698630136986301,0.3698630136986301,0.1506849315068493
1631301,Jaylen Sims,NBA,2024-25,,,6,18.6,7.0,2.0,1.0,0.5,0.2,1.3,4.7,2.5,2.5,0.159,0.17857142857142858,0.21428571428571427,0.07142857142857142,0.5357142857142857,0.5357142857142857,0.5357142857142857
1642377,Jaylen Wells,NBA,2024-25,Wing,F,79,25.9,10.4,1.7,3.4,0.6,0.1,0.9,8.6,1.7,5.0,0.156,0.16863905325443787,0.15384615384615385,0.09763313609467456,0.5798816568047337,0.5798816568047337,0.1997041420118343
1631119,Jaylin Williams,NBA,2024-25,Wing,F,47,16.7,5.9,2.6,5.6,0.5,0.6,0.7,4.7,0.6,3.3,0.141,0.17647058823529413,0.07692307692307693,0.05429864253393665,0.6923076923076923,0.6923076923076923,0.13574660633484162
1642281,Jaylon Tyson,NBA,2024-25,Wing,G-F,47,9.6,3.6,0.9,2.0,0.3,0.1,0.6,3.2,0.5,1.2,0.164,0.3422818791946309,0.2080536912751678,0.06040268456375839,0.38926174496644295,0.38926174496644295,0.1610738255033557
1628369,Jayson Tatum,NBA,2024-25,Wing,F-G,72,36.4,26.8,6.0,8.7,1.1,0.5,2.9,20.3,6.1,10.1,0.301,0.2334470989761092,0.12491467576791809,0.1447098976109215,0.4969283276450512,0.4969283276450512,0.3003412969283277
1641789,Jazian Gortman,NBA,2024-25,,,16,3.5,1.5,0.4,0.3,0.1,0.1,0.3,1.4,0.3,0.7,0.195,0.17391304347826086,0.17391304347826086,0.17391304347826086,0.4782608695652174,0.4782608695652174,0.17391304347826086
1630288,Jeff Dowtin Jr.,NBA,2024-25,Guard,G,41,15.1,7.0,1.9,1.5,0.6,0.3,0.4,5.6,1.1,1.7,0.176,0.2608695652173913,0.2391304347826087,0.1956521739130435,0.30434782608695654,0.30434782608695654,0.1956521739130435
201145,Jeff Green,NBA,2024-25,Wing,F,32,12.4,5.4,0.6,1.8,0.2,0.1,0.3,3.8,0.8,2.5,0.144,0.14049586776859505,0.10743801652892562,0.09917355371900827,0.6528925619834711,0.6528925619834711,0.21487603305785125
203924,Jerami Grant,NBA,2024-25,Wing,F,47,32.4,14.4,2.1,3.5,0.9,1.0,1.4,12.2,3.5,6.3,0.192,0.25609756097560976,0.13240418118466898,0.0975609756097561,0.5139372822299652,0.5156794425087108,0.289198606271777
1630526,Jeremiah Robinson-Earl,NBA,2024-25,Wing,F,66,18.8,6.3,1.3,4.8,0.6,0.1,0.8,5.3,0.8,2.5,0.14,0.3400576368876081,0.11815561959654179,0.069164265129683,0.47262247838616717,0.47262247838616717,0.1585014409221902
1631110,Jeremy Sochan,NBA,2024-25,Wing,F,54,25.3,11.4,2.4,6.5,0.8,0.5,1.6,8.7,2.3,1.7,0.184,0.6204690831556503,0.1513859275053305,0.03411513859275053,0.19402985074626866,0.19402985074626866,0.26652452025586354
1630579,Jericho Sims,NBA,2024-25,Big,C,53,11.9,1.8,0.6,3.7,0.2,0.4,0.6,1.3,0.2,0.0,0.074,0.8450704225352113,0.14084507042253522,0.014084507042253521,0.0,0.0,0.18309859154929578
1642399,Jesse Edwards,NBA,2024-25,Big,C,2,2.3,0.0,0.5,0.0,0.0,0.0,0.0,0.0,0.0,0.0,0.0,,,,,,
1641724,Jett Howard,NBA,2024-25,Guard,G,60,11.7,4.5,0.7,1.2,0.2,0.2,0.6,4.4,0.4,3.1,0.181,0.12213740458015267,0.07633587786259542,0.0916030534351145,0.7099236641221374,0.7099236641221374,0.08778625954198473
1628975,Jevon Carter,NBA,2024-25,Guard,G,36,8.9,4.3,1.1,1.1,0.4,0.1,0.3,4.1,0.3,2.9,0.2,0.10273972602739725,0.08904109589041095,0.08904109589041095,0.7191780821917808,0.7191780821917808,0.0684931506849315
202710,Jimmy Butler III,NBA,2024-25,Wing,F,55,31.7,17.5,5.4,5.4,1.4,0.3,1.3,10.9,7.1,1.9,0.203,0.42546063651591287,0.254606365159129,0.1457286432160804,0.17420435510887772,0.17420435510887772,0.6566164154103853
1629111,Jock Landale,NBA,2024-25,Big,C,42,11.9,4.8,0.9,3.3,0.3,0.2,0.5,3.6,1.0,0.6,0.148,0.4473684210526316,0.2631578947368421,0.11842105263157894,0.17105263157894737,0.17105263157894737,0.2631578947368421
204060,Joe Ingles,NBA,2024-25,Wing,F-G,19,6.0,0.8,1.2,0.6,0.1,0.0,0.5,1.2,0.0,0.8,0.113,0.043478260869565216,0.2608695652173913,0.043478260869565216,0.6521739130434783,0.6521739130434783,0.0
203954,Joel Embiid,NBA,2024-25,Big,C-F,19,30.2,23.8,4.5,8.2,0.7,0.9,3.3,16.6,8.9,4.1,0.342,0.24761904761904763,0.24444444444444444,0.2634920634920635,0.24444444444444444,0.24444444444444444,0.5365079365079365
1628381,John Collins,NBA,2024-25,Big,F-C,40,30.5,19.0,2.0,8.2,1.0,1.0,2.6,13.3,4.1,3.7,0.234,0.327683615819209,0.3050847457627119,0.08851224105461393,0.2787193973634652,0.2787193973634652,0.3088512241054614
1629723,John Konchar,NBA,2024-25,Guard,G,46,12.1,2.4,0.9,3.3,0.7,0.3,0.3,2.0,0.2,1.3,0.077,0.26373626373626374,0.03296703296703297,0.02197802197802198,0.6813186813186813,0.6813186813186813,0.08791208791208792
1631098,Johnny Davis,NBA,2024-25,,,34,7.1,2.4,0.3,1.1,0.4,0.2,0.2,2.3,0.4,0.9,0.15,0.32051282051282054,0.24358974358974358,0.0641025641025641,0.3717948717948718,0.3717948717948718,0.19230769230769232
1642277,Johnny Furphy,NBA,2024-25,Guard,G,50,7.6,2.1,0.4,1.4,0.4,0.2,0.2,1.8,0.4,1.0,0.118,0.33695652173913043,0.09782608695652174,0.021739130434782608,0.5434782608695652,0.5434782608695652,0.2391304347826087
1630548,Johnny Juzang,NBA,2024-25,Guard,G,64,19.8,8.9,1.1,2.9,0.6,0.1,0.6,7.4,0.8,4.9,0.174,0.11368421052631579,0.15578947368421053,0.06947368421052631,0.6610526315789473,0.6610526315789473,0.11157894736842106
202685,Jonas Valanciunas,NBA,2024-25,Big,C,81,18.8,10.4,2.0,7.7,0.5,0.6,1.5,7.7,2.0,0.5,0.222,0.41467304625199364,0.34768740031897927,0.17862838915470494,0.05901116427432217,0.05901116427432217,0.2631578947368421
1628371,Jonathan Isaac,NBA,2024-25,Wing,F,71,15.4,5.4,0.6,4.4,0.9,1.1,0.5,4.6,1.5,2.1,0.155,0.36728395061728397,0.033950617283950615,0.13271604938271606,0.4660493827160494,0.4660493827160494,0.33024691358024694
1630228,Jonathan Kuminga,NBA,2024-25,Wing,F,47,24.3,15.3,2.2,4.6,0.8,0.4,1.5,12.1,5.0,3.2,0.271,0.30985915492957744,0.32922535211267606,0.09507042253521127,0.2658450704225352,0.2658450704225352,0.4137323943661972
1642367,Jonathan Mogbo,NBA,2024-25,Wing,F,63,20.4,6.2,2.3,4.9,0.9,0.5,1.1,5.7,1.3,1.1,0.145,0.5280898876404494,0.19662921348314608,0.07865168539325842,0.19662921348314608,0.19662921348314608,0.2303370786516854
203903,Jordan Clarkson,NBA,2024-25,Guard,G,37,26.0,16.2,3.7,3.2,0.8,0.2,2.3,13.3,3.9,6.3,0.269,0.11967545638945233,0.31237322515212984,0.0973630831643002,0.47058823529411764,0.47058823529411764,0.29006085192697767
1630692,Jordan Goodwin,NBA,2024-25,Guard,G,29,18.7,5.6,1.4,3.9,1.0,0.4,0.9,5.0,0.4,2.3,0.134,0.1875,0.2569444444444444,0.08333333333333333,0.4722222222222222,0.4722222222222222,0.0763888888888889
1641722,Jordan Hawkins,NBA,2024-25,Guard,G,56,23.6,10.8,1.2,2.8,0.5,0.4,1.0,9.9,1.8,5.9,0.204,0.10431654676258993,0.12410071942446044,0.17446043165467626,0.5971223021582733,0.5971223021582733,0.17625899280575538
1629162,Jordan McLaughlin,NBA,2024-25,Guard,G,46,6.8,2.1,1.1,0.7,0.3,0.0,0.3,1.6,0.5,1.0,0.134,0.1388888888888889,0.1388888888888889,0.08333333333333333,0.6388888888888888,0.6388888888888888,0.3055555555555556
1641757,Jordan Miller,NBA,2024-25,Guard,G,37,11.4,4.1,0.9,1.6,0.5,0.1,0.7,3.6,0.9,1.0,0.175,0.43283582089552236,0.2462686567164179,0.03731343283582089,0.2835820895522388,0.2835820895522388,0.26119402985074625
1629673,Jordan Poole,NBA,2024-25,Guard,G,68,29.4,20.5,4.5,3.0,1.3,0.4,3.0,15.5,4.0,9.1,0.281,0.20908230842005676,0.13245033112582782,0.07000946073793755,0.5884578997161779,0.5884578997161779,0.25922421948912017
1641775,Jordan Walsh,NBA,2024-25,Guard,G,52,7.8,1.6,0.4,1.3,0.2,0.2,0.3,1.6,0.2,1.1,0.11,0.21686746987951808,0.12048192771084337,0.0,0.6626506024096386,0.6626506024096386,0.14457831325301204
1630631,Jose Alvarado,NBA,2024-25,Guard,G,56,24.4,10.3,4.6,2.4,1.3,0.3,1.5,9.3,1.3,5.5,0.193,0.15163147792706333,0.21497120921305182,0.04030710172744722,0.5930902111324377,0.5930902111324377,0.1420345489443378
1630528,Josh Christopher,NBA,2024-25,Guard,G,14,5.0,2.0,0.6,0.6,0.4,0.2,0.4,2.2,0.4,0.8,0.235,0.41935483870967744,0.1935483870967742,0.03225806451612903,0.3548387096774194,0.3548387096774194,0.1935483870967742
1630581,Josh Giddey,NBA,2024-25,Guard,G,70,30.2,14.6,7.2,8.1,1.2,0.6,2.9,11.4,3.2,4.0,0.214,0.31954887218045114,0.2593984962406015,0.07268170426065163,0.3483709273182957,0.3483709273182957,0.2807017543859649
1630182,Josh Green,NBA,2024-25,Guard,G,68,27.8,7.4,1.6,2.5,1.1,0.2,1.0,6.2,1.1,3.6,0.115,0.20902612826603326,0.12351543942992874,0.07838479809976247,0.5890736342042755,0.5890736342042755,0.171021377672209
1628404,Josh Hart,NBA,2024-25,Guard,G,77,37.6,13.6,5.9,9.6,1.5,0.4,2.1,10.0,2.7,3.3,0.151,0.45194805194805193,0.15194805194805194,0.06753246753246753,0.32857142857142857,0.32727272727272727,0.2662337662337662
1631169,Josh Minott,NBA,2024-25,Wing,F,46,6.0,2.6,0.4,1.0,0.3,0.3,0.2,2.0,0.4,0.9,0.16,0.43333333333333335,0.07777777777777778,0.011111111111111112,0.4777777777777778,0.4777777777777778,0.2111111111111111
1629006,Josh Okogie,NBA,2024-25,Guard,G,40,15.6,7.1,0.8,2.8,1.2,0.5,0.8,5.3,2.1,2.3,0.185,0.3443396226415094,0.18396226415094338,0.03773584905660377,0.4339622641509434,0.4339622641509434,0.4009433962264151
1626196,Josh Richardson,NBA,2024-25,,,8,18.7,4.0,1.5,1.5,1.0,0.1,1.0,4.8,0.5,2.8,0.134,0.10526315789473684,0.21052631578947367,0.10526315789473684,0.5789473684210527,0.5789473684210527,0.10526315789473684
201950,Jrue Holiday,NBA,2024-25,Guard,G,62,30.6,11.1,3.9,4.3,1.1,0.4,1.2,9.2,1.2,4.9,0.156,0.23036649214659685,0.16579406631762653,0.06980802792321117,0.5340314136125655,0.5340314136125655,0.1343804537521815
1630577,Julian Champagnie,NBA,2024-25,Wing,F,82,23.6,9.9,1.4,3.9,0.7,0.4,0.9,8.1,1.1,5.9,0.164,0.18947368421052632,0.06315789473684211,0.02556390977443609,0.7218045112781954,0.7218045112781954,0.14135338345864662
1641763,Julian Phillips,NBA,2024-25,Wing,F,79,14.2,4.6,0.5,2.1,0.5,0.3,0.3,3.6,1.0,1.9,0.126,0.3588850174216028,0.10104529616724739,0.006968641114982578,0.5331010452961672,0.5331010452961672,0.26480836236933797
1631124,Julian Strawther,NBA,2024-25,Guard,G,65,21.3,9.0,1.3,2.2,0.6,0.2,0.9,7.5,1.4,4.1,0.173,0.1831275720164609,0.2139917695473251,0.04938271604938271,0.5534979423868313,0.5534979423868313,0.18518518518518517
203944,Julius Randle,NBA,2024-25,Big,F-C,69,32.3,18.7,4.7,7.1,0.7,0.2,2.8,13.6,4.9,4.6,0.246,0.31309904153354634,0.27263045793397234,0.07987220447284345,0.3343982960596379,0.3343982960596379,0.35676251331203407
1630551,Justin Champagnie,NBA,2024-25,Wing,G-F,62,21.6,8.8,1.0,5.7,1.0,0.6,0.9,6.6,1.2,3.1,0.15,0.3722627737226277,0.13381995133819952,0.024330900243309004,0.46958637469586373,0.46958637469586373,0.17761557177615572
1642348,Justin Edwards,NBA,2024-25,Wing,F,44,26.2,10.1,1.6,3.4,1.0,0.4,1.1,8.6,1.0,4.3,0.165,0.24603174603174602,0.15079365079365079,0.10052910052910052,0.5026455026455027,0.5026455026455027,0.12169312169312169
1631303,Justin Minaya,NBA,2024-25,Wing,F,19,5.3,0.9,0.4,0.5,0.3,0.1,0.3,1.1,0.1,0.5,0.107,0.38095238095238093,0.14285714285714285,0.0,0.47619047619047616,0.47619047619047616,0.09523809523809523
203994,Jusuf Nurkić,NBA,2024-25,Big,C,51,20.8,8.9,2.3,7.8,0.8,0.7,1.9,6.9,2.5,2.1,0.202,0.38636363636363635,0.2897727272727273,0.02556818181818182,0.29829545454545453,0.29829545454545453,0.36363636363636365
1630231,KJ Martin,NBA,2024-25,Wing,F,43,21.2,6.4,1.1,2.9,0.4,0.5,0.6,4.7,1.1,1.3,0.112,0.5223880597014925,0.18407960199004975,0.004975124378109453,0.2885572139303483,0.2885572139303483,0.23383084577114427
1642354,KJ Simpson,NBA,2024-25,Guard,G,36,23.4,7.8,3.1,3.0,0.9,0.2,1.6,8.4,1.4,3.6,0.188,0.20930232558139536,0.2591362126245847,0.09966777408637874,0.4318936877076412,0.4318936877076412,0.16611295681063123
1630539,Kai Jones,NBA,2024-25,Big,C-F,40,11.7,5.0,0.6,3.1,0.4,0.6,0.5,2.7,0.8,0.1,0.128,0.6880733944954128,0.1926605504587156,0.07339449541284404,0.045871559633027525,0.045871559633027525,0.29357798165137616
1626157,Karl-Anthony Towns,NBA,2024-25,Big,C-F,72,35.0,24.4,3.1,12.8,1.0,0.7,2.7,16.9,5.7,4.7,0.265,0.42304526748971194,0.21481481481481482,0.08395061728395062,0.2781893004115226,0.2781893004115226,0.3366255144032922
1631255,Karlo Matković,NBA,2024-25,Big,F-C,42,18.8,7.7,1.1,5.0,0.5,1.0,1.0,5.6,1.0,1.6,0.155,0.4765957446808511,0.2127659574468085,0.029787234042553193,0.28085106382978725,0.28085106382978725,0.18723404255319148
202695,Kawhi Leonard,NBA,2024-25,Wing,F,37,31.9,21.5,3.1,5.9,1.6,0.5,1.9,16.8,3.3,5.1,0.28,0.18619582664526485,0.27447833065810595,0.23434991974317818,0.30497592295345105,0.30497592295345105,0.1942215088282504
1630811,Keaton Wallace,NBA,2024-25,Guard,G,31,16.2,5.4,2.6,1.6,0.9,0.3,1.1,5.2,0.4,2.6,0.164,0.09876543209876543,0.2839506172839506,0.1111111111111111,0.5061728395061729,0.5061728395061729,0.06790123456790123
1631099,Keegan Murray,NBA,2024-25,Wing,F,76,34.3,12.4,1.4,6.7,0.8,0.9,0.8,10.8,0.9,5.9,0.148,0.18902439024390244,0.18536585365853658,0.07804878048780488,0.5475609756097561,0.5475609756097561,0.08780487804878048
1631232,Keion Brooks Jr.,NBA,2024-25,Wing,F,14,23.7,10.1,0.9,4.1,0.7,0.7,0.9,7.8,2.1,3.1,0.169,0.30275229357798167,0.22935779816513763,0.07339449541284404,0.3944954128440367,0.3944954128440367,0.27522935779816515
1642276,Kel'el Ware,NBA,2024-25,Big,C,64,22.2,9.3,0.9,7.4,0.6,1.1,0.9,7.3,1.0,1.7,0.169,0.4978448275862069,0.19827586206896552,0.06465517241379311,0.23922413793103448,0.23922413793103448,0.14439655172413793
1629640,Keldon Johnson,NBA,2024-25,Wing,F-G,77,23.9,12.7,1.6,4.8,0.6,0.3,1.0,10.0,2.5,3.6,0.207,0.42077922077922075,0.21038961038961038,0.012987012987012988,0.35584415584415585,0.35584415584415585,0.2519480519480519
203482,Kelly Olynyk,NBA,2024-25,Big,F-C,44,20.2,8.7,2.9,4.7,0.8,0.4,1.7,6.1,2.5,1.8,0.185,0.41044776119402987,0.19776119402985073,0.09701492537313433,0.2947761194029851,0.2947761194029851,0.40298507462686567
1626162,Kelly Oubre Jr.,NBA,2024-25,Wing,F-G,60,34.6,15.1,1.8,6.1,1.5,0.5,1.3,12.4,3.1,4.0,0.186,0.3913630229419703,0.24696356275303644,0.03508771929824561,0.3265856950067476,0.3265856950067476,0.2496626180836707
1629026,Kenrich Williams,NBA,2024-25,Wing,G-F,69,16.4,6.3,1.4,3.5,0.6,0.1,0.6,5.1,0.6,2.5,0.151,0.2909604519774011,0.1384180790960452,0.08757062146892655,0.4830508474576271,0.4830508474576271,0.11016949152542373
203484,Kentavious Caldwell-Pope,NBA,2024-25,Guard,G,77,29.6,8.7,1.8,2.2,1.3,0.4,0.8,7.1,1.2,4.3,0.121,0.13970588235294118,0.0625,0.19117647058823528,0.6066176470588235,0.6066176470588235,0.17463235294117646
1631165,Keon Ellis,NBA,2024-25,Guard,G,80,24.4,8.3,1.5,2.7,1.5,0.8,0.9,5.8,1.1,4.0,0.125,0.13577586206896552,0.10775862068965517,0.06465517241379311,0.6918103448275862,0.6918103448275862,0.1853448275862069
1630553,Keon Johnson,NBA,2024-25,Guard,G,79,24.4,10.6,2.2,3.8,1.0,0.4,1.5,9.9,1.8,5.1,0.212,0.28369704749679076,0.14762516046213095,0.05391527599486521,0.5147625160462131,0.5147625160462131,0.17843388960205392
1642352,Keshad Johnson,NBA,2024-25,Wing,F,16,6.1,2.7,0.3,1.8,0.3,0.3,0.3,1.6,0.6,0.4,0.145,0.6923076923076923,0.038461538461538464,0.0,0.2692307692307692,0.2692307692307692,0.34615384615384615
1630556,Kessler Edwards,NBA,2024-25,Wing,F,40,15.2,4.2,1.1,2.9,0.5,0.5,0.4,3.4,0.3,1.4,0.11,0.362962962962963,0.2,0.037037037037037035,0.4,0.4,0.0962962962962963
201142,Kevin Durant,NBA,2024-25,Wing,F,62,36.5,26.6,4.2,6.0,0.8,1.2,3.1,18.1,5.8,6.0,0.283,0.1103202846975089,0.304270462633452,0.25444839857651247,0.3309608540925267,0.3309608540925267,0.3211743772241993
1628989,Kevin Huerter,NBA,2024-25,Wing,G-F,69,24.3,9.9,2.3,3.0,1.0,0.3,1.0,8.8,0.7,5.7,0.171,0.1672185430463576,0.1390728476821192,0.046357615894039736,0.6473509933774835,0.6473509933774835,0.08112582781456953
1628995,Kevin Knox II,NBA,2024-25,Wing,F,14,6.0,3.3,0.4,1.2,0.1,0.3,0.3,2.6,0.6,1.1,0.202,0.2777777777777778,0.2222222222222222,0.08333333333333333,0.4166666666666667,0.4166666666666667,0.2222222222222222
201567,Kevin Love,NBA,2024-25,Big,F-C,23,10.9,5.3,1.0,4.1,0.7,0.2,0.6,5.0,1.0,2.9,0.23,0.23478260869565218,0.12173913043478261,0.06086956521739131,0.5826086956521739,0.5826086956521739,0.2
1641755,Kevin McCullar Jr.,NBA,2024-25,Guard,G,4,7.3,1.5,0.5,2.0,0.3,0.3,0.0,1.8,0.5,0.3,0.118,0.2857142857142857,0.42857142857142855,0.14285714285714285,0.14285714285714285,0.14285714285714285,0.2857142857142857
1629645,Kevin Porter Jr.,NBA,2024-25,Wing,G-F,75,19.8,10.3,3.4,3.7,1.1,0.2,1.8,8.7,2.3,2.4,0.248,0.2147239263803681,0.2791411042944785,0.23466257668711657,0.2714723926380368,0.2714723926380368,0.25920245398773006
1626172,Kevon Looney,NBA,2024-25,Wing,F,76,15.0,4.5,1.6,6.1,0.6,0.5,0.5,3.7,1.3,0.1,0.125,0.6690647482014388,0.21223021582733814,0.10071942446043165,0.017985611510791366,0.017985611510791366,0.35611510791366907
1641718,Keyonte George,NBA,2024-25,Guard,G,67,31.5,16.8,5.6,3.8,0.7,0.1,2.7,13.7,4.3,7.6,0.237,0.10990206746463548,0.24918389553862894,0.08922742110990206,0.5516866158868335,0.5516866158868335,0.3101196953210011
203114,Khris Middleton,NBA,2024-25,Wing,F,37,22.8,11.9,4.1,3.7,0.9,0.2,1.5,9.1,2.3,3.6,0.208,0.09495548961424333,0.21068249258160238,0.2997032640949555,0.39465875370919884,0.39465875370919884,0.24925816023738873
1630165,Killian Hayes,NBA,2024-25,,,6,27.1,9.0,5.2,3.0,0.7,0.7,1.5,7.2,2.0,3.5,0.145,0.20930232558139536,0.2558139534883721,0.046511627906976744,0.4883720930232558,0.4883720930232558,0.27906976744186046
202691,Klay Thompson,NBA,2024-25,Guard,G,72,27.3,14.0,2.0,3.4,0.7,0.4,1.2,12.2,1.0,7.7,0.214,0.08095781071835804,0.09692132269099202,0.19156214367160776,0.6305587229190421,0.6305587229190421,0.08437856328392246
1641738,Kobe Brown,NBA,2024-25,Wing,F,40,6.8,1.9,0.6,1.6,0.2,0.1,0.3,1.8,0.2,0.7,0.134,0.4444444444444444,0.19444444444444445,0.0,0.3611111111111111,0.3611111111111111,0.09722222222222222
1641723,Kobe Bufkin,NBA,2024-25,Guard,G,10,12.4,5.3,1.7,2.1,0.3,0.2,0.8,4.7,1.8,1.9,0.203,0.2978723404255319,0.2127659574468085,0.0851063829787234,0.40425531914893614,0.40425531914893614,0.3829787234042553
1627739,Kris Dunn,NBA,2024-25,Guard,G,74,24.1,6.4,2.8,3.4,1.7,0.4,1.0,5.9,0.3,3.0,0.126,0.2036613272311213,0.2562929061784897,0.02745995423340961,0.5125858123569794,0.5125858123569794,0.05034324942791762
1631200,Kris Murray,NBA,2024-25,Wing,F,69,15.1,4.2,1.0,2.6,0.5,0.2,0.6,4.0,0.8,1.7,0.133,0.44802867383512546,0.11469534050179211,0.007168458781362007,0.43010752688172044,0.43010752688172044,0.20430107526881722
204001,Kristaps Porziņģis,NBA,2024-25,Big,F-C,42,28.8,19.5,2.1,6.8,0.7,1.5,1.3,13.7,4.7,6.0,0.253,0.21951219512195122,0.2421602787456446,0.10278745644599303,0.4355400696864111,0.4355400696864111,0.34668989547038326
203937,Kyle Anderson,NBA,2024-25,Wing,F-G,61,16.4,5.9,2.4,3.4,0.7,0.5,0.6,5.0,1.1,1.1,0.152,0.26732673267326734,0.40594059405940597,0.09570957095709572,0.23102310231023102,0.23102310231023102,0.2145214521452145
1642271,Kyle Filipowski,NBA,2024-25,Big,C,72,21.1,9.6,1.9,6.1,0.7,0.3,1.4,7.2,2.0,3.1,0.184,0.30115830115830117,0.2548262548262548,0.019305019305019305,0.4247104247104247,0.4247104247104247,0.27606177606177607
1628398,Kyle Kuzma,NBA,2024-25,Wing,F,65,29.8,14.8,2.3,5.7,0.6,0.3,2.2,13.0,3.1,4.8,0.233,0.2783018867924528,0.2511792452830189,0.10023584905660378,0.37028301886792453,0.36910377358490565,0.23820754716981132
200768,Kyle Lowry,NBA,2024-25,Guard,G,35,18.8,3.9,2.7,1.9,0.9,0.3,0.6,3.3,0.9,2.5,0.1,0.05128205128205128,0.11965811965811966,0.07692307692307693,0.7521367521367521,0.7521367521367521,0.28205128205128205
1630283,Kylor Kelley,NBA,2024-25,,,11,11.5,3.1,0.5,3.5,0.1,0.3,0.4,2.0,0.9,0.0,0.097,0.5909090909090909,0.3181818181818182,0.09090909090909091,0.0,0.0,0.45454545454545453
202681,Kyrie Irving,NBA,2024-25,Guard,G,50,36.1,24.7,4.6,4.8,1.3,0.5,2.2,18.9,4.3,7.2,0.264,0.19894179894179895,0.23703703703703705,0.18412698412698414,0.3798941798941799,0.3798941798941799,0.22645502645502646
1642273,Kyshawn George,NBA,2024-25,Wing,F,68,26.5,8.7,2.5,4.2,1.0,0.7,1.4,8.0,1.4,5.2,0.156,0.20146520146520147,0.10256410256410256,0.047619047619047616,0.6483516483516484,0.6483516483516484,0.17032967032967034
1630163,LaMelo Ball,NBA,2024-25,Guard,G,47,32.0,25.2,7.4,4.9,1.1,0.3,3.6,21.3,4.9,11.2,0.342,0.17846460618145563,0.21036889332003988,0.0847457627118644,0.5264207377866401,0.5264207377866401,0.22831505483549352
1630205,Lamar Stevens,NBA,2024-25,Wing,F,17,9.1,4.4,0.5,2.2,0.3,0.2,0.6,3.7,0.6,1.6,0.21,0.30158730158730157,0.20634920634920634,0.06349206349206349,0.42857142857142855,0.42857142857142855,0.1746031746031746
1629013,Landry Shamet,NBA,2024-25,Guard,G,50,15.2,5.7,0.5,1.2,0.5,0.0,0.4,4.6,0.4,3.1,0.143,0.15217391304347827,0.0782608695652174,0.09130434782608696,0.6782608695652174,0.6782608695652174,0.0782608695652174
1626204,Larry Nance Jr.,NBA,2024-25,Big,F-C,24,19.3,8.5,1.6,4.3,0.8,0.5,0.7,6.5,0.5,3.2,0.155,0.3096774193548387,0.15483870967741936,0.04516129032258064,0.49032258064516127,0.49032258064516127,0.08387096774193549
1628374,Lauri Markkanen,NBA,2024-25,Big,F-C,47,31.4,19.0,1.5,5.9,0.7,0.4,1.4,14.9,3.9,8.5,0.231,0.20142857142857143,0.16714285714285715,0.06142857142857143,0.57,0.57,0.2642857142857143
2544,LeBron James,NBA,2024-25,Wing,F,70,34.9,24.4,8.2,7.8,1.0,0.6,3.7,18.1,4.7,5.7,0.291,0.30393700787401573,0.2125984251968504,0.17165354330708663,0.31181102362204727,0.31181102362204727,0.2606299212598425
1631159,Leonard Miller,NBA,2024-25,Wing,F,13,2.4,1.5,0.0,0.8,0.2,0.1,0.2,1.2,0.6,0.4,0.239,0.4666666666666667,0.13333333333333333,0.06666666666666667,0.3333333333333333,0.3333333333333333,0.5333333333333333
1631311,Lester Quiñones,NBA,2024-25,Guard,G,13,14.1,6.6,1.8,1.5,0.2,0.2,1.1,6.0,1.0,3.4,0.213,0.2564102564102564,0.11538461538461539,0.0641025641025641,0.5641025641025641,0.5641025641025641,0.16666666666666666
1641857,Liam Robbins,NBA,2024-25,,,13,4.4,0.7,0.2,0.9,0.2,0.2,0.5,0.6,0.8,0.2,0.128,0.5,0.25,0.0,0.25,0.25,1.25
1630322,Lindy Waters III,NBA,2024-25,Wing,F,52,15.0,4.9,1.0,2.1,0.5,0.2,0.4,4.8,0.2,3.6,0.145,0.09236947791164658,0.08032128514056225,0.08032128514056225,0.7469879518072289,0.7469879518072289,0.04417670682730924
1629022,Lonnie Walker IV,NBA,2024-25,Wing,G-F,20,23.8,12.4,2.5,3.2,0.5,0.3,1.3,10.6,1.5,6.4,0.214,0.18396226415094338,0.12264150943396226,0.09433962264150944,0.5990566037735849,0.5990566037735849,0.14150943396226415
1628366,Lonzo Ball,NBA,2024-25,Guard,G,35,22.2,7.6,3.3,3.4,1.3,0.5,1.2,6.9,0.8,5.6,0.152,0.0823045267489712,0.07407407407407407,0.0411522633744856,0.8024691358024691,0.8024691358024691,0.1111111111111111
1629652,Luguentz Dort,NBA,2024-25,Guard,G,71,29.2,10.1,1.6,4.1,1.1,0.5,0.7,8.4,0.6,5.8,0.133,0.15851602023608768,0.08768971332209106,0.05733558178752108,0.6964586846543002,0.6964586846543002,0.0775716694772344
1629029,Luka Dončić,NBA,2024-25,Wing,F-G,50,35.4,28.2,7.7,8.2,1.8,0.4,3.6,20.5,7.9,9.6,0.328,0.15414634146341463,0.22341463414634147,0.15317073170731707,0.4692682926829268,0.4692682926829268,0.3853658536585366
1630568,Luka Garza,NBA,2024-25,Big,C,39,5.6,3.5,0.3,1.4,0.2,0.1,0.3,2.7,0.9,0.9,0.241,0.3619047619047619,0.22857142857142856,0.06666666666666667,0.34285714285714286,0.34285714285714286,0.3333333333333333
1628379,Luke Kennard,NBA,2024-25,Guard,G,65,22.6,8.9,3.3,2.8,0.8,0.1,1.1,6.6,0.9,4.0,0.14,0.10672853828306264,0.16473317865429235,0.11832946635730858,0.6102088167053364,0.605568445475638,0.13225058004640372
1628436,Luke Kornet,NBA,2024-25,Big,C-F,73,18.6,6.0,1.6,5.3,0.5,1.0,0.4,3.8,1.3,0.0,0.111,0.8035714285714286,0.16428571428571428,0.02142857142857143,0.010714285714285714,0.010714285714285714,0.3464285714285714
1631247,Luke Travers,NBA,2024-25,Wing,F,12,7.3,1.0,0.7,1.7,0.1,0.1,0.7,1.7,0.2,0.8,0.132,0.55,0.0,0.0,0.45,0.45,0.1
1630644,Mac McClung,NBA,2024-25,Guard,G,2,5.1,0.0,1.5,0.5,0.0,0.0,0.0,1.0,0.0,0.5,0.087,,,,,,
1630201,Malachi Flynn,NBA,2024-25,,,4,10.9,4.0,1.8,1.8,0.8,0.0,1.0,3.3,1.5,1.0,0.196,0.15384615384615385,0.46153846153846156,0.07692307692307693,0.3076923076923077,0.3076923076923077,0.46153846153846156
1631103,Malaki Branham,NBA,2024-25,Wing,F,47,9.1,5.0,0.8,1.1,0.2,0.0,0.7,4.0,0.7,1.8,0.233,0.22105263157894736,0.20526315789473684,0.13157894736842105,0.4421052631578947,0.4421052631578947,0.1736842105263158
1627763,Malcolm Brogdon,NBA,2024-25,Guard,G,24,23.5,12.7,4.1,3.8,0.5,0.2,1.6,10.0,3.8,2.3,0.231,0.3541666666666667,0.25833333333333336,0.15416666666666667,0.23333333333333334,0.23333333333333334,0.38333333333333336
1642502,Malevy Leons,NBA,2024-25,,,6,3.5,0.3,0.2,0.5,0.0,0.0,0.2,0.3,0.7,0.2,0.102,0.0,0.5,0.0,0.5,0.5,2.0
1627736,Malik Beasley,NBA,2024-25,Guard,G,82,27.8,16.3,1.7,2.6,0.9,0.1,1.0,13.1,1.7,9.3,0.215,0.08309990662931839,0.12605042016806722,0.07563025210084033,0.715219421101774,0.715219421101774,0.13071895424836602
1628370,Malik Monk,NBA,2024-25,Guard,G,65,31.6,17.2,5.6,3.8,0.9,0.6,2.4,14.4,2.7,6.6,0.236,0.19701810436634717,0.25026624068157616,0.09691160809371673,0.45580404685835996,0.45580404685835996,0.18956336528221512
1630699,MarJon Beauchamp,NBA,2024-25,Wing,F,35,4.5,2.3,0.3,1.3,0.1,0.0,0.4,1.9,0.6,0.8,0.222,0.23076923076923078,0.12307692307692308,0.2,0.4461538461538462,0.4461538461538462,0.3076923076923077
1630542,Marcus Bagley,NBA,2024-25,,,10,25.3,6.7,1.0,7.0,0.9,1.2,0.7,6.9,1.0,3.2,0.128,0.43478260869565216,0.08695652173913043,0.014492753623188406,0.463768115942029,0.463768115942029,0.14492753623188406
1630585,Marcus Garrett,NBA,2024-25,,,4,19.8,7.0,3.3,1.5,0.8,0.5,1.5,6.8,1.0,2.0,0.193,0.18518518518518517,0.48148148148148145,0.037037037037037035,0.2962962962962963,0.2962962962962963,0.14814814814814814
1631204,Marcus Sasser,NBA,2024-25,Guard,G,57,14.2,6.6,2.3,1.2,0.6,0.1,0.9,5.2,0.9,2.7,0.187,0.1554054054054054,0.19256756756756757,0.13851351351351351,0.5135135135135135,0.5135135135135135,0.17229729729729729
203935,Marcus Smart,NBA,2024-25,Guard,G,34,20.0,9.0,3.2,2.1,1.1,0.3,1.6,7.6,2.1,4.1,0.198,0.10116731517509728,0.29961089494163423,0.05058365758754864,0.5486381322957199,0.5486381322957199,0.27626459143968873
1631109,Mark Williams,NBA,2024-25,Big,C,44,26.6,15.3,2.5,10.2,0.7,1.2,1.6,10.2,3.7,0.1,0.21,0.6756152125279642,0.29082774049217003,0.024608501118568233,0.008948545861297539,0.008948545861297539,0.36465324384787473
1628365,Markelle Fultz,NBA,2024-25,Guard,G,21,8.8,2.9,1.3,1.0,0.5,0.1,0.7,3.2,0.0,0.4,0.196,0.07462686567164178,0.5074626865671642,0.29850746268656714,0.11940298507462686,0.11940298507462686,0.014925373134328358
202693,Markieff Morris,NBA,2024-25,Wing,F,15,11.0,3.7,1.4,1.5,0.1,0.2,0.3,4.7,0.4,2.4,0.202,0.11428571428571428,0.14285714285714285,0.22857142857142856,0.5142857142857142,0.5142857142857142,0.08571428571428572
1628963,Marvin Bagley III,NBA,2024-25,Wing,F,31,8.6,4.4,0.4,2.7,0.3,0.3,0.4,3.4,1.1,0.6,0.2,0.5566037735849056,0.2169811320754717,0.04716981132075472,0.1792452830188679,0.1792452830188679,0.330188679245283
1630222,Mason Jones,NBA,2024-25,Guard,G,10,4.5,2.3,1.1,0.9,0.0,0.1,0.1,1.8,0.5,0.8,0.193,0.16666666666666666,0.3888888888888889,0.0,0.4444444444444444,0.4444444444444444,0.2777777777777778
203486,Mason Plumlee,NBA,2024-25,Big,F-C,74,17.6,4.5,1.8,6.1,0.4,0.6,0.8,2.7,1.7,0.1,0.105,0.7079207920792079,0.24752475247524752,0.024752475247524754,0.019801980198019802,0.019801980198019802,0.6336633663366337
1641824,Matas Buzelis,NBA,2024-25,Wing,F,80,18.9,8.6,1.0,3.5,0.4,0.9,0.9,6.9,1.4,3.3,0.181,0.36936936936936937,0.12072072072072072,0.03063063063063063,0.47927927927927927,0.47927927927927927,0.1945945945945946
1629680,Matisse Thybulle,NBA,2024-25,Wing,G-F,15,20.8,7.5,1.9,3.5,2.2,0.6,0.9,5.9,1.0,3.2,0.135,0.2159090909090909,0.2159090909090909,0.022727272727272728,0.5454545454545454,0.5454545454545454,0.17045454545454544
1630346,Matt Ryan,NBA,2024-25,,,19,3.6,1.5,0.2,0.4,0.1,0.0,0.2,1.6,0.1,1.0,0.208,0.16129032258064516,0.0967741935483871,0.12903225806451613,0.6129032258064516,0.6129032258064516,0.06451612903225806
1631108,Max Christie,NBA,2024-25,Guard,G,78,27.3,9.6,1.9,3.3,0.8,0.4,1.1,7.6,1.9,4.0,0.15,0.1864406779661017,0.17966101694915254,0.1016949152542373,0.5322033898305085,0.5322033898305085,0.2576271186440678
1629622,Max Strus,NBA,2024-25,Wing,G-F,50,25.5,9.4,3.2,4.3,0.5,0.2,1.1,7.5,0.7,5.9,0.143,0.1581769436997319,0.05361930294906166,0.002680965147453083,0.7855227882037533,0.7855227882037533,0.09115281501340483
1628467,Maxi Kleber,NBA,2024-25,Wing,F,34,18.7,3.0,1.3,2.8,0.3,0.5,0.7,2.8,0.6,1.4,0.085,0.23958333333333334,0.14583333333333334,0.10416666666666667,0.5104166666666666,0.5104166666666666,0.21875
1641721,Maxwell Lewis,NBA,2024-25,Wing,F,28,11.7,4.1,0.7,2.0,0.3,0.3,0.5,3.9,0.4,1.8,0.164,0.2777777777777778,0.19444444444444445,0.06481481481481481,0.46296296296296297,0.46296296296296297,0.09259259259259259
1630695,Micah Potter,NBA,2024-25,Big,C,38,18.6,4.3,0.8,4.3,0.4,0.4,0.8,3.6,0.5,2.6,0.102,0.18518518518518517,0.08148148148148149,0.007407407407407408,0.725925925925926,0.725925925925926,0.14814814814814814
1629008,Michael Porter Jr.,NBA,2024-25,Wing,F,77,33.7,18.2,2.1,7.0,0.6,0.5,1.4,13.6,2.5,6.4,0.197,0.27958015267175573,0.12786259541984732,0.12595419847328243,0.4666030534351145,0.4666030534351145,0.1851145038167939
1628969,Mikal Bridges,NBA,2024-25,Wing,G-F,82,37.0,17.6,3.7,3.2,0.9,0.5,1.6,14.4,1.4,5.6,0.192,0.2037193575655114,0.2265426880811496,0.17836010143702452,0.39137785291631444,0.39137785291631444,0.09974640743871513
201144,Mike Conley,NBA,2024-25,Guard,G,71,24.7,8.2,4.5,2.6,1.1,0.2,1.1,6.6,1.3,4.4,0.141,0.11965811965811966,0.16025641025641027,0.057692307692307696,0.6623931623931624,0.6623931623931624,0.19230769230769232
1628970,Miles Bridges,NBA,2024-25,Wing,F,64,31.7,20.3,3.9,7.5,0.7,0.7,2.1,17.0,4.0,7.0,0.273,0.30303030303030304,0.23232323232323232,0.051423324150596875,0.4132231404958678,0.4132231404958678,0.23324150596877868
1630540,Miles McBride,NBA,2024-25,Guard,G,64,24.9,9.5,2.9,2.5,1.0,0.3,0.6,8.5,1.0,4.9,0.162,0.1663619744058501,0.10420475319926874,0.1590493601462523,0.5703839122486288,0.5703839122486288,0.1170018281535649
1641936,Miles Norris,NBA,2024-25,Wing,F,3,11.6,2.3,0.0,3.0,0.7,0.3,0.0,3.0,0.7,2.3,0.127,0.1111111111111111,0.1111111111111111,0.0,0.7777777777777778,0.7777777777777778,0.2222222222222222
1629011,Mitchell Robinson,NBA,2024-25,Big,C-F,17,17.1,5.1,0.8,5.9,0.9,1.1,0.6,3.3,1.1,0.0,0.109,0.9464285714285714,0.05357142857142857,0.0,0.0,0.0,0.3392857142857143
1628964,Mo Bamba,NBA,2024-25,,,32,12.9,4.3,0.6,4.5,0.3,1.0,0.6,3.5,0.8,1.7,0.15,0.33035714285714285,0.15178571428571427,0.03571428571428571,0.48214285714285715,0.48214285714285715,0.24107142857142858
1628420,Monte Morris,NBA,2024-25,Guard,G,45,12.7,5.2,1.6,1.5,0.4,0.1,0.5,4.3,0.9,1.9,0.173,0.10256410256410256,0.30256410256410254,0.15384615384615385,0.441025641025641,0.441025641025641,0.2153846153846154
1629021,Moritz Wagner,NBA,2024-25,Big,F-C,30,18.8,12.9,1.4,4.9,0.8,0.4,1.6,8.3,3.7,2.5,0.254,0.5823293172690763,0.11244979919678715,0.004016064257028112,0.30120481927710846,0.30120481927710846,0.44176706827309237
1629650,Moses Brown,NBA,2024-25,,,13,9.1,5.8,0.2,3.4,0.5,0.3,0.8,3.8,0.8,0.0,0.216,0.6938775510204082,0.30612244897959184,0.0,0.0,0.0,0.22448979591836735
1630541,Moses Moody,NBA,2024-25,Guard,G,74,22.3,9.8,1.3,2.6,0.8,0.4,0.7,7.7,1.8,4.6,0.17,0.198943661971831,0.15316901408450703,0.05457746478873239,0.5933098591549296,0.5933098591549296,0.23415492957746478
1631243,Mouhamed Gueye,NBA,2024-25,Wing,F,33,16.1,6.0,0.8,4.2,0.8,1.0,0.5,5.2,1.3,2.5,0.155,0.3567251461988304,0.14035087719298245,0.029239766081871343,0.47368421052631576,0.47368421052631576,0.24561403508771928
1631217,Moussa Diabaté,NBA,2024-25,Wing,F,71,17.5,5.7,0.8,6.2,0.6,0.6,0.9,3.9,1.6,0.1,0.13,0.7142857142857143,0.25357142857142856,0.010714285714285714,0.02142857142857143,0.02142857142857143,0.4142857142857143
1626167,Myles Turner,NBA,2024-25,Big,C-F,72,30.2,15.6,1.5,6.5,0.8,2.0,1.7,11.3,3.3,5.5,0.207,0.23057953144266338,0.1935881627620222,0.09001233045622688,0.48581997533908755,0.48581997533908755,0.2934648581997534
1642368,N'Faly Dante,NBA,2024-25,Big,C,4,12.7,6.0,0.5,5.3,0.3,1.3,0.5,3.3,1.3,0.0,0.133,0.6923076923076923,0.23076923076923078,0.07692307692307693,0.0,0.0,0.38461538461538464
1641772,Nae'Qwan Tomlin,NBA,2024-25,Wing,F,5,12.7,7.2,0.4,4.2,0.0,0.2,0.4,6.4,2.2,2.0,0.23,0.53125,0.15625,0.0,0.3125,0.3125,0.34375
1630230,Naji Marshall,NBA,2024-25,Wing,F,69,27.8,13.2,3.0,4.8,1.0,0.2,1.6,10.3,2.3,3.2,0.197,0.29353932584269665,0.3441011235955056,0.056179775280898875,0.3061797752808989,0.3061797752808989,0.2247191011235955
1631466,Nate Williams,NBA,2024-25,Guard,G,20,7.3,3.3,0.5,0.7,0.4,0.2,0.7,3.1,0.4,1.3,0.212,0.1935483870967742,0.3548387096774194,0.03225806451612903,0.41935483870967744,0.41935483870967744,0.12903225806451613
1629675,Naz Reid,NBA,2024-25,Big,C-F,80,27.5,14.2,2.3,6.0,0.7,0.9,1.4,11.5,1.8,5.8,0.21,0.24160346695557963,0.2275189599133261,0.030335861321776816,0.5005417118093174,0.5005417118093174,0.15492957746478872
1629674,Neemias Queta,NBA,2024-25,Big,C,62,13.9,5.0,0.7,3.8,0.3,0.7,0.6,3.3,1.0,0.0,0.136,0.7142857142857143,0.2512315270935961,0.019704433497536946,0.014778325123152709,0.014778325123152709,0.30049261083743845
1629651,Nic Claxton,NBA,2024-25,Big,C,70,26.9,10.3,2.2,7.4,0.9,1.4,1.2,8.1,2.2,0.3,0.166,0.5686619718309859,0.3362676056338028,0.058098591549295774,0.03697183098591549,0.03697183098591549,0.2711267605633803
1630208,Nick Richards,NBA,2024-25,Big,C,57,22.0,9.3,0.9,8.2,0.2,1.0,1.4,6.1,2.8,0.0,0.169,0.6340057636887608,0.3112391930835735,0.04899135446685879,0.005763688760806916,0.005763688760806916,0.4610951008645533
1641733,Nick Smith Jr.,NBA,2024-25,Guard,G,60,22.8,9.9,2.4,2.1,0.3,0.1,1.4,9.5,0.8,5.1,0.205,0.07922535211267606,0.2517605633802817,0.13028169014084506,0.5387323943661971,0.5387323943661971,0.08098591549295775
1629638,Nickeil Alexander-Walker,NBA,2024-25,Guard,G,82,25.3,9.4,2.7,3.2,0.6,0.4,1.2,7.5,1.4,4.5,0.155,0.19967532467532467,0.14285714285714285,0.056818181818181816,0.6006493506493507,0.6006493506493507,0.19155844155844157
201587,Nicolas Batum,NBA,2024-25,Wing,G-F,78,17.5,4.0,1.1,2.8,0.7,0.5,0.4,3.1,0.3,2.6,0.087,0.08823529411764706,0.029411764705882353,0.029411764705882353,0.8529411764705882,0.8529411764705882,0.08823529411764706
203999,Nikola Jokić,NBA,2024-25,Big,C,70,36.7,29.6,10.2,12.7,1.8,0.6,3.3,19.5,6.4,4.7,0.285,0.3159824046920821,0.3563049853372434,0.08504398826979472,0.24266862170087977,0.24266862170087977,0.33064516129032256
1631107,Nikola Jović,NBA,2024-25,Wing,F,46,25.1,10.7,2.8,3.9,0.8,0.3,1.3,8.2,1.9,4.6,0.178,0.23607427055702918,0.15915119363395225,0.04774535809018567,0.5570291777188329,0.5570291777188329,0.23076923076923078
202696,Nikola Vučević,NBA,2024-25,Big,C,73,31.2,18.5,3.5,10.1,0.8,0.7,1.6,14.2,2.0,4.4,0.221,0.2630057803468208,0.3236994219653179,0.10404624277456648,0.3092485549132948,0.3092485549132948,0.14354527938342967
1641730,Noah Clowney,NBA,2024-25,Big,F-C,46,22.7,9.1,0.9,3.9,0.5,0.5,1.0,8.1,1.7,5.7,0.185,0.1639784946236559,0.11827956989247312,0.016129032258064516,0.7016129032258065,0.7016129032258065,0.21505376344086022
1626181,Norman Powell,NBA,2024-25,Guard,G,60,32.6,21.8,2.1,3.2,1.2,0.2,1.8,15.8,4.4,7.1,0.255,0.26031746031746034,0.2052910052910053,0.08148148148148149,0.45291005291005293,0.45291005291005293,0.2804232804232804
1628384,OG Anunoby,NBA,2024-25,Wing,F-G,74,36.6,18.0,2.2,4.8,1.5,0.9,1.4,13.9,3.1,6.2,0.195,0.379746835443038,0.09639727361246349,0.0759493670886076,0.44790652385589097,0.44790652385589097,0.22005842259006816
1630167,Obi Toppin,NBA,2024-25,Wing,F,79,19.6,10.5,1.6,4.0,0.6,0.4,0.9,7.6,1.4,3.8,0.191,0.34056761268781305,0.12186978297161936,0.035058430717863104,0.5025041736227045,0.5025041736227045,0.19031719532554256
1630534,Ochai Agbaji,NBA,2024-25,Guard,G,64,27.2,10.4,1.5,3.8,0.9,0.5,0.8,8.3,0.8,4.0,0.144,0.41385767790262173,0.08239700374531835,0.0299625468164794,0.4737827715355805,0.4737827715355805,0.0898876404494382
1641765,Olivier-Maxence Prosper,NBA,2024-25,Wing,F,52,11.2,3.9,0.8,2.4,0.5,0.1,0.3,3.3,1.5,1.0,0.158,0.43103448275862066,0.21839080459770116,0.05747126436781609,0.29310344827586204,0.29310344827586204,0.4367816091954023
1630168,Onyeka Okongwu,NBA,2024-25,Big,F-C,74,27.9,13.4,2.3,8.9,0.9,0.9,1.2,9.2,2.9,2.0,0.169,0.5482456140350878,0.22807017543859648,0.007309941520467836,0.21637426900584794,0.21637426900584794,0.3157894736842105
1631115,Orlando Robinson,NBA,2024-25,,,44,17.5,6.9,1.8,5.0,0.4,0.4,1.1,5.9,1.6,1.2,0.177,0.39846743295019155,0.367816091954023,0.034482758620689655,0.19923371647509577,0.19923371647509577,0.2681992337164751
1631131,Oscar Tshiebwe,NBA,2024-25,Big,F-C,14,18.2,7.6,0.6,8.7,0.9,0.1,0.7,5.0,2.2,0.0,0.144,0.5,0.4857142857142857,0.014285714285714285,0.0,0.0,0.44285714285714284
1629052,Oshae Brissett,NBA,2024-25,,,6,23.7,8.7,0.7,3.7,0.7,0.5,1.3,6.5,2.3,3.0,0.154,0.358974358974359,0.1794871794871795,0.0,0.46153846153846156,0.46153846153846156,0.358974358974359
1642345,Oso Ighodaro,NBA,2024-25,Wing,F,61,17.1,4.2,1.2,3.6,0.5,0.5,0.6,3.1,0.8,0.0,0.103,0.4385026737967914,0.49732620320855614,0.053475935828877004,0.0106951871657754,0.0106951871657754,0.26737967914438504
1631172,Ousmane Dieng,NBA,2024-25,Wing,F,37,10.9,3.8,0.8,2.2,0.5,0.2,0.5,3.4,0.4,1.9,0.152,0.232,0.144,0.056,0.568,0.568,0.128
200782,P.J. Tucker,NBA,2024-25,Wing,F,3,19.3,3.0,0.0,2.7,0.3,0.3,0.3,2.3,0.0,2.0,0.059,0.0,0.0,0.14285714285714285,0.8571428571428571,0.8571428571428571,0.0
1629023,P.J. Washington,NBA,2024-25,Wing,F,57,32.2,14.7,2.3,7.8,1.1,1.1,2.1,11.7,3.5,4.2,0.198,0.28270676691729324,0.3067669172932331,0.05112781954887218,0.3593984962406015,0.3593984962406015,0.29774436090225564
1628408,PJ Dozier,NBA,2024-25,,,9,3.9,0.8,0.6,0.6,0.1,0.0,0.1,0.3,0.7,0.3,0.082,0.0,0.0,0.0,1.0,1.0,2.0
1641790,PJ Hall,NBA,2024-25,Big,C,19,3.5,1.7,0.2,1.2,0.0,0.2,0.1,1.3,0.2,0.4,0.176,0.4583333333333333,0.16666666666666666,0.041666666666666664,0.3333333333333333,0.3333333333333333,0.16666666666666666
1642359,Pacôme Dadiet,NBA,2024-25,Wing,F,18,6.2,1.7,0.3,1.0,0.2,0.1,0.2,1.7,0.3,1.1,0.142,0.12903225806451613,0.0967741935483871,0.16129032258064516,0.6129032258064516,0.6129032258064516,0.1935483870967742
1631094,Paolo Banchero,NBA,2024-25,Wing,F,46,34.4,25.9,4.8,7.5,0.8,0.6,3.0,19.8,8.4,5.9,0.33,0.265642151481888,0.1964873765093304,0.23929747530186607,0.29857299670691545,0.29857299670691545,0.4226125137211855
1627783,Pascal Siakam,NBA,2024-25,Wing,F,78,32.7,20.2,3.4,6.9,0.9,0.5,1.4,15.2,3.9,4.2,0.237,0.2893401015228426,0.2622673434856176,0.17428087986463622,0.27411167512690354,0.27411167512690354,0.26057529610829105
1626192,Pat Connaughton,NBA,2024-25,Guard,G,41,14.7,5.3,1.7,2.7,0.2,0.3,0.6,4.3,0.8,2.0,0.151,0.384180790960452,0.12429378531073447,0.03389830508474576,0.4576271186440678,0.4576271186440678,0.1751412429378531
1630311,Pat Spencer,NBA,2024-25,Guard,G,39,6.4,2.5,1.2,1.2,0.4,0.1,0.5,2.6,0.4,0.6,0.204,0.3069306930693069,0.37623762376237624,0.09900990099009901,0.21782178217821782,0.21782178217821782,0.1485148514851485
1631116,Patrick Baldwin Jr.,NBA,2024-25,Wing,F,24,4.4,2.2,0.1,1.0,0.1,0.1,0.2,1.5,0.2,1.0,0.151,0.2857142857142857,0.05714285714285714,0.0,0.6571428571428571,0.6571428571428571,0.11428571428571428
1630172,Patrick Williams,NBA,2024-25,Wing,F,63,25.0,9.0,2.0,3.8,0.8,0.5,1.4,8.2,1.3,4.3,0.165,0.2364341085271318,0.15310077519379844,0.08333333333333333,0.5271317829457365,0.5271317829457365,0.16085271317829458
201988,Patty Mills,NBA,2024-25,Guard,G,29,11.1,3.8,0.9,0.8,0.4,0.1,0.6,3.3,0.5,2.6,0.15,0.052083333333333336,0.07291666666666667,0.09375,0.78125,0.78125,0.14583333333333334
202331,Paul George,NBA,2024-25,Wing,F,41,32.5,16.2,4.3,5.3,1.8,0.5,2.6,13.9,2.4,6.5,0.233,0.14035087719298245,0.11754385964912281,0.2719298245614035,0.47017543859649125,0.47017543859649125,0.17017543859649123
1630194,Paul Reed,NBA,2024-25,Wing,F,45,9.7,4.1,1.0,2.7,0.9,0.6,0.6,3.2,0.9,0.6,0.179,0.45774647887323944,0.2112676056338028,0.13380281690140844,0.19718309859154928,0.19718309859154928,0.29577464788732394
1630202,Payton Pritchard,NBA,2024-25,Guard,G,80,28.4,14.3,3.5,3.8,0.9,0.2,1.0,10.8,1.1,7.8,0.186,0.15011547344110854,0.06581986143187067,0.061200923787528866,0.7228637413394919,0.7228637413394919,0.09699769053117784
1641796,Pelle Larsson,NBA,2024-25,Guard,G,55,14.2,4.6,1.2,1.7,0.6,0.1,0.4,3.7,1.1,1.7,0.141,0.39408866995073893,0.12315270935960591,0.014778325123152709,0.46798029556650245,0.46798029556650245,0.30049261083743845
1631250,Pete Nance,NBA,2024-25,Wing,F,13,10.6,2.9,0.8,1.6,0.2,0.2,0.3,2.5,0.2,1.8,0.116,0.15625,0.03125,0.0625,0.75,0.75,0.0625
1631212,Peyton Watson,NBA,2024-25,Guard,G,68,24.3,8.1,1.4,3.4,0.7,1.4,0.8,6.3,2.0,2.0,0.138,0.45560747663551404,0.18691588785046728,0.0397196261682243,0.3177570093457944,0.3177570093457944,0.32009345794392524
1630762,Phillip Wheeler,NBA,2024-25,,,5,8.9,1.6,0.4,1.6,0.2,0.4,0.2,4.2,0.4,2.0,0.221,,,,,,
1630173,Precious Achiuwa,NBA,2024-25,Wing,F,57,20.5,6.6,1.0,5.6,0.8,0.7,0.8,5.7,1.2,0.6,0.143,0.5871559633027523,0.26299694189602446,0.039755351681957186,0.11009174311926606,0.11009174311926606,0.21100917431192662
1629656,Quentin Grimes,NBA,2024-25,Guard,G,75,26.8,14.6,3.0,4.3,1.0,0.3,1.9,11.0,2.9,5.6,0.218,0.2770352369380316,0.0911300121506683,0.12029161603888214,0.511543134872418,0.511543134872418,0.2600243013365735
1631245,Quenton Jackson,NBA,2024-25,Guard,G,28,13.6,5.8,1.9,1.6,0.8,0.2,0.6,4.4,1.4,1.4,0.167,0.5245901639344263,0.09016393442622951,0.05737704918032787,0.32786885245901637,0.32786885245901637,0.32786885245901637
1642439,Quincy Olivari,NBA,2024-25,,,2,5.2,1.5,0.5,0.0,0.0,0.0,0.5,2.5,0.0,2.5,0.231,0.0,0.0,0.0,1.0,1.0,0.0
1642366,Quinten Post,NBA,2024-25,Big,C,42,16.3,8.1,1.3,3.5,0.4,0.4,0.8,6.5,0.6,4.3,0.197,0.1897810218978102,0.12773722627737227,0.029197080291970802,0.6532846715328468,0.6532846715328468,0.09854014598540146
1629628,RJ Barrett,NBA,2024-25,Wing,F-G,58,32.2,21.1,5.4,6.3,0.8,0.3,2.9,16.9,5.4,5.3,0.281,0.4103869653767821,0.23727087576374745,0.04073319755600815,0.31160896130346233,0.31160896130346233,0.3167006109979633
1642484,RayJ Dennis,NBA,2024-25,Guard,G,11,6.4,2.7,1.3,1.1,0.6,0.2,0.5,3.0,0.2,1.9,0.212,0.06060606060606061,0.24242424242424243,0.06060606060606061,0.6363636363636364,0.6363636363636364,0.06060606060606061
1641712,Rayan Rupert,NBA,2024-25,Wing,G-F,52,8.8,3.0,0.5,1.3,0.3,0.1,0.6,2.7,0.6,1.1,0.156,0.30985915492957744,0.23943661971830985,0.035211267605633804,0.4154929577464789,0.4154929577464789,0.2112676056338028
1641736,Reece Beekman,NBA,2024-25,Guard,G,36,13.0,2.6,1.8,1.1,0.9,0.1,0.6,3.0,0.6,1.1,0.122,0.35514018691588783,0.22429906542056074,0.04672897196261682,0.37383177570093457,0.37383177570093457,0.19626168224299065
1642263,Reed Sheppard,NBA,2024-25,Guard,G,52,12.6,4.4,1.4,1.5,0.7,0.3,0.7,4.6,0.3,2.7,0.171,0.100418410041841,0.1589958158995816,0.14644351464435146,0.5941422594142259,0.5941422594142259,0.06694560669456066
202704,Reggie Jackson,NBA,2024-25,,,31,12.4,4.4,1.5,1.4,0.5,0.1,0.5,4.3,0.3,2.4,0.17,0.14285714285714285,0.16541353383458646,0.13533834586466165,0.556390977443609,0.556390977443609,0.06766917293233082
1626158,Richaun Holmes,NBA,2024-25,Wing,F,31,17.2,7.4,1.4,5.7,0.3,0.7,0.7,4.5,1.9,0.1,0.143,0.7050359712230215,0.2589928057553957,0.014388489208633094,0.02158273381294964,0.02158273381294964,0.4316546762589928
1641741,Ricky Council IV,NBA,2024-25,Guard,G,73,17.1,7.3,1.3,2.9,0.4,0.2,0.7,6.3,2.1,2.9,0.196,0.28725701943844495,0.20302375809935205,0.04967602591792657,0.46004319654427644,0.46004319654427644,0.3304535637149028
1642434,Riley Minix,NBA,2024-25,Wing,F,1,6.8,0.0,0.0,2.0,0.0,0.0,0.0,1.0,0.0,1.0,0.063,,,,,,
1642265,Rob Dillingham,NBA,2024-25,Guard,G,49,10.5,4.5,2.0,1.0,0.4,0.0,1.1,4.3,0.3,1.5,0.215,0.2796208530805687,0.22748815165876776,0.14218009478672985,0.35071090047393366,0.35071090047393366,0.07109004739336493
1629057,Robert Williams III,NBA,2024-25,Big,C-F,20,17.6,5.8,1.1,5.9,0.7,1.7,0.9,3.9,0.9,0.2,0.12,0.7692307692307693,0.15384615384615385,0.038461538461538464,0.038461538461538464,0.038461538461538464,0.21794871794871795
1631199,Ron Harper Jr.,NBA,2024-25,Wing,G-F,1,17.0,4.0,2.0,7.0,0.0,0.0,0.0,8.0,2.0,6.0,0.205,0.125,0.125,0.0,0.75,0.75,0.25
1641842,Ronald Holland II,NBA,2024-25,Wing,F,81,15.6,6.4,1.0,2.7,0.6,0.2,0.9,5.1,1.5,1.9,0.177,0.3798076923076923,0.21153846153846154,0.04567307692307692,0.3629807692307692,0.3629807692307692,0.2932692307692308
1626220,Royce O'Neale,NBA,2024-25,Wing,F,75,24.5,9.1,2.2,4.7,0.9,0.4,0.9,7.6,0.3,5.9,0.151,0.11578947368421053,0.08947368421052632,0.021052631578947368,0.7736842105263158,0.7736842105263158,0.0456140350877193
203497,Rudy Gobert,NBA,2024-25,Big,C,72,33.2,12.0,1.8,10.9,0.8,1.4,1.2,7.1,3.8,0.0,0.129,0.8372549019607843,0.14901960784313725,0.013725490196078431,0.0,0.0,0.5352941176470588
1629060,Rui Hachimura,NBA,2024-25,Wing,F,59,31.7,13.1,1.4,5.0,0.8,0.4,0.8,9.8,1.9,4.2,0.156,0.3263888888888889,0.1684027777777778,0.0763888888888889,0.4288194444444444,0.4288194444444444,0.19618055555555555
201566,Russell Westbrook,NBA,2024-25,Guard,G,75,27.9,13.3,6.1,4.9,1.4,0.5,3.2,11.1,3.1,3.9,0.23,0.38868832731648617,0.16365824308062576,0.09747292418772563,0.35018050541516244,0.35018050541516244,0.28038507821901326
1642346,Ryan Dunn,NBA,2024-25,Wing,F,74,19.1,6.9,0.8,3.6,0.6,0.5,0.5,6.4,0.5,3.6,0.161,0.20754716981132076,0.2138364779874214,0.025157232704402517,0.5534591194968553,0.5534591194968553,0.08176100628930817
1631157,Ryan Rollins,NBA,2024-25,Guard,G,56,14.6,6.2,1.9,1.9,0.8,0.3,0.9,4.8,0.8,2.1,0.179,0.2656826568265683,0.17343173431734318,0.11808118081180811,0.44280442804428044,0.44280442804428044,0.16605166051660517
1630573,Sam Hauser,NBA,2024-25,Wing,F,71,21.7,8.5,0.9,3.2,0.6,0.2,0.3,6.7,0.2,5.6,0.14,0.06751054852320675,0.03375527426160337,0.056962025316455694,0.8417721518987342,0.8417721518987342,0.023206751054852322
1630241,Sam Merrill,NBA,2024-25,Guard,G,71,19.7,7.2,1.5,2.2,0.7,0.2,0.5,6.0,0.4,5.2,0.14,0.08962264150943396,0.02830188679245283,0.014150943396226415,0.8679245283018868,0.8679245283018868,0.06839622641509434
1630572,Sandro Mamukelashvili,NBA,2024-25,Big,F-C,61,11.2,6.3,0.8,3.1,0.4,0.3,0.4,4.6,1.0,2.6,0.202,0.298932384341637,0.10320284697508897,0.02491103202846975,0.5729537366548043,0.5729537366548043,0.20640569395017794
1630583,Santi Aldama,NBA,2024-25,Big,F-C,65,25.5,12.5,2.9,6.4,0.8,0.4,1.1,10.0,1.4,5.0,0.179,0.24074074074074073,0.20679012345679013,0.04938271604938271,0.5030864197530864,0.5030864197530864,0.14506172839506173
1630703,Scoot Henderson,NBA,2024-25,Guard,G,66,26.7,12.7,5.1,3.0,1.0,0.2,2.7,10.4,3.1,4.5,0.22,0.3007299270072993,0.17226277372262774,0.09343065693430656,0.4335766423357664,0.4335766423357664,0.3007299270072993
1630567,Scottie Barnes,NBA,2024-25,Wing,F-G,65,32.8,19.3,5.8,7.7,1.4,1.0,2.8,16.4,4.6,4.3,0.262,0.2662276575729069,0.28033866415804326,0.19002822201317027,0.2634054562558796,0.2634054562558796,0.28410159924741296
1630590,Scotty Pippen Jr.,NBA,2024-25,Guard,G,79,21.3,9.9,4.4,3.3,1.3,0.4,1.7,7.5,2.2,2.8,0.188,0.3265993265993266,0.2760942760942761,0.02861952861952862,0.3686868686868687,0.3686868686868687,0.2878787878787879
203552,Seth Curry,NBA,2024-25,Guard,G,68,15.6,6.5,0.9,1.7,0.4,0.1,0.5,5.0,0.6,2.7,0.151,0.09329446064139942,0.119533527696793,0.2565597667638484,0.5306122448979592,0.5306122448979592,0.11370262390670553
1631101,Shaedon Sharpe,NBA,2024-25,Guard,G,72,31.3,18.5,2.8,4.5,0.9,0.2,2.1,15.3,3.4,6.6,0.25,0.266304347826087,0.14855072463768115,0.15760869565217392,0.427536231884058,0.427536231884058,0.21920289855072464
1628983,Shai Gilgeous-Alexander,NBA,2024-25,Guard,G,76,34.2,32.7,6.4,5.0,1.7,1.0,2.4,21.8,8.8,5.7,0.336,0.25483091787439616,0.2723429951690821,0.21014492753623187,0.26268115942028986,0.26268115942028986,0.40398550724637683
1629003,Shake Milton,NBA,2024-25,Guard,G,57,14.7,5.5,1.8,1.8,0.4,0.1,0.7,4.5,1.0,1.9,0.162,0.21653543307086615,0.2874015748031496,0.07874015748031496,0.41732283464566927,0.41732283464566927,0.23228346456692914
1631321,Sidy Cissoko,NBA,2024-25,Guard,G,22,5.2,1.5,0.7,1.0,0.1,0.0,0.5,1.4,0.4,0.6,0.156,0.26666666666666666,0.26666666666666666,0.03333333333333333,0.43333333333333335,0.43333333333333335,0.3
1631323,Simone Fontecchio,NBA,2024-25,Wing,F,75,16.5,5.9,0.9,2.9,0.4,0.2,0.7,5.0,1.1,3.0,0.152,0.21179624664879357,0.10991957104557641,0.06970509383378017,0.6085790884718498,0.6085790884718498,0.225201072386059
1627746,Skal Labissiere,NBA,2024-25,,,4,3.0,1.3,0.3,0.8,0.0,0.0,0.0,1.0,0.0,0.3,0.129,,,,,,
203915,Spencer Dinwiddie,NBA,2024-25,Guard,G,79,27.0,11.0,4.4,2.6,0.9,0.2,1.3,8.6,3.1,4.1,0.175,0.17888563049853373,0.24486803519061584,0.09824046920821114,0.4780058651026393,0.4780058651026393,0.3563049853372434
1642461,Spencer Jones,NBA,2024-25,Wing,F,20,6.2,1.3,0.3,0.9,0.3,0.3,0.3,1.7,0.2,0.9,0.128,0.20588235294117646,0.23529411764705882,0.058823529411764705,0.5,0.5,0.08823529411764706
1630649,Stanley Umude,NBA,2024-25,Guard,G,22,3.9,0.7,0.2,0.8,0.1,0.3,0.1,1.2,0.2,0.7,0.137,0.11538461538461539,0.19230769230769232,0.11538461538461539,0.5769230769230769,0.5769230769230769,0.15384615384615385
201939,Stephen Curry,NBA,2024-25,Guard,G,70,32.2,24.5,6.0,4.4,1.1,0.4,2.9,18.0,4.3,11.2,0.286,0.1287758346581876,0.14467408585055644,0.10333863275039745,0.6232114467408585,0.6232114467408585,0.23767885532591415
1642264,Stephon Castle,NBA,2024-25,Guard,G,81,26.7,14.7,4.1,3.7,0.9,0.3,2.2,12.2,4.2,4.1,0.253,0.3714574898785425,0.18927125506072875,0.10222672064777327,0.33704453441295545,0.33704453441295545,0.3481781376518219
203500,Steven Adams,NBA,2024-25,Big,C,58,13.7,3.9,1.1,5.6,0.4,0.5,0.9,2.9,1.6,0.0,0.127,0.6766467065868264,0.31137724550898205,0.0,0.011976047904191617,0.011976047904191617,0.5568862275449101
1629004,Svi Mykhailiuk,NBA,2024-25,Wing,G-F,38,20.0,8.8,2.0,2.4,0.5,0.2,1.4,7.9,0.9,5.3,0.198,0.11920529801324503,0.1357615894039735,0.0728476821192053,0.6721854304635762,0.6721854304635762,0.11589403973509933
204456,T.J. McConnell,NBA,2024-25,Guard,G,79,17.9,9.1,4.4,2.4,1.1,0.3,1.4,7.9,1.0,0.6,0.226,0.3125,0.3942307692307692,0.21474358974358973,0.07852564102564102,0.07852564102564102,0.1233974358974359
201959,Taj Gibson,NBA,2024-25,Wing,F,37,11.1,2.9,0.6,3.2,0.2,0.5,0.7,2.6,0.5,0.1,0.132,0.631578947368421,0.2736842105263158,0.07368421052631578,0.021052631578947368,0.021052631578947368,0.21052631578947367
1629659,Talen Horton-Tucker,NBA,2024-25,Guard,G,58,12.5,6.5,1.4,1.7,0.4,0.2,0.7,5.0,1.7,2.1,0.208,0.43986254295532645,0.11683848797250859,0.024054982817869417,0.41924398625429554,0.41924398625429554,0.33676975945017185
1631106,Tari Eason,NBA,2024-25,Wing,F,57,24.9,12.0,1.5,6.4,1.7,0.9,1.1,9.8,1.8,3.2,0.185,0.43112701252236135,0.19320214669051877,0.046511627906976744,0.3291592128801431,0.3291592128801431,0.18604651162790697
1627752,Taurean Prince,NBA,2024-25,Wing,F,80,27.1,8.2,1.9,3.6,1.0,0.2,1.0,6.4,0.6,4.2,0.123,0.1926070038910506,0.10700389105058365,0.048638132295719845,0.6517509727626459,0.6517509727626459,0.0933852140077821
1641707,Taylor Hendricks,NBA,2024-25,Wing,F,3,24.8,4.7,0.7,5.0,1.7,1.3,0.7,6.0,1.3,4.0,0.113,0.1111111111111111,0.16666666666666666,0.05555555555555555,0.6666666666666666,0.6666666666666666,0.2222222222222222
1631386,Taze Moore,NBA,2024-25,,,2,9.9,3.0,0.5,4.0,1.0,0.0,1.0,5.0,1.0,2.0,0.224,0.2,0.3,0.1,0.4,0.4,0.2
1629611,Terance Mann,NBA,2024-25,Wing,G-F,67,21.1,7.7,1.8,3.0,0.7,0.2,0.7,6.2,1.0,2.4,0.145,0.3050847457627119,0.17433414043583534,0.12590799031476999,0.3946731234866828,0.3946731234866828,0.16464891041162227
1629056,Terence Davis,NBA,2024-25,Guard,G,1,7.9,0.0,1.0,1.0,0.0,0.0,0.0,2.0,0.0,1.0,0.111,,,,,,
1630545,Terrence Shannon Jr.,NBA,2024-25,Wing,G-F,32,10.6,4.3,1.0,1.5,0.2,0.2,0.5,3.6,0.7,1.0,0.166,0.42105263157894735,0.23684210526315788,0.07017543859649122,0.2719298245614035,0.2719298245614035,0.18421052631578946
1626179,Terry Rozier,NBA,2024-25,Guard,G,64,25.9,10.6,2.6,3.7,0.6,0.2,1.2,9.9,1.7,4.8,0.195,0.22677165354330708,0.1889763779527559,0.09921259842519685,0.48503937007874015,0.48503937007874015,0.1700787401574803
1630678,Terry Taylor,NBA,2024-25,,,3,2.1,0.0,0.7,0.3,0.0,0.0,0.0,0.3,0.0,0.0,0.067,,,,,,
1628418,Thomas Bryant,NBA,2024-25,Big,C-F,66,14.6,6.5,0.8,3.8,0.4,0.6,0.5,4.9,1.0,2.2,0.162,0.3894080996884735,0.11838006230529595,0.03115264797507788,0.46105919003115264,0.46105919003115264,0.19937694704049844
1642275,Tidjane Salaün,NBA,2024-25,Wing,F,60,20.7,5.9,1.2,4.7,0.5,0.2,1.0,5.8,1.6,3.4,0.15,0.22318840579710145,0.14492753623188406,0.03768115942028986,0.5942028985507246,0.5942028985507246,0.27246376811594203
203501,Tim Hardaway Jr.,NBA,2024-25,Wing,G-F,77,28.0,11.0,1.6,2.4,0.5,0.1,0.6,8.8,1.9,5.9,0.151,0.10735294117647058,0.09117647058823529,0.12941176470588237,0.6720588235294118,0.6720588235294118,0.21323529411764705
202699,Tobias Harris,NBA,2024-25,Wing,F,73,31.6,13.7,2.2,5.9,1.0,0.8,1.2,11.0,2.3,3.6,0.173,0.21987577639751552,0.29316770186335406,0.15900621118012423,0.3279503105590062,0.3279503105590062,0.2062111801242236
1642449,Tolu Smith,NBA,2024-25,Wing,F,1,22.4,14.0,0.0,8.0,0.0,0.0,2.0,9.0,3.0,0.0,0.2,1.0,0.0,0.0,0.0,0.0,0.3333333333333333
1628396,Tony Bradley,NBA,2024-25,Big,C-F,14,8.1,4.4,0.4,3.0,0.1,0.6,0.4,3.2,0.4,0.2,0.182,0.6888888888888889,0.2222222222222222,0.022222222222222223,0.06666666666666667,0.06666666666666667,0.13333333333333333
1628470,Torrey Craig,NBA,2024-25,Wing,F,26,12.1,4.2,0.7,2.8,0.3,0.5,0.3,3.5,0.5,2.5,0.139,0.16666666666666666,0.08888888888888889,0.011111111111111112,0.7333333333333333,0.7333333333333333,0.13333333333333333
1641787,Tosan Evbuomwan,NBA,2024-25,Wing,F,28,23.7,9.5,2.0,4.3,0.9,0.4,1.4,7.9,2.6,2.8,0.183,0.2909090909090909,0.29545454545454547,0.06363636363636363,0.35,0.35,0.33181818181818185
1641739,Toumani Camara,NBA,2024-25,Wing,F,78,32.7,11.3,2.2,5.8,1.5,0.6,1.4,9.2,1.6,4.6,0.143,0.35614525139664804,0.138268156424581,0.002793296089385475,0.5027932960893855,0.5027932960893855,0.17597765363128492
1629027,Trae Young,NBA,2024-25,Guard,G,76,36.0,24.2,11.6,3.1,1.2,0.2,4.7,18.1,7.4,8.4,0.285,0.15915697674418605,0.2616279069767442,0.11264534883720931,0.46656976744186046,0.46656976744186046,0.407703488372093
1631218,Trayce Jackson-Davis,NBA,2024-25,Wing,F,62,15.6,6.6,1.7,5.0,0.4,0.6,0.7,4.9,1.6,0.0,0.164,0.7086092715231788,0.2682119205298013,0.013245033112582781,0.009933774834437087,0.009933774834437087,0.33774834437086093
1630200,Tre Jones,NBA,2024-25,Guard,G,46,19.7,7.2,4.2,2.5,0.8,0.2,0.8,5.2,1.5,1.0,0.136,0.44537815126050423,0.29831932773109243,0.0546218487394958,0.20168067226890757,0.20168067226890757,0.2815126050420168
1630544,Tre Mann,NBA,2024-25,Guard,G,13,24.5,14.1,3.0,2.9,0.5,0.3,1.9,12.4,1.6,4.6,0.25,0.32298136645962733,0.19875776397515527,0.10559006211180125,0.37267080745341613,0.37267080745341613,0.13043478260869565
1630570,Trendon Watford,NBA,2024-25,Wing,G-F,44,20.7,10.2,2.6,3.6,0.6,0.3,1.9,8.0,2.8,2.0,0.226,0.3742857142857143,0.34,0.03428571428571429,0.25142857142857145,0.25142857142857145,0.3485714285714286
1642280,Trentyn Flowers,NBA,2024-25,Wing,F,6,4.4,1.8,0.0,0.7,0.0,0.0,0.2,1.8,0.5,0.3,0.194,0.45454545454545453,0.2727272727272727,0.09090909090909091,0.18181818181818182,0.18181818181818182,0.2727272727272727
1630243,Trevelin Queen,NBA,2024-25,Guard,G,31,13.9,4.9,1.2,1.7,1.0,0.3,0.7,4.7,0.7,2.5,0.176,0.3129251700680272,0.1292517006802721,0.034013605442176874,0.5238095238095238,0.5238095238095238,0.14285714285714285
1641725,Trey Alexander,NBA,2024-25,Guard,G,24,4.9,1.3,0.5,0.5,0.1,0.0,0.2,1.7,0.2,0.7,0.165,0.14634146341463414,0.17073170731707318,0.2682926829268293,0.4146341463414634,0.4146341463414634,0.0975609756097561
1641998,Trey Jemison III,NBA,2024-25,Big,C,38,10.3,2.5,0.4,2.8,0.2,0.4,0.6,1.9,0.9,0.0,0.121,0.6486486486486487,0.32432432432432434,0.02702702702702703,0.0,0.0,0.44594594594594594
1626168,Trey Lyles,NBA,2024-25,Wing,F,69,19.6,6.5,1.2,4.6,0.6,0.3,0.6,5.4,1.2,3.4,0.139,0.23796791443850268,0.08823529411764706,0.0374331550802139,0.6363636363636364,0.6363636363636364,0.21390374331550802
1630530,Trey Murphy III,NBA,2024-25,Wing,F,53,35.0,21.2,3.5,5.1,1.1,0.7,1.9,15.8,4.3,8.3,0.229,0.2526817640047676,0.17163289630512515,0.05363528009535161,0.5220500595947557,0.5220500595947557,0.27413587604290823
202684,Tristan Thompson,NBA,2024-25,Big,C-F,40,8.2,1.7,0.6,3.4,0.1,0.3,0.4,1.8,0.8,0.1,0.123,0.5211267605633803,0.4084507042253521,0.028169014084507043,0.04225352112676056,0.04225352112676056,0.4225352112676056
1641774,Tristan Vukcevic,NBA,2024-25,Wing,F,35,14.6,9.4,1.1,3.7,0.3,0.7,1.2,6.9,1.9,2.9,0.252,0.24793388429752067,0.22727272727272727,0.10330578512396695,0.4214876033057851,0.4214876033057851,0.2768595041322314
1641783,Tristan da Silva,NBA,2024-25,Wing,F,74,22.0,7.2,1.5,3.3,0.4,0.2,0.8,6.5,0.9,3.2,0.149,0.2650103519668737,0.18219461697722567,0.057971014492753624,0.494824016563147,0.494824016563147,0.13043478260869565
1641803,Tristen Newton,NBA,2024-25,Guard,G,8,2.0,0.4,0.3,0.5,0.1,0.0,0.3,1.0,0.1,0.4,0.185,0.125,0.5,0.0,0.375,0.375,0.125
1629660,Ty Jerome,NBA,2024-25,Wing,G-F,70,19.9,12.5,3.4,2.5,1.1,0.0,1.3,8.8,2.1,3.6,0.229,0.14724919093851133,0.33818770226537215,0.10517799352750809,0.40938511326860844,0.40938511326860844,0.23948220064724918
1631102,TyTy Washington Jr.,NBA,2024-25,Guard,G,16,7.4,2.2,1.0,0.8,0.2,0.0,0.2,2.8,0.4,1.3,0.187,0.022222222222222223,0.3111111111111111,0.2,0.4666666666666667,0.4666666666666667,0.13333333333333333
1629639,Tyler Herro,NBA,2024-25,Guard,G,77,35.4,23.9,5.5,5.2,0.9,0.2,2.6,17.9,4.2,8.7,0.271,0.16545718432510886,0.25181422351233673,0.0965166908563135,0.4862119013062409,0.4862119013062409,0.23730043541364296
1642278,Tyler Kolek,NBA,2024-25,Guard,G,41,7.2,2.0,1.7,0.7,0.3,0.1,0.4,2.0,0.4,1.1,0.152,0.18292682926829268,0.2073170731707317,0.036585365853658534,0.573170731707317,0.573170731707317,0.2073170731707317
1641890,Tyler Smith,NBA,2024-25,Wing,F,23,5.3,2.9,0.2,1.1,0.1,0.2,0.3,2.2,0.3,1.3,0.205,0.24,0.1,0.06,0.6,0.6,0.16
1630169,Tyrese Haliburton,NBA,2024-25,Guard,G,73,33.6,18.6,9.2,3.5,1.4,0.7,1.6,13.8,3.0,7.7,0.21,0.13021868787276342,0.15705765407554673,0.1540755467196819,0.558648111332008,0.558648111332008,0.220675944333996
1631213,Tyrese Martin,NBA,2024-25,Wing,F,60,21.9,8.7,2.0,3.7,0.6,0.2,1.2,7.8,1.0,4.7,0.179,0.16989247311827957,0.16559139784946236,0.05806451612903226,0.6064516129032258,0.6064516129032258,0.12473118279569892
1630178,Tyrese Maxey,NBA,2024-25,Guard,G,52,37.7,26.3,6.1,3.3,1.8,0.4,2.4,21.0,5.6,9.2,0.293,0.2923923006416132,0.18148487626031165,0.08799266727772685,0.4381301558203483,0.4381301558203483,0.2648945921173236
1630623,Tyson Etienne,NBA,2024-25,Guard,G,7,21.6,7.9,1.7,1.3,0.4,0.1,1.1,7.4,1.4,6.3,0.177,0.11538461538461539,0.019230769230769232,0.019230769230769232,0.8461538461538461,0.8461538461538461,0.19230769230769232
1626145,Tyus Jones,NBA,2024-25,Guard,G,81,26.8,10.2,5.3,2.4,0.9,0.1,1.1,8.4,0.7,5.0,0.16,0.08345534407027819,0.2445095168374817,0.0849194729136164,0.5871156661786238,0.5871156661786238,0.08345534407027819
1642279,Ulrich Chomche,NBA,2024-25,Big,C,7,4.6,0.7,0.3,1.1,0.0,0.1,0.3,0.7,0.3,0.0,0.108,0.4,0.4,0.2,0.0,0.0,0.4
203995,Vasilije Micic,NBA,2024-25,Guard,G,41,19.1,6.6,3.1,2.2,0.4,0.0,1.9,6.7,1.0,3.0,0.199,0.19047619047619047,0.1684981684981685,0.18315018315018314,0.45787545787545786,0.45787545787545786,0.15018315018315018
1641705,Victor Wembanyama,NBA,2024-25,Big,F-C,46,33.2,24.3,3.7,11.0,1.1,3.8,3.2,18.6,4.1,8.8,0.3,0.24154025670945156,0.12252042007001167,0.16569428238039674,0.47024504084014,0.47024504084014,0.220536756126021
1631246,Vince Williams Jr.,NBA,2024-25,Guard,G,27,18.5,6.6,2.0,3.6,0.4,0.3,1.2,6.2,0.9,3.5,0.166,0.18562874251497005,0.20359281437125748,0.041916167664670656,0.5688622754491018,0.5688622754491018,0.1437125748502994
1628427,Vlatko Cancar,NBA,2024-25,Wing,F,13,10.4,1.8,0.7,2.5,0.2,0.2,0.8,2.0,0.0,1.2,0.109,0.34615384615384615,0.07692307692307693,0.0,0.5769230769230769,0.5769230769230769,0.0
1630249,Vít Krejčí,NBA,2024-25,Guard,G,57,20.2,7.2,2.6,2.7,0.6,0.5,0.9,5.1,0.8,3.6,0.131,0.14726027397260275,0.1267123287671233,0.02054794520547945,0.7054794520547946,0.7054794520547946,0.1541095890410959
1631117,Walker Kessler,NBA,2024-25,Big,C,58,30.0,11.1,1.7,12.2,0.6,2.4,1.5,7.2,2.6,0.6,0.133,0.7684964200477327,0.14558472553699284,0.00477326968973747,0.081145584725537,0.081145584725537,0.3627684964200477
1628976,Wendell Carter Jr.,NBA,2024-25,Big,C-F,68,25.9,9.1,2.0,7.2,0.8,0.6,1.1,7.2,2.6,2.3,0.159,0.38085539714867617,0.18329938900203666,0.11405295315682282,0.32179226069246436,0.32179226069246436,0.3564154786150713
1631111,Wendell Moore Jr.,NBA,2024-25,Guard,G,36,13.9,4.2,1.2,2.6,0.6,0.1,0.8,3.5,0.6,1.1,0.133,0.42857142857142855,0.15873015873015872,0.0873015873015873,0.3253968253968254,0.3253968253968254,0.1746031746031746
1630214,Xavier Tillman,NBA,2024-25,Wing,F,33,7.0,1.0,0.2,1.3,0.3,0.2,0.4,1.6,0.1,1.0,0.125,0.18867924528301888,0.18867924528301888,0.018867924528301886,0.6037735849056604,0.6037735849056604,0.07547169811320754
1642530,Yuki Kawamura,NBA,2024-25,Guard,G,22,4.2,1.6,0.9,0.5,0.1,0.0,0.2,1.4,0.4,1.0,0.167,0.06666666666666667,0.06666666666666667,0.1,0.7666666666666667,0.7666666666666667,0.3
1641879,Yuri Collins,NBA,2024-25,,,2,8.2,1.0,2.0,1.5,1.0,0.0,0.0,1.5,0.0,0.0,0.068,0.0,0.6666666666666666,0.3333333333333333,0.0,0.0,0.0
1642274,Yves Missi,NBA,2024-25,Big,C,73,26.8,9.1,1.4,8.2,0.5,1.3,1.1,6.7,2.8,0.0,0.141,0.782520325203252,0.19715447154471544,0.018292682926829267,0.0020325203252032522,0.0020325203252032522,0.4146341463414634
1642258,Zaccharie Risacher,NBA,2024-25,Wing,F,75,24.6,12.6,1.2,3.6,0.7,0.5,1.2,10.4,2.0,4.6,0.203,0.337612323491656,0.1681643132220796,0.05263157894736842,0.441591784338896,0.441591784338896,0.19127086007702182
1628380,Zach Collins,NBA,2024-25,Big,F-C,64,15.3,6.4,1.7,4.5,0.5,0.5,0.9,4.7,1.2,1.7,0.166,0.40728476821192056,0.2185430463576159,0.019867549668874173,0.3543046357615894,0.3509933774834437,0.2582781456953642
1641744,Zach Edey,NBA,2024-25,Big,C,66,21.5,9.2,1.0,8.3,0.5,1.3,1.3,6.6,1.9,0.8,0.156,0.5658198614318707,0.2863741339491917,0.02771362586605081,0.12009237875288684,0.12009237875288684,0.29330254041570436
203897,Zach LaVine,NBA,2024-25,Guard,G,74,35.2,23.3,4.2,4.3,0.8,0.2,2.8,16.5,3.9,7.2,0.251,0.2804578904333606,0.107113654946852,0.17416189697465248,0.4382665576451349,0.4382665576451349,0.2330335241210139
1630192,Zeke Nnaji,NBA,2024-25,Big,F-C,57,10.7,3.2,0.4,1.6,0.4,0.7,0.2,2.5,0.8,0.9,0.119,0.49645390070921985,0.09219858156028368,0.0425531914893617,0.36879432624113473,0.36879432624113473,0.3120567375886525
1630533,Ziaire Williams,NBA,2024-25,Wing,F,63,24.5,10.0,1.3,4.6,1.0,0.4,1.1,8.3,2.0,4.8,0.179,0.28846153846153844,0.09807692307692308,0.032692307692307694,0.5807692307692308,0.5807692307692308,0.23653846153846153
1629627,Zion Williamson,NBA,2024-25,Wing,F,30,28.6,24.6,5.3,7.2,1.2,0.9,3.0,16.9,8.0,0.4,0.325,0.5590551181102362,0.39960629921259844,0.015748031496062992,0.025590551181102362,0.025590551181102362,0.4744094488188976
1642389,Zyon Pullin,NBA,2024-25,Guard,G,3,0.9,0.0,0.0,0.0,0.0,0.0,0.0,0.3,0.0,0.0,0.167,,,,,,
1628932,A'ja Wilson,WNBA,2025,Big,C,40,31.2,23.4,3.1,10.2,1.6,2.3,2.2,16.5,7.3,1.5,0.307,0.19756838905775076,0.4908814589665654,0.22188449848024316,0.08966565349544073,0.08966565349544073,0.44072948328267475
1642290,Aaliyah Edwards,WNBA,2025,Wing,F,36,14.8,5.4,0.6,3.7,0.6,0.4,1.1,4.3,2.4,0.3,0.188,0.461038961038961,0.2857142857142857,0.19480519480519481,0.05844155844155844,0.05844155844155844,0.564935064935065
1642801,Aaliyah Nye,WNBA,2025,Wing,G-F,44,15.3,3.8,0.5,1.5,0.3,0.2,0.6,3.9,0.4,2.7,0.132,0.11695906432748537,0.13450292397660818,0.05847953216374269,0.6900584795321637,0.6900584795321637,0.09941520467836257
1630462,Aari McDonald,WNBA,2025,Guard,G,20,26.3,9.8,4.7,2.4,1.3,0.2,2.3,7.7,2.6,3.9,0.182,0.3051948051948052,0.12337662337662338,0.06493506493506493,0.5064935064935064,0.5064935064935064,0.33116883116883117
1627672,Aerial Powers,WNBA,2025,Guard,G,10,16.7,7.4,2.0,3.9,0.8,0.1,1.1,6.5,1.9,1.9,0.214,0.24615384615384617,0.26153846153846155,0.2,0.2923076923076923,0.2923076923076923,0.2923076923076923
1642828,Ajae Petty,WNBA,2025,Big,C,2,3.2,0.0,0.0,0.5,0.0,0.0,0.0,0.0,0.0,0.0,0.0,,,,,,
1629501,Alanna Smith,WNBA,2025,Wing,F,42,26.5,9.6,2.9,5.1,1.3,1.9,1.5,7.9,1.5,3.8,0.172,0.396969696969697,0.06363636363636363,0.051515151515151514,0.48787878787878786,0.48787878787878786,0.19696969696969696
1628297,Alexis Prince,WNBA,2025,,,1,22.1,2.0,1.0,8.0,0.0,0.0,3.0,3.0,0.0,1.0,0.125,0.0,0.3333333333333333,0.3333333333333333,0.3333333333333333,0.3333333333333333,0.0
1642293,Alissa Pili,WNBA,2025,Wing,F,19,5.2,2.3,0.2,1.0,0.1,0.1,0.4,1.5,0.8,0.6,0.182,0.5,0.0,0.07142857142857142,0.42857142857142855,0.42857142857142855,0.5357142857142857
1641648,Aliyah Boston,WNBA,2025,Big,C-F,44,30.2,15.0,3.7,8.2,1.2,0.9,1.8,11.5,3.3,0.7,0.215,0.5079365079365079,0.3194444444444444,0.11507936507936507,0.057539682539682536,0.057539682539682536,0.2916666666666667
1628277,Allisha Gray,WNBA,2025,Guard,G,42,34.5,18.4,3.5,5.3,1.1,0.4,1.8,13.0,5.5,6.1,0.216,0.2692307692307692,0.20146520146520147,0.06227106227106227,0.46703296703296704,0.46703296703296704,0.4194139194139194
202252,Alysha Clark,WNBA,2025,Wing,F,42,19.7,3.9,1.2,2.8,0.6,0.1,0.5,3.8,0.6,2.3,0.104,0.16981132075471697,0.16981132075471697,0.05660377358490566,0.6037735849056604,0.6037735849056604,0.16352201257861634
203826,Alyssa Thomas,WNBA,2025,Wing,F,39,31.3,15.4,9.2,8.8,1.6,0.4,3.5,11.6,4.3,0.2,0.238,0.3576158940397351,0.4878587196467991,0.141280353200883,0.013245033112582781,0.013245033112582781,0.3730684326710817
1629539,Amy Okonkwo,WNBA,2025,Wing,F,8,19.6,11.0,0.8,3.1,1.4,0.1,0.9,7.6,2.5,3.8,0.207,0.2459016393442623,0.21311475409836064,0.04918032786885246,0.4918032786885246,0.4918032786885246,0.32786885245901637
1642797,Anastasiia Olairi Kosu,WNBA,2025,Wing,F,21,3.8,1.7,0.2,0.7,0.0,0.2,0.3,1.4,0.7,0.1,0.217,0.5517241379310345,0.3793103448275862,0.0,0.06896551724137931,0.06896551724137931,0.5172413793103449
1642800,Aneesah Morrow,WNBA,2025,Wing,F,41,18.9,7.7,0.5,6.9,0.8,0.4,1.1,7.3,2.3,1.8,0.212,0.3879598662207358,0.21739130434782608,0.14381270903010032,0.2508361204013378,0.2508361204013378,0.3177257525083612
1642291,Angel Reese,WNBA,2025,Wing,F,30,31.6,14.7,3.7,12.6,1.5,0.7,3.9,11.1,5.7,0.7,0.233,0.6856287425149701,0.20958083832335328,0.038922155688622756,0.0658682634730539,0.0658682634730539,0.5149700598802395
1628878,Ariel Atkins,WNBA,2025,Guard,G,34,28.5,13.1,3.6,3.4,1.6,0.7,2.5,10.7,2.7,3.5,0.216,0.1232876712328767,0.2356164383561644,0.3150684931506849,0.32602739726027397,0.32602739726027397,0.2547945205479452
1629481,Arike Ogunbowale,WNBA,2025,Guard,G,29,33.3,15.5,4.1,2.5,1.3,0.2,2.1,13.9,4.0,5.4,0.221,0.1188118811881188,0.2103960396039604,0.27970297029702973,0.3910891089108911,0.3910891089108911,0.2871287128712871
1642793,Aziaha James,WNBA,2025,Guard,G,38,17.7,7.5,1.6,2.9,0.6,0.2,1.0,7.5,1.4,2.9,0.211,0.16901408450704225,0.28169014084507044,0.15492957746478872,0.39436619718309857,0.39436619718309857,0.1936619718309859
1628922,Azura Stevens,WNBA,2025,Big,F-C,44,28.4,12.8,2.1,8.0,1.2,1.1,1.5,9.7,2.3,4.4,0.187,0.34894613583138173,0.13348946135831383,0.06323185011709602,0.45433255269320844,0.45433255269320844,0.234192037470726
1627668,Breanna Stewart,WNBA,2025,Wing,F,31,30.6,18.3,3.5,6.5,1.4,1.4,1.9,13.2,6.5,2.8,0.261,0.29901960784313725,0.3602941176470588,0.12745098039215685,0.21323529411764705,0.21323529411764705,0.4950980392156863
1642788,Bree Hall,WNBA,2025,Guard,G,4,4.4,0.8,0.0,0.8,0.0,0.0,0.8,1.3,0.8,0.5,0.237,0.2,0.2,0.2,0.4,0.4,0.6
203829,Bria Hartley,WNBA,2025,Guard,G,38,22.8,8.9,3.1,2.0,0.8,0.0,1.8,7.7,2.4,3.9,0.201,0.1945392491467577,0.13651877133105803,0.16723549488054607,0.5017064846416383,0.5017064846416383,0.31399317406143346
1629488,Brianna Turner,WNBA,2025,Big,F-C,27,8.6,1.1,0.6,1.9,0.1,0.3,0.3,1.2,0.3,0.0,0.084,0.6875,0.125,0.15625,0.03125,0.03125,0.25
1629524,Bridget Carleton,WNBA,2025,Wing,F,44,27.9,6.5,2.0,3.6,0.8,0.3,0.8,5.8,0.6,3.8,0.109,0.11023622047244094,0.11023622047244094,0.1141732283464567,0.6653543307086615,0.6653543307086615,0.0984251968503937
1628280,Brionna Jones,WNBA,2025,Wing,F,44,26.6,12.8,2.2,7.3,1.1,0.8,1.5,9.7,3.0,1.0,0.201,0.6112412177985949,0.22482435597189696,0.05620608899297424,0.10772833723653395,0.10772833723653395,0.3091334894613583
203398,Brittney Griner,WNBA,2025,Big,C,39,20.8,9.8,0.8,5.2,0.1,1.2,1.5,7.7,2.2,0.5,0.215,0.33222591362126247,0.38205980066445183,0.22259136212624583,0.06312292358803986,0.06312292358803986,0.2823920265780731
1628279,Brittney Sykes,WNBA,2025,Guard,G,39,30.6,14.1,4.0,3.2,1.2,0.4,2.5,11.7,5.6,2.6,0.237,0.3413566739606127,0.24945295404814005,0.18599562363238512,0.22319474835886213,0.22319474835886213,0.47921225382932164
1642286,Caitlin Clark,WNBA,2025,Guard,G,13,31.0,16.5,8.8,5.0,1.6,0.5,5.1,15.1,3.8,8.0,0.287,0.18877551020408162,0.1377551020408163,0.14285714285714285,0.5306122448979592,0.5306122448979592,0.25510204081632654
1642287,Cameron Brink,WNBA,2025,Wing,F,19,12.9,5.1,0.5,4.3,0.5,1.4,1.3,4.3,1.1,1.8,0.198,0.32926829268292684,0.18292682926829268,0.07317073170731707,0.4146341463414634,0.4146341463414634,0.25609756097560976
1642344,Camryn Taylor,WNBA,2025,Wing,F,6,3.8,0.5,0.2,1.0,0.0,0.0,0.5,1.2,0.3,0.5,0.193,0.2857142857142857,0.14285714285714285,0.14285714285714285,0.42857142857142855,0.42857142857142855,0.2857142857142857
1642304,Carla Leite,WNBA,2025,Guard,G,37,17.2,7.2,2.0,1.3,0.7,0.1,1.5,6.0,2.7,2.0,0.223,0.15765765765765766,0.33783783783783783,0.16666666666666666,0.33783783783783783,0.33783783783783783,0.44594594594594594
1628508,Cecilia Zandalasini,WNBA,2025,Wing,F,19,23.7,10.5,1.7,2.9,0.9,0.2,1.3,7.9,1.7,4.8,0.195,0.08,0.16,0.15333333333333332,0.6066666666666667,0.6066666666666667,0.21333333333333335
203833,Chelsea Gray,WNBA,2025,Guard,G,44,31.1,11.2,5.4,3.9,1.4,0.6,2.8,8.8,2.4,3.9,0.175,0.07272727272727272,0.2025974025974026,0.2805194805194805,0.44415584415584414,0.44415584415584414,0.2701298701298701
204323,Cheyenne Parker-Tyus,WNBA,2025,Wing,F,2,7.0,8.0,0.0,1.0,0.0,0.0,0.5,4.0,3.0,1.0,0.353,,,,,,
1631064,Chloe Bibby,WNBA,2025,Wing,F,14,11.0,4.8,0.5,1.8,0.6,0.1,0.5,3.9,0.6,3.0,0.172,0.01818181818181818,0.07272727272727272,0.14545454545454545,0.7636363636363637,0.7636363636363637,0.16363636363636364
1631090,Christyn Williams,WNBA,2025,Guard,G,4,11.2,4.3,0.8,1.0,0.0,0.0,0.3,4.0,1.5,1.0,0.194,0.125,0.4375,0.1875,0.25,0.25,0.375
202664,Courtney Vandersloot,WNBA,2025,Guard,G,7,27.2,10.6,5.3,3.1,1.6,0.3,2.4,9.4,1.9,3.3,0.178,0.25757575757575757,0.24242424242424243,0.15151515151515152,0.3484848484848485,0.3484848484848485,0.19696969696969696
1627675,Courtney Williams,WNBA,2025,Guard,G,44,28.6,13.6,6.2,4.9,1.3,0.3,2.3,13.2,1.2,3.4,0.249,0.10689655172413794,0.12413793103448276,0.5120689655172413,0.25689655172413794,0.25689655172413794,0.09137931034482759
204325,Crystal Bradford,WNBA,2025,,,4,6.0,1.0,0.3,1.3,0.5,0.0,0.3,1.5,0.0,0.5,0.121,0.16666666666666666,0.3333333333333333,0.16666666666666666,0.3333333333333333,0.3333333333333333,0.0
203024,Damiris Dantas,WNBA,2025,Big,C-F,38,11.5,4.6,0.7,2.4,0.2,0.1,0.8,4.8,0.7,2.5,0.209,0.13812154696132597,0.2154696132596685,0.12154696132596685,0.5248618784530387,0.5248618784530387,0.15469613259668508
1630389,Dana Evans,WNBA,2025,Guard,G,44,17.7,6.6,2.2,1.1,0.4,0.1,0.8,6.3,1.2,2.3,0.191,0.12,0.3381818181818182,0.17454545454545456,0.36727272727272725,0.36727272727272725,0.19272727272727272
201886,DeWanna Bonner,WNBA,2025,Wing,G-F,33,23.6,9.8,1.2,4.2,0.8,0.3,0.8,7.8,2.6,3.6,0.181,0.2723735408560311,0.11673151750972763,0.14396887159533073,0.4669260700389105,0.4669260700389105,0.3346303501945525
204324,Dearica Hamby,WNBA,2025,Wing,F,44,31.2,18.4,3.3,7.9,1.6,0.5,2.7,12.9,5.4,1.2,0.246,0.6360424028268551,0.2579505300353357,0.01060070671378092,0.09540636042402827,0.09540636042402827,0.4169611307420495
1630096,DiJonai Carrington,WNBA,2025,Wing,G-F,31,21.9,9.8,1.5,4.0,1.1,0.4,1.9,8.9,2.6,2.3,0.231,0.35379061371841153,0.2924187725631769,0.09386281588447654,0.259927797833935,0.259927797833935,0.296028880866426
1641649,Diamond Miller,WNBA,2025,Wing,F,40,10.9,4.0,0.8,1.3,0.3,0.2,0.9,3.4,1.2,1.3,0.178,0.35074626865671643,0.19402985074626866,0.07462686567164178,0.3805970149253731,0.3805970149253731,0.34328358208955223
1642798,Dominique Malonga,WNBA,2025,Big,C,42,14.3,7.7,0.9,4.6,0.4,0.7,1.1,6.3,1.2,0.4,0.239,0.49809885931558934,0.34600760456273766,0.08745247148288973,0.06844106463878327,0.06844106463878327,0.19391634980988592
1642295,Elizabeth Kitley,WNBA,2025,,,12,8.2,1.3,0.1,1.4,0.3,0.5,0.6,1.9,0.2,0.1,0.142,0.34782608695652173,0.4782608695652174,0.13043478260869565,0.043478260869565216,0.043478260869565216,0.08695652173913043
204322,Elizabeth Williams,WNBA,2025,Big,C-F,43,21.1,8.5,1.8,5.2,0.7,0.9,1.3,7.6,1.9,0.0,0.201,0.5045871559633027,0.3944954128440367,0.10091743119266056,0.0,0.0,0.24770642201834864
1631083,Emily Engstler,WNBA,2025,Wing,F,40,12.8,3.7,1.5,3.3,0.7,0.7,1.0,3.4,0.9,1.6,0.157,0.26119402985074625,0.208955223880597,0.05970149253731343,0.4701492537313433,0.4701492537313433,0.26865671641791045
1628242,Emma Cannon,WNBA,2025,Wing,F,21,10.1,4.4,0.4,1.8,0.5,0.0,0.8,3.0,1.1,1.7,0.178,0.25396825396825395,0.09523809523809523,0.07936507936507936,0.5714285714285714,0.5714285714285714,0.36507936507936506
203416,Emma Meesseman,WNBA,2025,Wing,F,17,25.9,13.4,3.2,5.1,1.2,0.8,2.1,9.4,2.2,1.2,0.221,0.25157232704402516,0.34591194968553457,0.27044025157232704,0.1320754716981132,0.1320754716981132,0.23270440251572327
204365,Erica Wheeler,WNBA,2025,Guard,G,44,25.6,10.3,3.3,2.7,1.3,0.2,1.5,9.5,1.1,4.6,0.197,0.1261904761904762,0.1880952380952381,0.2,0.4857142857142857,0.4857142857142857,0.11904761904761904
1629496,Ezi Magbegor,WNBA,2025,Big,F-C,44,27.3,8.0,2.1,6.2,0.7,2.2,1.0,6.5,1.9,1.1,0.136,0.46853146853146854,0.3181818181818182,0.045454545454545456,0.16783216783216784,0.16783216783216784,0.2902097902097902
1628931,Gabby Williams,WNBA,2025,Wing,F,44,31.6,11.6,4.2,4.3,2.3,0.5,1.9,10.7,1.7,3.7,0.186,0.2622601279317697,0.21748400852878466,0.17057569296375266,0.34968017057569295,0.34968017057569295,0.15991471215351813
1641658,Grace Berger,WNBA,2025,Guard,G,19,22.0,3.4,3.1,3.3,0.7,0.4,1.1,4.7,0.8,1.2,0.118,0.25842696629213485,0.33707865168539325,0.14606741573033707,0.25842696629213485,0.25842696629213485,0.16853932584269662
1642817,Hailey Van Lith,WNBA,2025,Guard,G,29,12.4,3.5,1.6,1.1,0.4,0.1,1.2,3.8,1.1,1.1,0.192,0.26605504587155965,0.22018348623853212,0.22935779816513763,0.28440366972477066,0.28440366972477066,0.28440366972477066
1641650,Haley Jones,WNBA,2025,Wing,F-G,28,21.2,7.3,2.3,3.5,0.8,0.8,1.7,6.7,1.3,1.4,0.178,0.3723404255319149,0.3404255319148936,0.0797872340425532,0.2074468085106383,0.2074468085106383,0.18617021276595744
203863,Haley Peters,WNBA,2025,Wing,F-G,33,11.5,2.1,0.8,2.2,0.3,0.1,0.7,2.5,0.4,1.2,0.126,0.21951219512195122,0.15853658536585366,0.14634146341463414,0.47560975609756095,0.47560975609756095,0.15853658536585366
1630387,Iliana Rupert,WNBA,2025,Big,C,21,23.2,9.3,1.6,3.9,0.6,0.6,1.0,7.3,0.8,5.0,0.172,0.10457516339869281,0.1437908496732026,0.0718954248366013,0.6797385620915033,0.6797385620915033,0.10457516339869281
204330,Isabelle Harrison,WNBA,2025,Wing,F,34,10.6,4.9,0.7,2.6,0.6,0.1,0.7,3.9,1.3,0.4,0.211,0.373134328358209,0.3805970149253731,0.13432835820895522,0.11194029850746269,0.11194029850746269,0.3208955223880597
1642808,JJ Quinerly,WNBA,2025,Guard,G,34,15.9,6.5,2.3,1.9,0.9,0.2,1.5,5.5,1.3,1.6,0.2,0.30851063829787234,0.3191489361702128,0.0851063829787234,0.2872340425531915,0.2872340425531915,0.2393617021276596
1629498,Jackie Young,WNBA,2025,Guard,G,44,30.4,16.5,5.1,4.5,1.3,0.4,2.2,12.4,3.2,5.1,0.231,0.16819012797074953,0.33089579524680074,0.09323583180987204,0.4076782449725777,0.4076782449725777,0.2595978062157221
1642292,Jacy Sheldon,WNBA,2025,Guard,G,30,23.6,7.5,1.9,1.9,0.9,0.2,1.0,5.9,0.8,3.0,0.136,0.20786516853932585,0.11797752808988764,0.16292134831460675,0.5112359550561798,0.5112359550561798,0.1404494382022472
1631141,Jade Melbourne,WNBA,2025,Guard,G,43,23.4,5.9,2.9,1.9,0.6,0.2,1.7,5.2,1.7,2.2,0.142,0.3288888888888889,0.2,0.04888888888888889,0.4222222222222222,0.4222222222222222,0.3244444444444444
1642240,Jaelyn Brown,WNBA,2025,,,10,13.1,3.7,0.1,1.2,0.5,0.2,0.5,3.7,0.2,1.8,0.141,0.10810810810810811,0.08108108108108109,0.32432432432432434,0.4864864864864865,0.4864864864864865,0.05405405405405406
1642767,Janelle Salaun,WNBA,2025,Wing,F,36,27.0,11.3,1.2,5.1,0.6,0.1,1.5,10.1,1.7,4.8,0.205,0.13535911602209943,0.12430939226519337,0.26519337016574585,0.47513812154696133,0.47513812154696133,0.1712707182320442
1642320,Jaylyn Sherrod,WNBA,2025,Guard,G,26,5.5,1.2,0.5,0.6,0.4,0.0,0.5,1.1,0.5,0.5,0.136,0.25,0.17857142857142858,0.10714285714285714,0.4642857142857143,0.4642857142857143,0.4642857142857143
1629491,Jessica Shepard,WNBA,2025,Wing,F,40,20.9,8.0,2.6,7.3,0.5,0.1,1.5,5.2,2.6,0.0,0.16,0.6666666666666666,0.22705314009661837,0.10144927536231885,0.004830917874396135,0.004830917874396135,0.4975845410628019
204319,Jewell Loyd,WNBA,2025,Guard,G,44,28.3,11.2,1.8,3.2,1.2,0.3,1.2,9.7,1.6,6.0,0.179,0.0936768149882904,0.16627634660421545,0.12646370023419204,0.6135831381733021,0.6135831381733021,0.16627634660421545
1627673,Jonquel Jones,WNBA,2025,Big,C,31,26.8,13.6,2.7,8.1,0.5,1.1,2.1,9.9,2.9,4.0,0.223,0.3104575163398693,0.19281045751633988,0.08823529411764706,0.4084967320261438,0.4084967320261438,0.2973856209150327
1628886,Jordin Canada,WNBA,2025,Guard,G,28,28.0,11.2,5.7,3.3,1.7,0.3,2.2,9.8,3.4,3.1,0.208,0.3663003663003663,0.26373626373626374,0.054945054945054944,0.315018315018315,0.315018315018315,0.3516483516483517
1630115,Joyner Holmes,WNBA,2025,,,6,4.8,1.2,0.0,1.0,0.0,0.0,0.3,2.0,0.0,0.8,0.233,0.08333333333333333,0.25,0.25,0.4166666666666667,0.4166666666666667,0.0
1627700,Julie Allemand,WNBA,2025,Guard,G,34,28.3,5.4,5.0,3.7,1.3,0.0,1.6,4.7,0.6,3.0,0.099,0.3018867924528302,0.03773584905660377,0.025157232704402517,0.6352201257861635,0.6352201257861635,0.11949685534591195
1642210,Julie Vanloo,WNBA,2025,Guard,G,35,12.8,2.8,1.9,0.9,0.4,0.0,1.4,3.2,0.3,2.6,0.156,0.05405405405405406,0.07207207207207207,0.04504504504504504,0.8288288288288288,0.8288288288288288,0.09009009009009009
1627674,Kahleah Copper,WNBA,2025,Wing,G-F,28,26.9,15.6,1.5,2.9,1.1,0.2,2.2,12.9,3.1,5.4,0.27,0.28254847645429365,0.1772853185595568,0.12188365650969529,0.4182825484764543,0.4182825484764543,0.24376731301939059
1630097,Kaila Charles,WNBA,2025,Wing,G-F,35,17.6,6.4,1.0,4.3,0.8,0.2,1.1,5.4,1.4,2.1,0.175,0.2553191489361702,0.26063829787234044,0.10106382978723404,0.3829787234042553,0.3829787234042553,0.26063829787234044
1642822,Kaitlyn Chen,WNBA,2025,Guard,G,24,10.3,2.0,1.0,0.9,0.2,0.0,0.8,2.1,0.3,0.6,0.12,0.22,0.36,0.12,0.3,0.3,0.14
1629480,Kalani Brown,WNBA,2025,Big,C,29,12.8,5.1,0.6,4.0,0.2,0.6,0.8,3.3,1.2,0.3,0.154,0.7083333333333334,0.15625,0.052083333333333336,0.08333333333333333,0.08333333333333333,0.3645833333333333
1630154,Kamiah Smalls,WNBA,2025,,,3,1.1,0.0,0.0,0.0,0.0,0.0,0.0,0.0,0.0,0.0,0.0,,,,,,
1642289,Kamilla Cardoso,WNBA,2025,Big,C,40,27.6,13.6,2.5,8.5,0.4,1.2,2.4,10.6,3.3,0.1,0.225,0.6753554502369669,0.2772511848341232,0.04265402843601896,0.004739336492890996,0.004739336492890996,0.31516587677725116
1642773,Kariata Diaby,WNBA,2025,,,13,8.0,1.9,0.4,1.0,0.5,0.1,0.9,1.1,1.1,0.0,0.133,0.6428571428571429,0.21428571428571427,0.14285714285714285,0.0,0.0,1.0
1628317,Karlie Samuelson,WNBA,2025,,,16,14.2,3.3,1.1,1.3,0.4,0.1,0.7,2.6,0.9,2.1,0.115,0.047619047619047616,0.07142857142857142,0.07142857142857142,0.8095238095238095,0.8095238095238095,0.3333333333333333
1642324,Kate Martin,WNBA,2025,Guard,G,42,16.4,6.2,1.0,2.7,0.4,0.1,0.8,6.3,1.0,4.4,0.202,0.10902255639097744,0.13909774436090225,0.06015037593984962,0.6917293233082706,0.6917293233082706,0.15413533834586465
1628957,Kathryn Westbeld,WNBA,2025,Wing,F,43,18.4,5.1,0.9,2.5,0.8,0.6,0.6,5.0,0.7,3.0,0.137,0.2186046511627907,0.13023255813953488,0.04186046511627907,0.6093023255813953,0.6093023255813953,0.14883720930232558
203825,Kayla McBride,WNBA,2025,Guard,G,39,31.3,14.2,3.5,2.3,1.3,0.1,1.7,11.0,2.7,6.7,0.197,0.11682242990654206,0.12383177570093458,0.14953271028037382,0.6098130841121495,0.6098130841121495,0.24532710280373832
203866,Kayla Thornton,WNBA,2025,Wing,F,22,30.1,14.0,1.5,7.0,1.3,0.2,1.6,12.5,3.7,6.5,0.227,0.15217391304347827,0.2391304347826087,0.09420289855072464,0.5144927536231884,0.5144927536231884,0.2971014492753623
1628909,Kelsey Mitchell,WNBA,2025,Guard,G,44,31.4,20.2,3.4,1.8,0.9,0.2,1.8,15.7,4.3,6.4,0.264,0.30101302460202606,0.11577424023154848,0.17510853835021709,0.4081041968162084,0.4081041968162084,0.27496382054992763
1628276,Kelsey Plum,WNBA,2025,Guard,G,43,35.1,19.5,5.7,3.1,1.2,0.1,3.0,14.4,5.7,6.5,0.246,0.22815533980582525,0.2605177993527508,0.059870550161812294,0.45145631067961167,0.45145631067961167,0.3948220064724919
1629568,Kennedy Burke,WNBA,2025,Wing,G-F,36,21.6,8.1,1.3,2.4,0.8,0.4,0.9,6.1,1.5,3.1,0.155,0.2981651376146789,0.1743119266055046,0.01834862385321101,0.5091743119266054,0.5091743119266054,0.24770642201834864
1628915,Kia Nurse,WNBA,2025,Guard,G,44,21.9,7.2,1.3,2.3,0.3,0.0,1.3,6.6,1.4,4.1,0.165,0.13745704467353953,0.11683848797250859,0.12027491408934708,0.6254295532646048,0.6254295532646048,0.21305841924398625
204329,Kiah Stokes,WNBA,2025,Big,C,40,12.9,1.1,0.4,3.6,0.4,0.4,0.4,1.3,0.2,0.6,0.06,0.3137254901960784,0.19607843137254902,0.0392156862745098,0.45098039215686275,0.45098039215686275,0.1568627450980392
1630461,Kiana Williams,WNBA,2025,Guard,G,11,9.7,4.1,0.9,1.0,0.3,0.0,0.5,3.6,0.4,2.4,0.198,0.1,0.125,0.125,0.65,0.65,0.1
1631006,Kierstan Bell,WNBA,2025,Wing,F,35,12.2,4.2,0.7,1.8,0.4,0.3,0.5,4.4,0.4,2.9,0.183,0.1038961038961039,0.12337662337662338,0.1038961038961039,0.6688311688311688,0.6688311688311688,0.09740259740259741
1642792,Kiki Iriafen,WNBA,2025,Wing,F,44,26.9,13.3,1.6,8.5,0.6,0.2,2.2,10.3,4.0,0.3,0.231,0.5076923076923077,0.23736263736263735,0.23076923076923078,0.024175824175824177,0.024175824175824177,0.3868131868131868
1629490,Kitija Laksa,WNBA,2025,Guard,G,33,19.0,5.9,0.6,1.2,0.4,0.2,0.6,5.5,1.0,3.6,0.144,0.06111111111111111,0.08333333333333333,0.18888888888888888,0.6666666666666666,0.6666666666666666,0.17777777777777778
1642768,Kyara Linskens,WNBA,2025,,,4,6.7,1.0,0.3,1.5,0.3,0.8,0.5,1.3,0.0,0.3,0.106,0.6,0.2,0.0,0.2,0.2,0.0
1643154,Kyra Lambert,WNBA,2025,,,1,0.1,0.0,0.0,0.0,0.0,0.0,0.0,0.0,0.0,0.0,0.0,,,,,,
1641656,Laeticia Amihere,WNBA,2025,Wing,F,29,13.3,5.4,0.9,4.3,0.6,0.4,1.1,3.9,2.2,0.7,0.197,0.4473684210526316,0.3508771929824561,0.017543859649122806,0.18421052631578946,0.18421052631578946,0.5526315789473685
1642303,Leila Lacan,WNBA,2025,Guard,G,25,26.6,10.4,3.7,2.4,2.2,0.2,1.9,8.7,1.7,2.7,0.185,0.3165137614678899,0.19724770642201836,0.17889908256880735,0.3073394495412844,0.3073394495412844,0.1926605504587156
1630142,Leonie Fiebich,WNBA,2025,Wing,F,37,28.1,8.7,1.7,3.5,0.9,0.4,1.2,6.0,1.7,3.2,0.127,0.26244343891402716,0.13574660633484162,0.058823529411764705,0.5429864253393665,0.5429864253393665,0.28054298642533937
1631118,Lexi Held,WNBA,2025,Guard,G,32,14.7,5.3,1.1,1.1,0.7,0.2,0.9,5.1,0.7,2.8,0.182,0.14634146341463414,0.1402439024390244,0.15853658536585366,0.5548780487804879,0.5548780487804879,0.13414634146341464
1628882,Lexie Brown,WNBA,2025,Guard,G,24,9.4,2.1,1.0,0.7,0.4,0.0,0.3,2.0,0.4,1.5,0.114,0.125,0.041666666666666664,0.0625,0.7708333333333334,0.7708333333333334,0.20833333333333334
1631086,Lexie Hull,WNBA,2025,Guard,G,44,27.0,7.2,1.8,4.3,1.2,0.2,0.9,6.8,0.8,3.4,0.129,0.22408026755852842,0.15719063545150502,0.11705685618729098,0.5016722408026756,0.5016722408026756,0.12040133779264214
1629574,Li Yueru,WNBA,2025,Big,C,31,16.8,6.0,0.9,4.5,0.3,0.3,1.0,4.9,1.6,1.8,0.167,0.35294117647058826,0.17647058823529413,0.1111111111111111,0.35947712418300654,0.35947712418300654,0.32679738562091504
1642820,Liatu King,WNBA,2025,,,14,9.7,2.7,0.3,2.1,0.1,0.0,0.8,1.9,1.1,0.4,0.133,0.25925925925925924,0.48148148148148145,0.037037037037037035,0.2222222222222222,0.2222222222222222,0.5555555555555556
1628263,Lindsay Allen,WNBA,2025,Guard,G,31,14.5,2.4,2.0,1.0,0.3,0.2,1.0,2.1,0.7,0.6,0.105,0.27692307692307694,0.3230769230769231,0.12307692307692308,0.27692307692307694,0.27692307692307694,0.35384615384615387
1642802,Lucy Olsen,WNBA,2025,Guard,G,41,12.4,4.0,1.2,1.2,0.4,0.1,0.5,3.9,0.4,1.7,0.157,0.0880503144654088,0.18238993710691823,0.2893081761006289,0.44025157232704404,0.44025157232704404,0.1069182389937107
1630143,Luisa Geiselsoder,WNBA,2025,Big,C,28,22.4,6.9,1.6,4.8,0.8,0.7,1.0,6.4,0.4,3.4,0.144,0.1340782122905028,0.18994413407821228,0.15083798882681565,0.5251396648044693,0.5251396648044693,0.061452513966480445
1642307,Mackenzie Holmes,WNBA,2025,Wing,F,10,5.8,1.0,0.2,0.9,0.5,0.1,0.0,0.7,0.0,0.0,0.056,0.42857142857142855,0.2857142857142857,0.2857142857142857,0.0,0.0,0.0
1641652,Maddy Siegrist,WNBA,2025,Wing,F,26,27.0,12.7,0.8,4.3,0.7,0.6,0.5,10.3,2.2,3.1,0.184,0.30111524163568776,0.27137546468401486,0.12639405204460966,0.30111524163568776,0.30111524163568776,0.21561338289962825
1642818,Maddy Westbeld,WNBA,2025,Wing,F,26,13.6,4.1,0.9,2.4,0.5,0.3,0.6,4.0,0.6,1.7,0.165,0.13333333333333333,0.22857142857142856,0.22857142857142856,0.4095238095238095,0.4095238095238095,0.1523809523809524
1642810,Madison Scott,WNBA,2025,Wing,G-F,9,5.2,1.6,0.2,0.1,0.2,0.0,0.1,1.2,0.4,0.1,0.126,0.45454545454545453,0.18181818181818182,0.2727272727272727,0.09090909090909091,0.09090909090909091,0.36363636363636365
1642815,Makayla Timpson,WNBA,2025,Big,F-C,31,7.1,2.6,0.0,1.8,0.4,0.3,0.3,1.8,0.9,0.0,0.155,0.631578947368421,0.3508771929824561,0.017543859649122806,0.0,0.0,0.47368421052631576
1642841,Mamignan Toure,WNBA,2025,Guard,G,18,8.2,2.0,0.5,0.4,0.4,0.0,0.4,2.2,0.0,1.2,0.135,0.15384615384615385,0.15384615384615385,0.1282051282051282,0.5641025641025641,0.5641025641025641,0.0
1628926,Maria Kliundikova,WNBA,2025,Wing,F,34,11.0,4.4,0.6,3.0,0.7,0.8,0.7,3.8,0.6,0.7,0.183,0.484375,0.203125,0.1171875,0.1953125,0.1953125,0.1640625
1629497,Marina Mabrey,WNBA,2025,Guard,G,35,31.5,14.4,4.0,4.2,0.7,0.3,2.8,13.9,2.6,7.0,0.248,0.16393442622950818,0.1557377049180328,0.18032786885245902,0.5,0.5,0.1885245901639344
1629546,Marine Johannes,WNBA,2025,Guard,G,44,18.3,6.4,1.6,1.9,0.6,0.3,1.2,5.7,0.4,4.3,0.17,0.08333333333333333,0.0992063492063492,0.06746031746031746,0.75,0.75,0.07539682539682539
1642763,Marième Badiane,WNBA,2025,,,3,3.6,0.0,0.0,0.3,0.7,0.0,0.7,1.0,0.0,0.3,0.185,,,,,,
1642301,Marquesha Davis,WNBA,2025,,,11,4.7,0.9,0.1,0.6,0.0,0.2,0.5,0.9,0.6,0.4,0.16,0.1,0.1,0.4,0.4,0.4,0.7
1630471,Maya Caldwell,WNBA,2025,Guard,G,41,18.5,5.4,1.8,3.1,0.9,0.2,1.0,4.8,0.5,2.7,0.14,0.22564102564102564,0.11794871794871795,0.09230769230769231,0.5641025641025641,0.5641025641025641,0.10256410256410256
1629484,Megan DiLeo,WNBA,2025,Big,C,20,11.3,3.0,0.3,1.8,0.2,0.3,0.3,2.9,0.8,2.0,0.131,0.08771929824561403,0.19298245614035087,0.03508771929824561,0.6842105263157895,0.6842105263157895,0.2631578947368421
1642799,Megan McConnell,WNBA,2025,,,1,12.6,3.0,3.0,1.0,1.0,0.0,0.0,4.0,0.0,2.0,0.129,0.5,0.0,0.0,0.5,0.5,0.0
1628920,Mercedes Russell,WNBA,2025,,,20,8.2,1.7,0.6,1.2,0.3,0.2,0.4,1.4,0.7,0.0,0.108,0.37037037037037035,0.5555555555555556,0.07407407407407407,0.0,0.0,0.5185185185185185
1630446,Michaela Onyenwere,WNBA,2025,Wing,F,42,16.9,5.8,1.1,1.6,0.4,0.1,1.3,5.0,1.2,1.6,0.176,0.3222748815165877,0.27488151658767773,0.08056872037914692,0.3222748815165877,0.3222748815165877,0.24170616113744076
1642777,Monique Akoa Makani,WNBA,2025,Guard,G,41,21.5,7.7,2.7,2.2,0.8,0.1,1.3,6.5,1.0,3.0,0.167,0.16226415094339622,0.16226415094339622,0.21132075471698114,0.4641509433962264,0.4641509433962264,0.15471698113207547
1628881,Monique Billings,WNBA,2025,Wing,F,26,18.2,7.3,0.5,4.5,0.6,0.8,0.8,5.8,2.0,1.4,0.179,0.31125827814569534,0.36423841059602646,0.08609271523178808,0.23841059602649006,0.23841059602649006,0.3509933774834437
1627669,Moriah Jefferson,WNBA,2025,,,5,7.1,1.4,1.8,1.0,0.0,0.0,0.4,1.6,0.0,0.6,0.125,0.0,0.125,0.5,0.375,0.375,0.0
1642774,Murjanatu Musa,WNBA,2025,,,12,10.1,3.3,0.6,2.6,0.3,0.2,0.6,2.9,0.9,0.2,0.164,0.45714285714285713,0.37142857142857144,0.11428571428571428,0.05714285714285714,0.05714285714285714,0.3142857142857143
1628899,Myisha Hines-Allen,WNBA,2025,Wing,F,40,22.1,7.6,2.9,6.0,0.8,0.5,2.2,6.2,2.1,1.5,0.179,0.4538152610441767,0.22088353413654618,0.08433734939759036,0.24096385542168675,0.24096385542168675,0.3333333333333333
1631019,NaLyssa Smith,WNBA,2025,Wing,F,45,21.2,7.6,0.7,5.1,0.6,0.6,1.1,5.9,2.4,0.6,0.168,0.35580524344569286,0.3782771535580524,0.1647940074906367,0.10112359550561797,0.10112359550561797,0.4044943820224719
1629483,Napheesa Collier,WNBA,2025,Wing,F,33,32.3,22.9,3.2,7.3,1.6,1.5,2.1,15.7,5.2,3.8,0.278,0.27413127413127414,0.3204633204633205,0.16602316602316602,0.23938223938223938,0.23938223938223938,0.3301158301158301
204333,Natasha Cloud,WNBA,2025,Guard,G,41,29.0,10.1,5.1,3.7,1.2,0.3,1.9,8.5,1.7,3.8,0.171,0.25787965616045844,0.18911174785100288,0.11174785100286533,0.44126074498567336,0.44126074498567336,0.1977077363896848
203827,Natasha Howard,WNBA,2025,Wing,F,44,24.1,11.4,1.5,6.6,1.2,0.6,1.9,8.2,3.0,0.8,0.208,0.5386740331491713,0.3149171270718232,0.055248618784530384,0.09116022099447514,0.09116022099447514,0.36464088397790057
1630442,Natasha Mack,WNBA,2025,Big,F-C,34,18.3,4.7,0.9,5.8,0.9,1.5,0.4,3.6,1.1,0.1,0.108,0.4435483870967742,0.4032258064516129,0.12096774193548387,0.03225806451612903,0.03225806451612903,0.2903225806451613
1629567,Natisha Hiedeman,WNBA,2025,Guard,G,44,18.9,9.1,2.8,1.9,0.7,0.2,1.2,7.0,1.5,2.8,0.201,0.33876221498371334,0.18566775244299674,0.07166123778501629,0.40390879478827363,0.40390879478827363,0.2182410423452769
1631044,Naz Hillmon,WNBA,2025,Wing,F,44,25.5,8.6,2.4,6.2,0.5,0.4,1.1,6.8,1.3,3.8,0.148,0.37333333333333335,0.06,0.016666666666666666,0.55,0.55,0.19666666666666666
1628269,Nia Coffey,WNBA,2025,Wing,F,44,10.3,3.9,1.0,2.6,0.2,0.4,0.7,3.3,1.1,1.9,0.19,0.35374149659863946,0.06802721088435375,0.02040816326530612,0.5578231292517006,0.5578231292517006,0.3401360544217687
203014,Nneka Ogwumike,WNBA,2025,Wing,F,44,30.9,18.3,2.3,7.0,1.1,0.4,1.9,14.0,2.7,4.1,0.245,0.23824959481361427,0.2739059967585089,0.19611021069692058,0.2917341977309562,0.2917341977309562,0.1912479740680713
1631055,Nyara Sabally,WNBA,2025,Big,C,17,17.9,5.4,0.8,4.5,0.5,1.0,0.9,4.5,1.5,0.4,0.147,0.5,0.3684210526315789,0.039473684210526314,0.09210526315789473,0.09210526315789473,0.32894736842105265
203824,Odyssey Sims,WNBA,2025,Guard,G,24,27.9,10.1,3.8,2.4,0.7,0.0,1.4,9.0,2.3,2.7,0.178,0.24651162790697675,0.3813953488372093,0.07441860465116279,0.29767441860465116,0.29767441860465116,0.2558139534883721
1631135,Olivia Nelson-Ododa,WNBA,2025,Big,C,37,21.6,8.2,0.9,5.0,0.7,1.2,1.1,5.8,3.0,0.1,0.169,0.4697674418604651,0.2744186046511628,0.24651162790697675,0.009302325581395349,0.009302325581395349,0.5162790697674419
1642784,Paige Bueckers,WNBA,2025,Guard,G,36,33.3,19.2,5.4,3.9,1.6,0.5,2.0,15.1,4.2,3.3,0.241,0.13443830570902393,0.27992633517495397,0.3683241252302026,0.21731123388581952,0.21731123388581952,0.27992633517495397
1627671,Rachel Banham,WNBA,2025,Guard,G,44,24.6,9.0,2.7,1.7,0.6,0.3,1.6,7.7,1.3,5.5,0.174,0.05621301775147929,0.08579881656804733,0.14497041420118342,0.7130177514792899,0.7130177514792899,0.17455621301775148
1630996,Rae Burrell,WNBA,2025,Wing,G-F,28,18.4,7.5,1.2,2.3,0.6,0.2,0.9,6.4,1.7,2.4,0.179,0.38764044943820225,0.20786516853932585,0.028089887640449437,0.37640449438202245,0.37640449438202245,0.2640449438202247
1642796,Rayah Marshall,WNBA,2025,Big,C-F,15,6.0,1.7,0.3,1.7,0.1,0.2,0.5,1.7,0.8,0.1,0.171,0.4230769230769231,0.4230769230769231,0.11538461538461539,0.038461538461538464,0.038461538461538464,0.46153846153846156
204296,Rebecca Allen,WNBA,2025,Wing,F-G,44,18.7,5.1,1.3,2.6,0.5,0.5,0.9,5.5,0.7,3.0,0.151,0.14166666666666666,0.1125,0.19583333333333333,0.55,0.55,0.12916666666666668
203822,Rebekah Gardner,WNBA,2025,Guard,G,41,12.2,3.7,0.6,1.8,0.6,0.2,0.6,2.7,0.7,1.0,0.128,0.4090909090909091,0.18181818181818182,0.02727272727272727,0.38181818181818183,0.38181818181818183,0.24545454545454545
1631009,Rhyne Howard,WNBA,2025,Guard,G,33,34.9,17.5,4.6,4.5,1.5,0.8,1.7,15.1,3.6,9.6,0.229,0.12224448897795591,0.14228456913827656,0.10020040080160321,0.6352705410821643,0.6352705410821643,0.23647294589178355
1642288,Rickea Jackson,WNBA,2025,Wing,F,38,30.9,14.7,1.7,3.2,0.6,0.4,2.1,12.7,2.6,4.9,0.221,0.2774327122153209,0.22981366459627328,0.10559006211180125,0.38716356107660455,0.38716356107660455,0.2028985507246377
1641641,Robyn Parks,WNBA,2025,,,6,10.5,0.3,0.3,1.5,0.3,0.0,0.2,0.8,0.0,0.7,0.039,0.0,0.0,0.2,0.8,0.8,0.0
1629477,Sabrina Ionescu,WNBA,2025,Guard,G,38,31.4,18.2,5.7,4.9,1.3,0.4,2.6,15.1,4.3,7.1,0.273,0.14834205933682373,0.22164048865619546,0.15706806282722513,0.47294938917975565,0.47294938917975565,0.2844677137870855
1628244,Sami Whitcomb,WNBA,2025,Guard,G,43,23.9,9.1,2.5,2.6,0.8,0.2,1.6,7.8,1.3,5.5,0.175,0.13432835820895522,0.1044776119402985,0.050746268656716415,0.7104477611940299,0.7104477611940299,0.16119402985074627
1642790,Sania Feagin,WNBA,2025,Wing,F,16,4.8,1.3,0.3,0.7,0.0,0.4,0.4,1.8,0.1,0.3,0.198,0.42857142857142855,0.39285714285714285,0.03571428571428571,0.14285714285714285,0.14285714285714285,0.07142857142857142
1642809,Saniya Rivers,WNBA,2025,Guard,G,42,26.1,8.8,2.7,2.8,1.5,0.9,1.5,8.3,1.4,3.0,0.173,0.1977077363896848,0.1318051575931232,0.30945558739255014,0.36103151862464183,0.36103151862464183,0.16905444126074498
1642782,Sarah Ashlee Barker,WNBA,2025,Guard,G,34,14.1,3.1,0.9,1.9,0.3,0.1,1.1,3.1,0.7,1.8,0.136,0.25,0.125,0.038461538461538464,0.5865384615384616,0.5865384615384616,0.23076923076923078
1630149,Satou Sabally,WNBA,2025,Wing,F,39,26.6,16.3,2.5,5.9,1.3,0.3,2.0,13.2,4.7,5.4,0.276,0.26407766990291265,0.23883495145631067,0.0912621359223301,0.4058252427184466,0.4058252427184466,0.3592233009708738
1642813,Serena Sundell,WNBA,2025,,,3,7.2,0.0,0.0,0.3,0.0,0.0,0.7,0.3,0.0,0.3,0.056,0.0,0.0,0.0,1.0,1.0,0.0
1642244,Sevgi Uzun,WNBA,2025,Guard,G,25,17.6,3.1,2.5,1.2,0.5,0.1,1.7,3.8,0.6,1.2,0.147,0.15789473684210525,0.3157894736842105,0.21052631578947367,0.3157894736842105,0.3157894736842105,0.16842105263157894
1631022,Shakira Austin,WNBA,2025,Big,F-C,38,23.0,12.7,1.8,6.4,1.1,1.1,2.4,10.8,3.8,0.4,0.283,0.43552311435523117,0.38686131386861317,0.1411192214111922,0.0364963503649635,0.0364963503649635,0.35523114355231145
1628278,Shatori Walker-Kimbrough,WNBA,2025,Guard,G,41,8.6,1.7,0.5,0.9,0.2,0.3,0.4,1.5,0.3,0.8,0.101,0.14285714285714285,0.1111111111111111,0.25396825396825395,0.49206349206349204,0.49206349206349204,0.1746031746031746
203035,Shey Peddy,WNBA,2025,Guard,G,15,17.6,5.1,2.1,1.7,0.4,0.0,0.9,3.7,0.6,2.3,0.115,0.10909090909090909,0.18181818181818182,0.07272727272727272,0.6363636363636364,0.6363636363636364,0.16363636363636364
1631021,Sika Kone,WNBA,2025,Wing,F,19,4.5,1.4,0.3,1.0,0.0,0.0,0.3,1.2,0.7,0.3,0.16,0.4090909090909091,0.3181818181818182,0.045454545454545456,0.22727272727272727,0.22727272727272727,0.5909090909090909
203400,Skylar Diggins,WNBA,2025,Guard,G,43,31.2,15.5,6.0,2.5,1.2,0.8,2.1,12.5,4.4,4.0,0.235,0.19480519480519481,0.3098330241187384,0.17996289424860853,0.31539888682745826,0.31539888682745826,0.35064935064935066
1642785,Sonia Citron,WNBA,2025,Guard,G,44,32.1,14.9,2.4,4.0,1.3,0.4,2.1,10.8,3.4,4.1,0.195,0.22362869198312235,0.22362869198312235,0.16877637130801687,0.38396624472573837,0.38396624472573837,0.3143459915611814
1629482,Sophie Cunningham,WNBA,2025,Guard,G,30,25.2,8.6,1.2,3.5,1.0,0.1,1.1,5.8,1.6,3.9,0.128,0.26857142857142857,0.017142857142857144,0.04,0.6742857142857143,0.6742857142857143,0.2742857142857143
203828,Stefanie Dolson,WNBA,2025,Big,C,43,15.2,3.7,1.4,2.3,0.3,0.3,0.7,3.3,0.5,1.7,0.122,0.176056338028169,0.13380281690140844,0.1619718309859155,0.528169014084507,0.528169014084507,0.14084507042253522
203855,Stephanie Talbot,WNBA,2025,Wing,F,38,14.2,2.9,1.7,2.7,0.5,0.2,1.1,2.7,0.7,1.5,0.124,0.16346153846153846,0.22115384615384615,0.07692307692307693,0.5384615384615384,0.5384615384615384,0.2692307692307692
1630134,Sug Sutton,WNBA,2025,Guard,G,43,26.1,7.4,3.9,1.8,0.8,0.1,1.9,6.6,1.1,2.8,0.152,0.16666666666666666,0.25886524822695034,0.1524822695035461,0.4219858156028369,0.4219858156028369,0.1702127659574468
202641,Sydney Colson,WNBA,2025,Guard,G,30,13.5,2.4,2.0,0.8,0.5,0.2,1.2,2.5,0.2,1.6,0.119,0.11842105263157894,0.07894736842105263,0.18421052631578946,0.618421052631579,0.618421052631579,0.09210526315789473
1642814,Taylor Thierry,WNBA,2025,Wing,G-F,17,2.1,0.4,0.1,0.4,0.2,0.0,0.1,0.6,0.2,0.2,0.163,0.45454545454545453,0.2727272727272727,0.0,0.2727272727272727,0.2727272727272727,0.36363636363636365
1642804,Te-Hina Paopao,WNBA,2025,Guard,G,43,16.7,5.8,2.4,1.6,0.5,0.2,1.0,5.1,0.3,3.1,0.163,0.21100917431192662,0.16055045871559634,0.022935779816513763,0.6055045871559633,0.6055045871559633,0.05963302752293578
1629479,Teaira McCowan,WNBA,2025,,,17,12.9,5.6,0.6,4.6,0.3,0.7,0.9,3.9,1.7,0.1,0.171,0.746268656716418,0.16417910447761194,0.05970149253731343,0.029850746268656716,0.029850746268656716,0.43283582089552236
1627701,Temi Fagbenle,WNBA,2025,Big,C,39,23.7,7.4,1.6,4.9,0.9,0.6,1.5,6.4,0.9,1.6,0.156,0.40562248995983935,0.2289156626506024,0.11646586345381527,0.24899598393574296,0.24899598393574296,0.14457831325301204
203026,Tiffany Hayes,WNBA,2025,Guard,G,26,26.9,11.7,3.0,3.8,0.5,0.2,1.9,9.1,3.1,3.9,0.208,0.25316455696202533,0.28270042194092826,0.0379746835443038,0.42616033755274263,0.42616033755274263,0.33755274261603374
1627676,Tiffany Mitchell,WNBA,2025,Guard,G,39,13.1,3.2,0.3,1.1,0.4,0.2,0.6,2.6,1.2,0.8,0.127,0.24509803921568626,0.3235294117647059,0.13725490196078433,0.29411764705882354,0.29411764705882354,0.46078431372549017
202250,Tina Charles,WNBA,2025,Big,C,43,28.4,16.3,1.7,5.8,0.8,0.4,1.9,13.8,4.6,1.1,0.274,0.28161888701517707,0.3591905564924115,0.28161888701517707,0.0775716694772344,0.0775716694772344,0.3305227655986509
1630112,Tyasha Harris,WNBA,2025,Guard,G,5,16.5,4.6,2.6,1.0,0.4,0.4,0.6,3.6,0.4,2.2,0.111,0.16666666666666666,0.1111111111111111,0.1111111111111111,0.6111111111111112,0.6111111111111112,0.1111111111111111
1631007,Veronica Burton,WNBA,2025,Guard,G,44,29.4,11.9,6.0,4.4,1.1,0.6,2.1,8.8,4.3,4.0,0.194,0.18441558441558442,0.3064935064935065,0.04935064935064935,0.4597402597402597,0.4597402597402597,0.4909090909090909
1628304,Yvonne Anderson,WNBA,2025,,,1,12.4,0.0,2.0,1.0,2.0,0.0,0.0,3.0,0.0,1.0,0.094,0.0,0.3333333333333333,0.3333333333333333,0.3333333333333333,0.3333333333333333,0.0
1641660,Zia Cooke,WNBA,2025,Guard,G,26,10.0,3.5,0.5,0.5,0.4,0.0,0.8,3.2,0.9,1.5,0.192,0.15476190476190477,0.27380952380952384,0.11904761904761904,0.4523809523809524,0.4523809523809524,0.27380952380952384
